goal	target	indicator	seriesCode	seriesDesc	release	geoAreaCode	geoAreaName	parentCode	parentName	type	ISO3	UN_Member	X	Y	unitsCode	unitsDesc	unitmultiplierCode	unitmultiplierDesc	reportingTypeCode	reportingTypeDesc	valueDetails	footnotes	sources	timeDetails	nature	value_2000	value_2005	value_2010	value_2011	value_2012	value_2013	value_2014	value_2015	value_2016	value_2017	value_latest_year	latest_year
3	3.3	3.3.3	SH_STA_MALR	Malaria incidence per 1,000 population at risk (per 1,000 population)	2019.Q2.G.01	004	Afghanistan	034	Southern Asia	Country	AFG	1	66.02688198	33.83160199	PER_1000_POP	Per 1,000 population			G	Global		 	DHS2000		NA: Data nature not available	92.644	28.906	15.915	19.862	11.758	8.746	11.255	14.221	23.003	23.015	23.015	2017
3	3.3	3.3.3	SH_STA_MALR	Malaria incidence per 1,000 population at risk (per 1,000 population)	2019.Q2.G.01	008	Albania	039	Southern Europe	Country	ALB	1	20.06660928	41.13897007																							
3	3.3	3.3.3	SH_STA_MALR	Malaria incidence per 1,000 population at risk (per 1,000 population)	2019.Q2.G.01	010	Antarctica	001	World	Country	ATA	0	21.47585697	-80.40897662																							
3	3.3	3.3.3	SH_STA_MALR	Malaria incidence per 1,000 population at risk (per 1,000 population)	2019.Q2.G.01	012	Algeria	015	Northern Africa	Country	DZA	1	2.678164227	28.15940032	PER_1000_POP	Per 1,000 population			G	Global		 	DHS2000		NA: Data nature not available	0.295	0.153	0.0	0.0	0.025	0.004	0.0	0.0	0.0	0.0	0.0	2017
3	3.3	3.3.3	SH_STA_MALR	Malaria incidence per 1,000 population at risk (per 1,000 population)	2019.Q2.G.01	016	American Samoa	061	Polynesia	Country	ASM	0	-170.7187269	-14.30587306																							
3	3.3	3.3.3	SH_STA_MALR	Malaria incidence per 1,000 population at risk (per 1,000 population)	2019.Q2.G.01	020	Andorra	039	Southern Europe	Country	AND	1	1.576257417	42.54548611																							
3	3.3	3.3.3	SH_STA_MALR	Malaria incidence per 1,000 population at risk (per 1,000 population)	2019.Q2.G.01	024	Angola	017	Middle Africa	Country	AGO	1	17.57817062	-12.33724746	PER_1000_POP	Per 1,000 population			G	Global		 	DHS2000		NA: Data nature not available	222.39	210.66	133.762	125.543	123.994	130.2	139.971	154.476	155.658	154.968	154.968	2017
3	3.3	3.3.3	SH_STA_MALR	Malaria incidence per 1,000 population at risk (per 1,000 population)	2019.Q2.G.01	028	Antigua and Barbuda	029	Caribbean	Country	ATG	1	-61.7999755	17.07761471																							
3	3.3	3.3.3	SH_STA_MALR	Malaria incidence per 1,000 population at risk (per 1,000 population)	2019.Q2.G.01	031	Azerbaijan	145	Western Asia	Country	AZE	1	50.01064725	40.39229544	PER_1000_POP	Per 1,000 population			G	Global		 	DHS2000		NA: Data nature not available	8.168	1.232	0.241	0.019	0.014	0.0	0.0	0.0	0.0	0.0	0.0	2017
3	3.3	3.3.3	SH_STA_MALR	Malaria incidence per 1,000 population at risk (per 1,000 population)	2019.Q2.G.01	032	Argentina	005	South America	Country	ARG	1	-65.14563274	-35.19446255	PER_1000_POP	Per 1,000 population			G	Global		 	DHS2000		NA: Data nature not available	2.375	1.288	0.068	0.0	0.0	0.0	0.0	0.0	0.0	0.0	0.0	2017
3	3.3	3.3.3	SH_STA_MALR	Malaria incidence per 1,000 population at risk (per 1,000 population)	2019.Q2.G.01	036	Australia	053	Australia and New Zealand	Country	AUS	1	134.3499412	-25.57717202																							
3	3.3	3.3.3	SH_STA_MALR	Malaria incidence per 1,000 population at risk (per 1,000 population)	2019.Q2.G.01	040	Austria	155	Western Europe	Country	AUT	1	14.14172472	47.58704857																							
3	3.3	3.3.3	SH_STA_MALR	Malaria incidence per 1,000 population at risk (per 1,000 population)	2019.Q2.G.01	044	Bahamas	029	Caribbean	Country	BHS	1	-78.05111663	24.69546597																							
3	3.3	3.3.3	SH_STA_MALR	Malaria incidence per 1,000 population at risk (per 1,000 population)	2019.Q2.G.01	048	Bahrain	145	Western Asia	Country	BHR	1	50.5490754	26.04407747																							
3	3.3	3.3.3	SH_STA_MALR	Malaria incidence per 1,000 population at risk (per 1,000 population)	2019.Q2.G.01	050	Bangladesh	034	Southern Asia	Country	BGD	1	89.17660788	22.86961622	PER_1000_POP	Per 1,000 population			G	Global		 	DHS2000		NA: Data nature not available	5.55	5.55	6.962	6.182	2.11	1.477	3.147	2.593	1.779	1.859	1.859	2017
3	3.3	3.3.3	SH_STA_MALR	Malaria incidence per 1,000 population at risk (per 1,000 population)	2019.Q2.G.01	051	Armenia	145	Western Asia	Country	ARM	1	44.93839317	40.29499741	PER_1000_POP	Per 1,000 population			G	Global		 	DHS2000		NA: Data nature not available	0.046	0.002	0.0	0.0	0.0	0.0	0.0	0.0	0.0	0.0	0.0	2017
3	3.3	3.3.3	SH_STA_MALR	Malaria incidence per 1,000 population at risk (per 1,000 population)	2019.Q2.G.01	052	Barbados	029	Caribbean	Country	BRB	1	-59.5346489	13.13648273																							
3	3.3	3.3.3	SH_STA_MALR	Malaria incidence per 1,000 population at risk (per 1,000 population)	2019.Q2.G.01	056	Belgium	155	Western Europe	Country	BEL	1	4.660976456	50.64104975																							
3	3.3	3.3.3	SH_STA_MALR	Malaria incidence per 1,000 population at risk (per 1,000 population)	2019.Q2.G.01	060	Bermuda	021	Northern America	Country	BMU	0	-64.78155012	32.27881922																							
3	3.3	3.3.3	SH_STA_MALR	Malaria incidence per 1,000 population at risk (per 1,000 population)	2019.Q2.G.01	064	Bhutan	034	Southern Asia	Country	BTN	1	90.45098484	27.39598568	PER_1000_POP	Per 1,000 population			G	Global		 	DHS2000		NA: Data nature not available	13.987	3.756	0.977	0.416	0.0	0.026	0.033	0.058	0.025	0.018	0.018	2017
3	3.3	3.3.3	SH_STA_MALR	Malaria incidence per 1,000 population at risk (per 1,000 population)	2019.Q2.G.01	068	Bolivia (Plurinational State of)	005	South America	Country	BOL	1	-64.66224284	-16.71273412	PER_1000_POP	Per 1,000 population			G	Global		 	DHS2000		NA: Data nature not available	11.697	7.073	4.359	2.225	2.483	2.407	2.402	2.013	1.598	1.299	1.299	2017
3	3.3	3.3.3	SH_STA_MALR	Malaria incidence per 1,000 population at risk (per 1,000 population)	2019.Q2.G.01	070	Bosnia and Herzegovina	039	Southern Europe	Country	BIH	1	17.78584332	44.16845548																							
3	3.3	3.3.3	SH_STA_MALR	Malaria incidence per 1,000 population at risk (per 1,000 population)	2019.Q2.G.01	072	Botswana	018	Southern Africa	Country	BWA	1	23.81380223	-22.18810073	PER_1000_POP	Per 1,000 population			G	Global		 	DHS2000		NA: Data nature not available	22.822	2.05	2.3	0.499	0.218	0.514	1.436	0.354	0.771	1.967	1.967	2017
3	3.3	3.3.3	SH_STA_MALR	Malaria incidence per 1,000 population at risk (per 1,000 population)	2019.Q2.G.01	074	Bouvet Island	005	South America	Country	BVT	0	3.410732868	-54.43295905																							
3	3.3	3.3.3	SH_STA_MALR	Malaria incidence per 1,000 population at risk (per 1,000 population)	2019.Q2.G.01	076	Brazil	005	South America	Country	BRA	1	-53.08432878	-10.77668561	PER_1000_POP	Per 1,000 population			G	Global		 	DHS2000		NA: Data nature not available	21.228	17.185	9.628	6.976	6.279	4.726	3.538	3.802	3.169	5.129	5.129	2017
3	3.3	3.3.3	SH_STA_MALR	Malaria incidence per 1,000 population at risk (per 1,000 population)	2019.Q2.G.01	084	Belize	013	Central America	Country	BLZ	1	-88.70199554	17.19965901	PER_1000_POP	Per 1,000 population			G	Global		 	DHS2000		NA: Data nature not available	8.708	7.925	0.676	0.317	0.142	0.084	0.078	0.036	0.016	0.027	0.027	2017
3	3.3	3.3.3	SH_STA_MALR	Malaria incidence per 1,000 population at risk (per 1,000 population)	2019.Q2.G.01	086	British Indian Ocean Territory	014	Eastern Africa	Country	IOT	0	72.38715553	-7.299281071																							
3	3.3	3.3.3	SH_STA_MALR	Malaria incidence per 1,000 population at risk (per 1,000 population)	2019.Q2.G.01	090	Solomon Islands	054	Melanesia	Country	SLB	1	160.1584117	-9.622391719	PER_1000_POP	Per 1,000 population			G	Global		 	DHS2000		NA: Data nature not available	623.241	613.824	174.97	117.325	95.64	96.238	53.692	68.631	142.31	170.98	170.98	2017
3	3.3	3.3.3	SH_STA_MALR	Malaria incidence per 1,000 population at risk (per 1,000 population)	2019.Q2.G.01	092	British Virgin Islands	029	Caribbean	Country	VGB	0	-64.63294223	18.42256578																							
3	3.3	3.3.3	SH_STA_MALR	Malaria incidence per 1,000 population at risk (per 1,000 population)	2019.Q2.G.01	096	Brunei Darussalam	035	South-Eastern Asia	Country	BRN	1	114.6288563	4.49736984																							
3	3.3	3.3.3	SH_STA_MALR	Malaria incidence per 1,000 population at risk (per 1,000 population)	2019.Q2.G.01	100	Bulgaria	151	Eastern Europe	Country	BGR	1	25.23763153	42.75731323																							
3	3.3	3.3.3	SH_STA_MALR	Malaria incidence per 1,000 population at risk (per 1,000 population)	2019.Q2.G.01	104	Myanmar	035	South-Eastern Asia	Country	MMR	1	96.51752295	21.19332882	PER_1000_POP	Per 1,000 population			G	Global		 	DHS2000		NA: Data nature not available	49.335	49.335	67.64	43.949	62.551	23.156	15.536	13.629	8.342	3.676	3.676	2017
3	3.3	3.3.3	SH_STA_MALR	Malaria incidence per 1,000 population at risk (per 1,000 population)	2019.Q2.G.01	108	Burundi	014	Eastern Africa	Country	BDI	1	29.89080992	-3.366387428	PER_1000_POP	Per 1,000 population			G	Global		 	DHS2000		NA: Data nature not available	418.615	269.709	183.523	171.052	161.09	160.342	170.654	191.912	195.104	194.497	194.497	2017
3	3.3	3.3.3	SH_STA_MALR	Malaria incidence per 1,000 population at risk (per 1,000 population)	2019.Q2.G.01	112	Belarus	151	Eastern Europe	Country	BLR	1	28.04940161	53.54193075																							
3	3.3	3.3.3	SH_STA_MALR	Malaria incidence per 1,000 population at risk (per 1,000 population)	2019.Q2.G.01	116	Cambodia	035	South-Eastern Asia	Country	KHM	1	104.922836	12.71163737	PER_1000_POP	Per 1,000 population			G	Global		 	DHS2000		NA: Data nature not available	100.54	27.671	35.713	36.659	25.509	16.308	22.878	20.49	11.443	18.401	18.401	2017
3	3.3	3.3.3	SH_STA_MALR	Malaria incidence per 1,000 population at risk (per 1,000 population)	2019.Q2.G.01	120	Cameroon	017	Middle Africa	Country	CMR	1	12.7419827	5.692387031	PER_1000_POP	Per 1,000 population			G	Global		 	DHS2000		NA: Data nature not available	376.931	456.226	268.462	266.185	292.568	321.406	327.469	316.337	306.161	303.8	303.8	2017
3	3.3	3.3.3	SH_STA_MALR	Malaria incidence per 1,000 population at risk (per 1,000 population)	2019.Q2.G.01	124	Canada	021	Northern America	Country	CAN	1	-101.6575058	57.72360191																							
3	3.3	3.3.3	SH_STA_MALR	Malaria incidence per 1,000 population at risk (per 1,000 population)	2019.Q2.G.01	132	Cabo Verde	011	Western Africa	Country	CPV	1	-23.63544151	15.07791834	PER_1000_POP	Per 1,000 population			G	Global		 	DHS2000		NA: Data nature not available	1.273	0.551	0.36	0.053	0.007	0.163	0.19	0.051	0.342	2.978	2.978	2017
3	3.3	3.3.3	SH_STA_MALR	Malaria incidence per 1,000 population at risk (per 1,000 population)	2019.Q2.G.01	136	Cayman Islands	029	Caribbean	Country	CYM	0	-81.16740559	19.32266656																							
3	3.3	3.3.3	SH_STA_MALR	Malaria incidence per 1,000 population at risk (per 1,000 population)	2019.Q2.G.01	140	Central African Republic	017	Middle Africa	Country	CAF	1	20.93559492	7.003720791	PER_1000_POP	Per 1,000 population			G	Global		 	DHS2000		NA: Data nature not available	395.734	466.645	481.258	473.341	450.692	419.054	395.734	386.746	387.547	387.318	387.318	2017
3	3.3	3.3.3	SH_STA_MALR	Malaria incidence per 1,000 population at risk (per 1,000 population)	2019.Q2.G.01	144	Sri Lanka	034	Southern Asia	Country	LKA	1	80.70489654	7.614693343	PER_1000_POP	Per 1,000 population			G	Global		 	DHS2000		NA: Data nature not available	48.622	0.365	0.147	0.027	0.005	0.0	0.0	0.0	0.0	0.0	0.0	2017
3	3.3	3.3.3	SH_STA_MALR	Malaria incidence per 1,000 population at risk (per 1,000 population)	2019.Q2.G.01	148	Chad	017	Middle Africa	Country	TCD	1	18.66618401	15.36279341	PER_1000_POP	Per 1,000 population			G	Global		 	DHS2000		NA: Data nature not available	220.963	247.294	305.763	293.364	262.301	226.934	208.427	194.145	188.18	188.608	188.608	2017
3	3.3	3.3.3	SH_STA_MALR	Malaria incidence per 1,000 population at risk (per 1,000 population)	2019.Q2.G.01	152	Chile	005	South America	Country	CHL	1	-71.23029019	-35.2652885																							
3	3.3	3.3.3	SH_STA_MALR	Malaria incidence per 1,000 population at risk (per 1,000 population)	2019.Q2.G.01	156	China	030	Eastern Asia	Country	CHN	1	104.1403375	32.30955217	PER_1000_POP	Per 1,000 population			G	Global		 	DHS2000		NA: Data nature not available	0.015	0.039	0.009	0.006	0.0	0.0	0.0	0.0	0.0	0.0	0.0	2017
3	3.3	3.3.3	SH_STA_MALR	Malaria incidence per 1,000 population at risk (per 1,000 population)	2019.Q2.G.01	162	Christmas Island	053	Australia and New Zealand	Country	CXR	0	105.6426067	-10.4882473																							
3	3.3	3.3.3	SH_STA_MALR	Malaria incidence per 1,000 population at risk (per 1,000 population)	2019.Q2.G.01	166	Cocos (Keeling) Islands	053	Australia and New Zealand	Country	CCK	0	96.82633757	-12.18600682																							
3	3.3	3.3.3	SH_STA_MALR	Malaria incidence per 1,000 population at risk (per 1,000 population)	2019.Q2.G.01	170	Colombia	005	South America	Country	COL	1	-73.07446751	3.888209046	PER_1000_POP	Per 1,000 population			G	Global		 	DHS2000		NA: Data nature not available	23.361	17.325	16.12	8.153	8.08	6.874	5.37	6.786	10.688	7.398	7.398	2017
3	3.3	3.3.3	SH_STA_MALR	Malaria incidence per 1,000 population at risk (per 1,000 population)	2019.Q2.G.01	174	Comoros	014	Eastern Africa	Country	COM	1	43.34234565	-11.66121732	PER_1000_POP	Per 1,000 population			G	Global		 	DHS2000		NA: Data nature not available	65.103	57.774	52.977	35.178	68.853	71.687	2.901	1.672	1.437	3.968	3.968	2017
3	3.3	3.3.3	SH_STA_MALR	Malaria incidence per 1,000 population at risk (per 1,000 population)	2019.Q2.G.01	175	Mayotte	014	Eastern Africa	Country	MYT	0	45.14015057	-12.82217691	PER_1000_POP	Per 1,000 population			G	Global		 	DHS2000		NA: Data nature not available	0.0	29.274	9.103	1.967	1.131	0.04	0.039	0.0	0.443	0.0	0.0	2017
3	3.3	3.3.3	SH_STA_MALR	Malaria incidence per 1,000 population at risk (per 1,000 population)	2019.Q2.G.01	178	Congo	011	Western Africa	Country	COG	1	15.22052612	-0.840544119	PER_1000_POP	Per 1,000 population			G	Global		 	DHS2000		NA: Data nature not available	344.877	306.856	190.535	190.826	197.803	205.393	208.947	208.989	201.079	197.635	197.635	2017
3	3.3	3.3.3	SH_STA_MALR	Malaria incidence per 1,000 population at risk (per 1,000 population)	2019.Q2.G.01	180	Democratic Republic of the Congo	017	Middle Africa	Country	COD	1	23.65496507	-2.877154732	PER_1000_POP	Per 1,000 population			G	Global		 	DHS2000		NA: Data nature not available	463.534	515.607	367.18	337.79	323.026	315.334	312.405	317.073	310.59	307.621	307.621	2017
3	3.3	3.3.3	SH_STA_MALR	Malaria incidence per 1,000 population at risk (per 1,000 population)	2019.Q2.G.01	184	Cook Islands	061	Polynesia	Country	COK	0	-159.7711391	-21.22696458																							
3	3.3	3.3.3	SH_STA_MALR	Malaria incidence per 1,000 population at risk (per 1,000 population)	2019.Q2.G.01	188	Costa Rica	013	Central America	Country	CRI	1	-84.19712782	9.970998683	PER_1000_POP	Per 1,000 population			G	Global		 	DHS2000		NA: Data nature not available	1.368	2.382	0.069	0.006	0.004	0.0	0.0	0.0	0.002	0.007	0.007	2017
3	3.3	3.3.3	SH_STA_MALR	Malaria incidence per 1,000 population at risk (per 1,000 population)	2019.Q2.G.01	191	Croatia	039	Southern Europe	Country	HRV	1	17.95874553	45.45172212																							
3	3.3	3.3.3	SH_STA_MALR	Malaria incidence per 1,000 population at risk (per 1,000 population)	2019.Q2.G.01	192	Cuba	029	Caribbean	Country	CUB	1	-79.54460144	22.10030366																							
3	3.3	3.3.3	SH_STA_MALR	Malaria incidence per 1,000 population at risk (per 1,000 population)	2019.Q2.G.01	196	Cyprus	145	Western Asia	Country	CYP	1	33.22285964	35.05659437																							
3	3.3	3.3.3	SH_STA_MALR	Malaria incidence per 1,000 population at risk (per 1,000 population)	2019.Q2.G.01	203	Czechia	151	Eastern Europe	Country	CZE	1	15.33151382	49.73913871																							
3	3.3	3.3.3	SH_STA_MALR	Malaria incidence per 1,000 population at risk (per 1,000 population)	2019.Q2.G.01	204	Benin	011	Western Africa	Country	BEN	1	2.339933594	9.65401646	PER_1000_POP	Per 1,000 population			G	Global		 	DHS2000		NA: Data nature not available	368.653	446.668	403.663	371.633	339.975	321.801	329.317	358.152	368.57	367.914	367.914	2017
3	3.3	3.3.3	SH_STA_MALR	Malaria incidence per 1,000 population at risk (per 1,000 population)	2019.Q2.G.01	208	Denmark	154	Northern Europe	Country	DNK	1	9.326571283	56.03829721																							
3	3.3	3.3.3	SH_STA_MALR	Malaria incidence per 1,000 population at risk (per 1,000 population)	2019.Q2.G.01	212	Dominica	029	Caribbean	Country	DMA	1	-61.3493756	15.43391378																							
3	3.3	3.3.3	SH_STA_MALR	Malaria incidence per 1,000 population at risk (per 1,000 population)	2019.Q2.G.01	214	Dominican Republic	029	Caribbean	Country	DOM	1	-70.49847576	18.89832088	PER_1000_POP	Per 1,000 population			G	Global		 	DHS2000		NA: Data nature not available	0.308	0.928	0.779	0.364	0.212	0.127	0.095	0.13	0.153	0.068	0.068	2017
3	3.3	3.3.3	SH_STA_MALR	Malaria incidence per 1,000 population at risk (per 1,000 population)	2019.Q2.G.01	218	Ecuador	005	South America	Country	ECU	1	-78.37005241	-1.447785891	PER_1000_POP	Per 1,000 population			G	Global		 	DHS2000		NA: Data nature not available	284.026	42.596	4.338	2.756	1.211	0.806	0.522	1.314	2.494	2.632	2.632	2017
3	3.3	3.3.3	SH_STA_MALR	Malaria incidence per 1,000 population at risk (per 1,000 population)	2019.Q2.G.01	222	El Salvador	013	Central America	Country	SLV	1	-88.86862995	13.73603564	PER_1000_POP	Per 1,000 population			G	Global		 	DHS2000		NA: Data nature not available	0.632	0.055	0.015	0.007	0.01	0.005	0.005	0.002	0.009	0.0	0.0	2017
3	3.3	3.3.3	SH_STA_MALR	Malaria incidence per 1,000 population at risk (per 1,000 population)	2019.Q2.G.01	226	Equatorial Guinea	017	Middle Africa	Country	GNQ	1	10.46535826	1.565792376	PER_1000_POP	Per 1,000 population			G	Global		 	DHS2000		NA: Data nature not available	397.644	518.225	401.26	484.152	471.92	458.175	366.018	356.285	349.864	343.256	343.256	2017
3	3.3	3.3.3	SH_STA_MALR	Malaria incidence per 1,000 population at risk (per 1,000 population)	2019.Q2.G.01	231	Ethiopia	014	Eastern Africa	Country	ETH	1	39.63505296	8.631223181	PER_1000_POP	Per 1,000 population			G	Global		 	DHS2000		NA: Data nature not available	110.771	161.222	129.131	83.203	83.316	80.187	57.784	53.486	42.038	37.367	37.367	2017
3	3.3	3.3.3	SH_STA_MALR	Malaria incidence per 1,000 population at risk (per 1,000 population)	2019.Q2.G.01	232	Eritrea	014	Eastern Africa	Country	ERI	1	38.11074289	16.12894644	PER_1000_POP	Per 1,000 population			G	Global		 	DHS2000		NA: Data nature not available	13.648	6.974	19.01	17.136	11.507	10.602	23.112	13.24	17.471	22.871	22.871	2017
3	3.3	3.3.3	SH_STA_MALR	Malaria incidence per 1,000 population at risk (per 1,000 population)	2019.Q2.G.01	233	Estonia	154	Northern Europe	Country	EST	1	25.84093481	58.68487172																							
3	3.3	3.3.3	SH_STA_MALR	Malaria incidence per 1,000 population at risk (per 1,000 population)	2019.Q2.G.01	234	Faroe Islands	154	Northern Europe	Country	FRO	0	-7.122044325	62.21228119																							
3	3.3	3.3.3	SH_STA_MALR	Malaria incidence per 1,000 population at risk (per 1,000 population)	2019.Q2.G.01	238	Falkland Islands (Malvinas)	005	South America	Country	FLK	0	-58.75246778	-51.74562601																							
3	3.3	3.3.3	SH_STA_MALR	Malaria incidence per 1,000 population at risk (per 1,000 population)	2019.Q2.G.01	239	South Georgia and the South Sandwich Islands	005	South America	Country	SGS	0	-36.90662765	-54.20736749																							
3	3.3	3.3.3	SH_STA_MALR	Malaria incidence per 1,000 population at risk (per 1,000 population)	2019.Q2.G.01	242	Fiji	054	Melanesia	Country	FJI	1	177.9660884	-17.83301566																							
3	3.3	3.3.3	SH_STA_MALR	Malaria incidence per 1,000 population at risk (per 1,000 population)	2019.Q2.G.01	246	Finland	154	Northern Europe	Country	FIN	1	23.308447	61.91586738																							
3	3.3	3.3.3	SH_STA_MALR	Malaria incidence per 1,000 population at risk (per 1,000 population)	2019.Q2.G.01	248	Åland Islands	154	Northern Europe	Country	ALA	0	19.80945969	60.1544901																							
3	3.3	3.3.3	SH_STA_MALR	Malaria incidence per 1,000 population at risk (per 1,000 population)	2019.Q2.G.01	250	France	155	Western Europe	Country	FRA	1	2.457288129	46.62660861																							
3	3.3	3.3.3	SH_STA_MALR	Malaria incidence per 1,000 population at risk (per 1,000 population)	2019.Q2.G.01	254	French Guiana	005	South America	Country	GUF	0	-53.23619089	3.922673437	PER_1000_POP	Per 1,000 population			G	Global		 	DHS2000		NA: Data nature not available	54.488	38.866	17.172	11.498	8.348	8.629	4.041	3.343	1.894	4.711	4.711	2017
3	3.3	3.3.3	SH_STA_MALR	Malaria incidence per 1,000 population at risk (per 1,000 population)	2019.Q2.G.01	258	French Polynesia	061	Polynesia	Country	PYF	0	-149.4052367	-17.67709294																							
3	3.3	3.3.3	SH_STA_MALR	Malaria incidence per 1,000 population at risk (per 1,000 population)	2019.Q2.G.01	260	French Southern Territories	014	Eastern Africa	Country	ATF	0	69.64849091	-49.6068576																							
3	3.3	3.3.3	SH_STA_MALR	Malaria incidence per 1,000 population at risk (per 1,000 population)	2019.Q2.G.01	262	Djibouti	014	Eastern Africa	Country	DJI	1	42.18274707	11.56004161	PER_1000_POP	Per 1,000 population			G	Global		 	DHS2000		NA: Data nature not available		1.055	2.373	0.0	0.057	3.756	20.696	20.429	29.297	31.902	31.902	2017
3	3.3	3.3.3	SH_STA_MALR	Malaria incidence per 1,000 population at risk (per 1,000 population)	2019.Q2.G.01	266	Gabon	017	Middle Africa	Country	GAB	1	11.78727747	-0.60687619	PER_1000_POP	Per 1,000 population			G	Global		 	DHS2000		NA: Data nature not available	327.938	146.221	174.2	182.087	185.593	186.633	182.05	172.603	169.107	168.868	168.868	2017
3	3.3	3.3.3	SH_STA_MALR	Malaria incidence per 1,000 population at risk (per 1,000 population)	2019.Q2.G.01	268	Georgia	145	Western Asia	Country	GEO	1	43.3713615	42.04813028	PER_1000_POP	Per 1,000 population			G	Global		 	DHS2000		NA: Data nature not available	5.188	3.455	0.0	0.0	0.0	0.0	0.0	0.0	0.0	0.0	0.0	2017
3	3.3	3.3.3	SH_STA_MALR	Malaria incidence per 1,000 population at risk (per 1,000 population)	2019.Q2.G.01	270	Gambia	011	Western Africa	Country	GMB	1	-15.39944785	13.45295927	PER_1000_POP	Per 1,000 population			G	Global		 	DHS2000		NA: Data nature not available	377.943	322.08	275.082	277.028	295.115	253.838	152.008	208.632	124.592	56.672	56.672	2017
3	3.3	3.3.3	SH_STA_MALR	Malaria incidence per 1,000 population at risk (per 1,000 population)	2019.Q2.G.01	275	State of Palestine	145	Western Asia	Country	PSE	0	35.25694122	31.94347933																							
3	3.3	3.3.3	SH_STA_MALR	Malaria incidence per 1,000 population at risk (per 1,000 population)	2019.Q2.G.01	276	Germany	155	Western Europe	Country	DEU	1	10.3806066	51.08862743																							
3	3.3	3.3.3	SH_STA_MALR	Malaria incidence per 1,000 population at risk (per 1,000 population)	2019.Q2.G.01	288	Ghana	011	Western Africa	Country	GHA	1	-1.205623522	7.964825185	PER_1000_POP	Per 1,000 population			G	Global		 	DHS2000		NA: Data nature not available	405.084	321.722	374.154	368.252	349.922	324.605	300.899	272.404	271.315	270.692	270.692	2017
3	3.3	3.3.3	SH_STA_MALR	Malaria incidence per 1,000 population at risk (per 1,000 population)	2019.Q2.G.01	292	Gibraltar	039	Southern Europe	Country	GIB	0	-5.347561686	36.13895036																							
3	3.3	3.3.3	SH_STA_MALR	Malaria incidence per 1,000 population at risk (per 1,000 population)	2019.Q2.G.01	296	Kiribati	057	Micronesia	Country	KIR	1	-157.5643005	1.768837732																							
3	3.3	3.3.3	SH_STA_MALR	Malaria incidence per 1,000 population at risk (per 1,000 population)	2019.Q2.G.01	300	Greece	039	Southern Europe	Country	GRC	1	22.58307827	39.47301873																							
3	3.3	3.3.3	SH_STA_MALR	Malaria incidence per 1,000 population at risk (per 1,000 population)	2019.Q2.G.01	304	Greenland	021	Northern America	Country	GRL	0	-41.39371316	74.75625681																							
3	3.3	3.3.3	SH_STA_MALR	Malaria incidence per 1,000 population at risk (per 1,000 population)	2019.Q2.G.01	308	Grenada	029	Caribbean	Country	GRD	1	-61.68248568	12.11238395																							
3	3.3	3.3.3	SH_STA_MALR	Malaria incidence per 1,000 population at risk (per 1,000 population)	2019.Q2.G.01	312	Guadeloupe	029	Caribbean	Country	GLP	0	-61.64762115	16.14416917																							
3	3.3	3.3.3	SH_STA_MALR	Malaria incidence per 1,000 population at risk (per 1,000 population)	2019.Q2.G.01	316	Guam	057	Micronesia	Country	GUM	0	144.7029305	13.35485404																							
3	3.3	3.3.3	SH_STA_MALR	Malaria incidence per 1,000 population at risk (per 1,000 population)	2019.Q2.G.01	320	Guatemala	013	Central America	Country	GTM	1	-91.2312746	15.00273719	PER_1000_POP	Per 1,000 population			G	Global		 	DHS2000		NA: Data nature not available	8.041	5.139	0.864	0.765	0.589	0.67	0.596	0.703	0.489	0.371	0.371	2017
3	3.3	3.3.3	SH_STA_MALR	Malaria incidence per 1,000 population at risk (per 1,000 population)	2019.Q2.G.01	324	Guinea	011	Western Africa	Country	GIN	1	-11.28173419	11.00210343	PER_1000_POP	Per 1,000 population			G	Global		 	DHS2000		NA: Data nature not available	452.454	395.9	402.824	403.781	394.701	376.623	360.464	347.771	338.65	336.723	336.723	2017
3	3.3	3.3.3	SH_STA_MALR	Malaria incidence per 1,000 population at risk (per 1,000 population)	2019.Q2.G.01	328	Guyana	005	South America	Country	GUY	1	-58.97322037	4.788012784	PER_1000_POP	Per 1,000 population			G	Global		 	DHS2000		NA: Data nature not available	44.334	72.187	43.742	54.573	57.511	75.119	28.93	23.224	28.589	32.028	32.028	2017
3	3.3	3.3.3	SH_STA_MALR	Malaria incidence per 1,000 population at risk (per 1,000 population)	2019.Q2.G.01	332	Haiti	029	Caribbean	Country	HTI	1	-72.33640958	18.40426539	PER_1000_POP	Per 1,000 population			G	Global		 	DHS2000		NA: Data nature not available	9.264	9.264	9.264	8.752	6.335	5.151	3.383	3.258	3.622	3.263	3.263	2017
3	3.3	3.3.3	SH_STA_MALR	Malaria incidence per 1,000 population at risk (per 1,000 population)	2019.Q2.G.01	334	Heard Island and McDonald Islands	053	Australia and New Zealand	Country	HMD	0	73.52633626	-53.09106147																							
3	3.3	3.3.3	SH_STA_MALR	Malaria incidence per 1,000 population at risk (per 1,000 population)	2019.Q2.G.01	336	Holy See	039	Southern Europe	Country	VAT	0	12.45315803	41.90343751																							
3	3.3	3.3.3	SH_STA_MALR	Malaria incidence per 1,000 population at risk (per 1,000 population)	2019.Q2.G.01	340	Honduras	013	Central America	Country	HND	1	-86.59974381	14.82243161	PER_1000_POP	Per 1,000 population			G	Global		 	DHS2000		NA: Data nature not available	8.595	3.452	1.766	1.318	1.109	0.919	0.562	0.585	0.719	0.202	0.202	2017
3	3.3	3.3.3	SH_STA_MALR	Malaria incidence per 1,000 population at risk (per 1,000 population)	2019.Q2.G.01	344	China, Hong Kong Special Administrative Region	030	Eastern Asia	Country	HKG	0	114.0266445	22.41749934																							
3	3.3	3.3.3	SH_STA_MALR	Malaria incidence per 1,000 population at risk (per 1,000 population)	2019.Q2.G.01	348	Hungary	151	Eastern Europe	Country	HUN	1	19.41221519	47.1651448																							
3	3.3	3.3.3	SH_STA_MALR	Malaria incidence per 1,000 population at risk (per 1,000 population)	2019.Q2.G.01	352	Iceland	154	Northern Europe	Country	ISL	1	-19.02116966	64.79134763																							
3	3.3	3.3.3	SH_STA_MALR	Malaria incidence per 1,000 population at risk (per 1,000 population)	2019.Q2.G.01	356	India	034	Southern Asia	Country	IND	1	79.3608464	22.34642074	PER_1000_POP	Per 1,000 population			G	Global		 	DHS2000		NA: Data nature not available	22.776	23.207	17.814	15.032	12.047	9.382	9.449	9.972	10.204	7.664	7.664	2017
3	3.3	3.3.3	SH_STA_MALR	Malaria incidence per 1,000 population at risk (per 1,000 population)	2019.Q2.G.01	360	Indonesia	035	South-Eastern Asia	Country	IDN	1	113.9174	-0.994582204	PER_1000_POP	Per 1,000 population			G	Global		 	DHS2000		NA: Data nature not available	8.252	9.893	11.257	10.128	9.939	8.07	5.848	4.977	4.953	5.798	5.798	2017
3	3.3	3.3.3	SH_STA_MALR	Malaria incidence per 1,000 population at risk (per 1,000 population)	2019.Q2.G.01	364	Iran (Islamic Republic of)	034	Southern Asia	Country	IRN	1	54.19766348	32.74370885	PER_1000_POP	Per 1,000 population			G	Global		 	DHS2000		NA: Data nature not available	29.189	26.368	2.425	2.117	0.968	0.606	0.447	0.206	0.099	0.072	0.072	2017
3	3.3	3.3.3	SH_STA_MALR	Malaria incidence per 1,000 population at risk (per 1,000 population)	2019.Q2.G.01	368	Iraq	145	Western Asia	Country	IRQ	1	43.76606267	33.05013795	PER_1000_POP	Per 1,000 population			G	Global		 	DHS2000		NA: Data nature not available	0.607	0.013	0.0	0.0	0.0	0.0	0.0	0.0	0.0	0.0	0.0	2017
3	3.3	3.3.3	SH_STA_MALR	Malaria incidence per 1,000 population at risk (per 1,000 population)	2019.Q2.G.01	372	Ireland	154	Northern Europe	Country	IRL	1	-7.121425272	53.25274054																							
3	3.3	3.3.3	SH_STA_MALR	Malaria incidence per 1,000 population at risk (per 1,000 population)	2019.Q2.G.01	376	Israel	145	Western Asia	Country	ISR	1	34.62277992	31.06164552																							
3	3.3	3.3.3	SH_STA_MALR	Malaria incidence per 1,000 population at risk (per 1,000 population)	2019.Q2.G.01	380	Italy	039	Southern Europe	Country	ITA	1	12.57022427	42.79917282																							
3	3.3	3.3.3	SH_STA_MALR	Malaria incidence per 1,000 population at risk (per 1,000 population)	2019.Q2.G.01	384	Côte d'Ivoire	011	Western Africa	Country	CIV	1	-5.552690016	7.62211586	PER_1000_POP	Per 1,000 population			G	Global		 	DHS2000		NA: Data nature not available	514.616	390.232	389.183	360.173	275.846	197.23	159.458	146.946	140.1	138.857	138.857	2017
3	3.3	3.3.3	SH_STA_MALR	Malaria incidence per 1,000 population at risk (per 1,000 population)	2019.Q2.G.01	388	Jamaica	029	Caribbean	Country	JAM	1	-77.31068409	18.15616857																							
3	3.3	3.3.3	SH_STA_MALR	Malaria incidence per 1,000 population at risk (per 1,000 population)	2019.Q2.G.01	392	Japan	030	Eastern Asia	Country	JPN	1	139.2716103	36.6554539																							
3	3.3	3.3.3	SH_STA_MALR	Malaria incidence per 1,000 population at risk (per 1,000 population)	2019.Q2.G.01	398	Kazakhstan	143	Central Asia	Country	KAZ	1	66.65359159	48.01963494	PER_1000_POP	Per 1,000 population			G	Global		 	DHS2000		NA: Data nature not available	0.0	0.0	0.0	0.0	0.0	0.0	0.0	0.0	0.0	0.0	0.0	2017
3	3.3	3.3.3	SH_STA_MALR	Malaria incidence per 1,000 population at risk (per 1,000 population)	2019.Q2.G.01	400	Jordan	145	Western Asia	Country	JOR	1	37.13024774	30.65365973																							
3	3.3	3.3.3	SH_STA_MALR	Malaria incidence per 1,000 population at risk (per 1,000 population)	2019.Q2.G.01	404	Kenya	014	Eastern Africa	Country	KEN	1	37.86096816	0.534797278	PER_1000_POP	Per 1,000 population			G	Global		 	DHS2000		NA: Data nature not available	216.675	129.344	68.825	68.969	74.527	83.759	85.098	73.147	71.234	70.833	70.833	2017
3	3.3	3.3.3	SH_STA_MALR	Malaria incidence per 1,000 population at risk (per 1,000 population)	2019.Q2.G.01	408	Democratic People's Republic of Korea	030	Eastern Asia	Country	PRK	1	127.1803633	40.1462645	PER_1000_POP	Per 1,000 population			G	Global		 	DHS2000		NA: Data nature not available	10.117	1.212	1.408	1.736	2.251	1.477	1.074	0.078	0.274	0.219	0.219	2017
3	3.3	3.3.3	SH_STA_MALR	Malaria incidence per 1,000 population at risk (per 1,000 population)	2019.Q2.G.01	410	Republic of Korea	030	Eastern Asia	Country	KOR	1	127.8610254	36.45201023	PER_1000_POP	Per 1,000 population			G	Global		 	DHS2000		NA: Data nature not available	1.261	0.402	0.365	0.145	0.113	0.109	0.158	0.177	0.169	0.122	0.122	2017
3	3.3	3.3.3	SH_STA_MALR	Malaria incidence per 1,000 population at risk (per 1,000 population)	2019.Q2.G.01	414	Kuwait	145	Western Asia	Country	KWT	1	47.49305029	29.53949468																							
3	3.3	3.3.3	SH_STA_MALR	Malaria incidence per 1,000 population at risk (per 1,000 population)	2019.Q2.G.01	417	Kyrgyzstan	143	Central Asia	Country	KGZ	1	74.52324839	41.46204516	PER_1000_POP	Per 1,000 population			G	Global		 	DHS2000		NA: Data nature not available	0.003	0.057	0.001	0.0	0.0	0.0	0.0	0.0	0.0	0.0	0.0	2017
3	3.3	3.3.3	SH_STA_MALR	Malaria incidence per 1,000 population at risk (per 1,000 population)	2019.Q2.G.01	418	Lao People's Democratic Republic	035	South-Eastern Asia	Country	LAO	1	101.9901968	20.27482773	PER_1000_POP	Per 1,000 population			G	Global		 	DHS2000		NA: Data nature not available	62.653	13.084	12.47	11.08	29.4	23.879	30.716	22.954	8.005	5.804	5.804	2017
3	3.3	3.3.3	SH_STA_MALR	Malaria incidence per 1,000 population at risk (per 1,000 population)	2019.Q2.G.01	422	Lebanon	145	Western Asia	Country	LBN	1	35.89391711	33.92152458																							
3	3.3	3.3.3	SH_STA_MALR	Malaria incidence per 1,000 population at risk (per 1,000 population)	2019.Q2.G.01	426	Lesotho	018	Southern Africa	Country	LSO	1	28.25362195	-29.58041814																							
3	3.3	3.3.3	SH_STA_MALR	Malaria incidence per 1,000 population at risk (per 1,000 population)	2019.Q2.G.01	428	Latvia	154	Northern Europe	Country	LVA	1	26.42461876	56.64196636																							
3	3.3	3.3.3	SH_STA_MALR	Malaria incidence per 1,000 population at risk (per 1,000 population)	2019.Q2.G.01	430	Liberia	011	Western Africa	Country	LBR	1	-9.311879038	6.448381009	PER_1000_POP	Per 1,000 population			G	Global		 	DHS2000		NA: Data nature not available	333.531	322.895	328.162	307.881	247.115	211.649	199.784	200.85	194.746	192.593	192.593	2017
3	3.3	3.3.3	SH_STA_MALR	Malaria incidence per 1,000 population at risk (per 1,000 population)	2019.Q2.G.01	434	Libya	015	Northern Africa	Country	LBY	1	18.0295985	27.04042819																							
3	3.3	3.3.3	SH_STA_MALR	Malaria incidence per 1,000 population at risk (per 1,000 population)	2019.Q2.G.01	438	Liechtenstein	155	Western Europe	Country	LIE	1	9.552985019	47.14167005																							
3	3.3	3.3.3	SH_STA_MALR	Malaria incidence per 1,000 population at risk (per 1,000 population)	2019.Q2.G.01	440	Lithuania	154	Northern Europe	Country	LTU	1	23.90517807	55.33680309																							
3	3.3	3.3.3	SH_STA_MALR	Malaria incidence per 1,000 population at risk (per 1,000 population)	2019.Q2.G.01	442	Luxembourg	155	Western Europe	Country	LUX	1	6.092656563	49.77679538																							
3	3.3	3.3.3	SH_STA_MALR	Malaria incidence per 1,000 population at risk (per 1,000 population)	2019.Q2.G.01	446	China, Macao Special Administrative Region	030	Eastern Asia	Country	MAC	0	113.5665388	22.1237259																							
3	3.3	3.3.3	SH_STA_MALR	Malaria incidence per 1,000 population at risk (per 1,000 population)	2019.Q2.G.01	450	Madagascar	014	Eastern Africa	Country	MDG	1	46.6982339	-19.38514785	PER_1000_POP	Per 1,000 population			G	Global		 	DHS2000		NA: Data nature not available	57.306	36.547	44.319	38.716	81.645	78.981	55.276	117.196	67.969	90.896	90.896	2017
3	3.3	3.3.3	SH_STA_MALR	Malaria incidence per 1,000 population at risk (per 1,000 population)	2019.Q2.G.01	454	Malawi	014	Eastern Africa	Country	MWI	1	33.4884625	-13.40819859	PER_1000_POP	Per 1,000 population			G	Global		 	DHS2000		NA: Data nature not available	498.535	359.684	303.42	286.45	268.222	251.508	243.828	233.451	233.449	231.099	231.099	2017
3	3.3	3.3.3	SH_STA_MALR	Malaria incidence per 1,000 population at risk (per 1,000 population)	2019.Q2.G.01	458	Malaysia	035	South-Eastern Asia	Country	MYS	1	116.8346314	5.452415309	PER_1000_POP	Per 1,000 population			G	Global		 	DHS2000		NA: Data nature not available	13.699	5.426	4.619	3.452	3.138	2.458	2.603	0.197	0.213	0.067	0.067	2017
3	3.3	3.3.3	SH_STA_MALR	Malaria incidence per 1,000 population at risk (per 1,000 population)	2019.Q2.G.01	462	Maldives	034	Southern Asia	Country	MDV	1	73.09672546	-0.614385021																							
3	3.3	3.3.3	SH_STA_MALR	Malaria incidence per 1,000 population at risk (per 1,000 population)	2019.Q2.G.01	466	Mali	011	Western Africa	Country	MLI	1	-3.522016039	17.35311254	PER_1000_POP	Per 1,000 population			G	Global		 	DHS2000		NA: Data nature not available	405.443	430.457	382.949	404.045	434.911	452.047	440.263	391.176	383.594	386.161	386.161	2017
3	3.3	3.3.3	SH_STA_MALR	Malaria incidence per 1,000 population at risk (per 1,000 population)	2019.Q2.G.01	470	Malta	039	Southern Europe	Country	MLT	1	14.44617519	35.89194275																							
3	3.3	3.3.3	SH_STA_MALR	Malaria incidence per 1,000 population at risk (per 1,000 population)	2019.Q2.G.01	474	Martinique	029	Caribbean	Country	MTQ	0	-60.91544135	14.56086108																							
3	3.3	3.3.3	SH_STA_MALR	Malaria incidence per 1,000 population at risk (per 1,000 population)	2019.Q2.G.01	478	Mauritania	011	Western Africa	Country	MRT	1	-10.33187259	20.26089546	PER_1000_POP	Per 1,000 population			G	Global		 	DHS2000		NA: Data nature not available	62.022	61.192	35.619	46.177	27.577	32.22	47.721	59.766	69.402	53.905	53.905	2017
3	3.3	3.3.3	SH_STA_MALR	Malaria incidence per 1,000 population at risk (per 1,000 population)	2019.Q2.G.01	480	Mauritius	014	Eastern Africa	Country	MUS	1	57.568022	-20.28581998																							
3	3.3	3.3.3	SH_STA_MALR	Malaria incidence per 1,000 population at risk (per 1,000 population)	2019.Q2.G.01	484	Mexico	013	Central America	Country	MEX	1	-102.5148166	23.93378032	PER_1000_POP	Per 1,000 population			G	Global		 	DHS2000		NA: Data nature not available	3.426	1.29	0.493	0.445	0.325	0.191	0.249	0.194	0.204	0.269	0.269	2017
3	3.3	3.3.3	SH_STA_MALR	Malaria incidence per 1,000 population at risk (per 1,000 population)	2019.Q2.G.01	492	Monaco	155	Western Europe	Country	MCO	1	7.424214814	43.73532918																							
3	3.3	3.3.3	SH_STA_MALR	Malaria incidence per 1,000 population at risk (per 1,000 population)	2019.Q2.G.01	496	Mongolia	030	Eastern Asia	Country	MNG	1	103.0728057	46.83892054																							
3	3.3	3.3.3	SH_STA_MALR	Malaria incidence per 1,000 population at risk (per 1,000 population)	2019.Q2.G.01	498	Republic of Moldova	151	Eastern Europe	Country	MDA	1	28.4650624	47.20236795																							
3	3.3	3.3.3	SH_STA_MALR	Malaria incidence per 1,000 population at risk (per 1,000 population)	2019.Q2.G.01	499	Montenegro	039	Southern Europe	Country	MNE	1	19.25214024	42.78717043																							
3	3.3	3.3.3	SH_STA_MALR	Malaria incidence per 1,000 population at risk (per 1,000 population)	2019.Q2.G.01	500	Montserrat	029	Caribbean	Country	MSR	0	-62.19261223	16.73558313																							
3	3.3	3.3.3	SH_STA_MALR	Malaria incidence per 1,000 population at risk (per 1,000 population)	2019.Q2.G.01	504	Morocco	015	Northern Africa	Country	MAR	1	-6.281942841	31.8440131	PER_1000_POP	Per 1,000 population			G	Global		 	DHS2000		NA: Data nature not available	0.0	0.0	0.0	0.0	0.0	0.0	0.0	0.0	0.0	0.0	0.0	2017
3	3.3	3.3.3	SH_STA_MALR	Malaria incidence per 1,000 population at risk (per 1,000 population)	2019.Q2.G.01	508	Mozambique	014	Eastern Africa	Country	MOZ	1	38.18479941	-14.27963886	PER_1000_POP	Per 1,000 population			G	Global		 	DHS2000		NA: Data nature not available	457.358	410.824	349.093	358.092	372.978	364.842	346.353	339.017	338.301	337.924	337.924	2017
3	3.3	3.3.3	SH_STA_MALR	Malaria incidence per 1,000 population at risk (per 1,000 population)	2019.Q2.G.01	512	Oman	145	Western Asia	Country	OMN	1	57.87743482	21.98805614	PER_1000_POP	Per 1,000 population			G	Global		 	DHS2000		NA: Data nature not available	0.003	0.0	0.002	0.0	0.0	0.0	0.0	0.0	0.0	0.0	0.0	2017
3	3.3	3.3.3	SH_STA_MALR	Malaria incidence per 1,000 population at risk (per 1,000 population)	2019.Q2.G.01	516	Namibia	018	Southern Africa	Country	NAM	1	17.21907885	-22.13817068	PER_1000_POP	Per 1,000 population			G	Global		 	DHS2000		NA: Data nature not available	70.663	54.074	1.508	2.087	3.274	4.41	13.963	10.436	21.139	44.556	44.556	2017
3	3.3	3.3.3	SH_STA_MALR	Malaria incidence per 1,000 population at risk (per 1,000 population)	2019.Q2.G.01	520	Nauru	057	Micronesia	Country	NRU	1	166.92313	-0.528742623																							
3	3.3	3.3.3	SH_STA_MALR	Malaria incidence per 1,000 population at risk (per 1,000 population)	2019.Q2.G.01	524	Nepal	034	Southern Asia	Country	NPL	1	83.94678863	28.25866332	PER_1000_POP	Per 1,000 population			G	Global		 	DHS2000		NA: Data nature not available	7.35	5.115	3.912	3.033	1.648	1.271	0.6	0.491	0.327	0.45	0.45	2017
3	3.3	3.3.3	SH_STA_MALR	Malaria incidence per 1,000 population at risk (per 1,000 population)	2019.Q2.G.01	528	Netherlands	155	Western Europe	Country	NLD	1	5.331480568	51.86728884																							
3	3.3	3.3.3	SH_STA_MALR	Malaria incidence per 1,000 population at risk (per 1,000 population)	2019.Q2.G.01	530	Netherlands Antilles	029	Caribbean	Country	ANT	0	-68.30676179	12.22720635																							
3	3.3	3.3.3	SH_STA_MALR	Malaria incidence per 1,000 population at risk (per 1,000 population)	2019.Q2.G.01	531	Curaçao	029	Caribbean	Country	CUW	0	-68.95033464	12.15058042																							
3	3.3	3.3.3	SH_STA_MALR	Malaria incidence per 1,000 population at risk (per 1,000 population)	2019.Q2.G.01	533	Aruba	029	Caribbean	Country	ABW	0	-69.97050586	12.50878756																							
3	3.3	3.3.3	SH_STA_MALR	Malaria incidence per 1,000 population at risk (per 1,000 population)	2019.Q2.G.01	534	Sint Maarten (Dutch part)	029	Caribbean	Country	SXM	0	-63.06198692	18.03926508																							
3	3.3	3.3.3	SH_STA_MALR	Malaria incidence per 1,000 population at risk (per 1,000 population)	2019.Q2.G.01	540	New Caledonia	054	Melanesia	Country	NCL	0	165.5067368	-21.41742531																							
3	3.3	3.3.3	SH_STA_MALR	Malaria incidence per 1,000 population at risk (per 1,000 population)	2019.Q2.G.01	548	Vanuatu	054	Melanesia	Country	VUT	1	167.0679779	-15.34445547	PER_1000_POP	Per 1,000 population			G	Global		 	DHS2000		NA: Data nature not available	125.399	122.587	66.417	48.171	33.974	21.071	9.392	2.978	15.473	8.217	8.217	2017
3	3.3	3.3.3	SH_STA_MALR	Malaria incidence per 1,000 population at risk (per 1,000 population)	2019.Q2.G.01	554	New Zealand	053	Australia and New Zealand	Country	NZL	1	170.4755673	-43.98721568																							
3	3.3	3.3.3	SH_STA_MALR	Malaria incidence per 1,000 population at risk (per 1,000 population)	2019.Q2.G.01	558	Nicaragua	013	Central America	Country	NIC	1	-85.03060315	12.84210839	PER_1000_POP	Per 1,000 population			G	Global		 	DHS2000		NA: Data nature not available	13.508	3.542	0.346	0.457	0.603	0.561	0.545	1.075	2.926	5.052	5.052	2017
3	3.3	3.3.3	SH_STA_MALR	Malaria incidence per 1,000 population at risk (per 1,000 population)	2019.Q2.G.01	562	Niger	011	Western Africa	Country	NER	1	9.400167877	17.42143036	PER_1000_POP	Per 1,000 population			G	Global		 	DHS2000		NA: Data nature not available	316.698	355.399	426.634	429.139	432.052	422.27	402.173	371.776	360.752	358.647	358.647	2017
3	3.3	3.3.3	SH_STA_MALR	Malaria incidence per 1,000 population at risk (per 1,000 population)	2019.Q2.G.01	566	Nigeria	011	Western Africa	Country	NGA	1	8.097363256	9.585789025	PER_1000_POP	Per 1,000 population			G	Global		 	DHS2000		NA: Data nature not available	378.256	420.935	383.088	371.627	368.13	360.945	336.421	290.857	281.505	281.149	281.149	2017
3	3.3	3.3.3	SH_STA_MALR	Malaria incidence per 1,000 population at risk (per 1,000 population)	2019.Q2.G.01	570	Niue	061	Polynesia	Country	NIU	0	-169.8601693	-19.05000475																							
3	3.3	3.3.3	SH_STA_MALR	Malaria incidence per 1,000 population at risk (per 1,000 population)	2019.Q2.G.01	574	Norfolk Island	053	Australia and New Zealand	Country	NFK	0	167.9515548	-29.03230018																							
3	3.3	3.3.3	SH_STA_MALR	Malaria incidence per 1,000 population at risk (per 1,000 population)	2019.Q2.G.01	578	Norway	154	Northern Europe	Country	NOR	1	11.47846389	61.34311134																							
3	3.3	3.3.3	SH_STA_MALR	Malaria incidence per 1,000 population at risk (per 1,000 population)	2019.Q2.G.01	580	Northern Mariana Islands	057	Micronesia	Country	MNP	0	145.7582114	15.19099517																							
3	3.3	3.3.3	SH_STA_MALR	Malaria incidence per 1,000 population at risk (per 1,000 population)	2019.Q2.G.01	581	United States Minor Outlying Islands	057	Micronesia	Country	UMI	0	-162.4343752	5.874443968																							
3	3.3	3.3.3	SH_STA_MALR	Malaria incidence per 1,000 population at risk (per 1,000 population)	2019.Q2.G.01	583	Micronesia (Federated States of)	057	Micronesia	Country	FSM	1	158.225216	6.880670092																							
3	3.3	3.3.3	SH_STA_MALR	Malaria incidence per 1,000 population at risk (per 1,000 population)	2019.Q2.G.01	584	Marshall Islands	057	Micronesia	Country	MHL	1	171.0839119	7.110213497																							
3	3.3	3.3.3	SH_STA_MALR	Malaria incidence per 1,000 population at risk (per 1,000 population)	2019.Q2.G.01	585	Palau	057	Micronesia	Country	PLW	1	134.5733878	7.502307591																							
3	3.3	3.3.3	SH_STA_MALR	Malaria incidence per 1,000 population at risk (per 1,000 population)	2019.Q2.G.01	586	Pakistan	034	Southern Asia	Country	PAK	1	68.80479684	29.36491634	PER_1000_POP	Per 1,000 population			G	Global		 	DHS2000		NA: Data nature not available	6.883	5.594	8.622	11.13	9.448	7.944	7.529	5.331	6.331	4.937	4.937	2017
3	3.3	3.3.3	SH_STA_MALR	Malaria incidence per 1,000 population at risk (per 1,000 population)	2019.Q2.G.01	591	Panama	013	Central America	Country	PAN	1	-81.26616623	8.450965746	PER_1000_POP	Per 1,000 population			G	Global		 	DHS2000		NA: Data nature not available	0.375	1.209	0.126	0.105	0.245	0.204	0.269	0.151	0.209	0.204	0.204	2017
3	3.3	3.3.3	SH_STA_MALR	Malaria incidence per 1,000 population at risk (per 1,000 population)	2019.Q2.G.01	598	Papua New Guinea	054	Melanesia	Country	PNG	1	145.8587761	-6.756057077	PER_1000_POP	Per 1,000 population			G	Global		 	DHS2000		NA: Data nature not available	273.453	245.313	174.461	143.887	190.401	220.96	249.013	134.666	181.713	181.872	181.872	2017
3	3.3	3.3.3	SH_STA_MALR	Malaria incidence per 1,000 population at risk (per 1,000 population)	2019.Q2.G.01	600	Paraguay	005	South America	Country	PRY	1	-60.54854225	-21.70216237	PER_1000_POP	Per 1,000 population			G	Global		 	DHS2000		NA: Data nature not available	35.899	1.802	0.081	0.004	0.0	0.0	0.0	0.0	0.0	0.0	0.0	2017
3	3.3	3.3.3	SH_STA_MALR	Malaria incidence per 1,000 population at risk (per 1,000 population)	2019.Q2.G.01	604	Peru	005	South America	Country	PER	1	-71.82093277	-13.58939705	PER_1000_POP	Per 1,000 population			G	Global		 	DHS2000		NA: Data nature not available	9.195	9.806	3.218	2.577	3.33	5.093	6.731	7.436	5.694	5.6	5.6	2017
3	3.3	3.3.3	SH_STA_MALR	Malaria incidence per 1,000 population at risk (per 1,000 population)	2019.Q2.G.01	608	Philippines	035	South-Eastern Asia	Country	PHL	1	120.8601418	14.16591706	PER_1000_POP	Per 1,000 population			G	Global		 	DHS2000		NA: Data nature not available	2.674	3.08	0.996	0.438	0.344	0.31	0.246	0.452	0.27	0.25	0.25	2017
3	3.3	3.3.3	SH_STA_MALR	Malaria incidence per 1,000 population at risk (per 1,000 population)	2019.Q2.G.01	612	Pitcairn	061	Polynesia	Country	PCN	0	-128.3225873	-24.37538456																							
3	3.3	3.3.3	SH_STA_MALR	Malaria incidence per 1,000 population at risk (per 1,000 population)	2019.Q2.G.01	616	Poland	151	Eastern Europe	Country	POL	1	19.40660158	52.1226733																							
3	3.3	3.3.3	SH_STA_MALR	Malaria incidence per 1,000 population at risk (per 1,000 population)	2019.Q2.G.01	620	Portugal	039	Southern Europe	Country	PRT	1	-7.961599811	39.68509315																							
3	3.3	3.3.3	SH_STA_MALR	Malaria incidence per 1,000 population at risk (per 1,000 population)	2019.Q2.G.01	624	Guinea-Bissau	011	Western Africa	Country	GNB	1	-14.40182514	12.11760394	PER_1000_POP	Per 1,000 population			G	Global		 	DHS2000		NA: Data nature not available	295.278	87.428	78.43	71.212	62.851	60.935	60.216	60.06	58.072	58.01	58.01	2017
3	3.3	3.3.3	SH_STA_MALR	Malaria incidence per 1,000 population at risk (per 1,000 population)	2019.Q2.G.01	626	Timor-Leste	035	South-Eastern Asia	Country	TLS	1	125.9451052	-8.797497247	PER_1000_POP	Per 1,000 population			G	Global		 	DHS2000		NA: Data nature not available	214.746	238.66	200.368	62.704	14.509	3.096	1.003	0.244	0.25	0.06	0.06	2017
3	3.3	3.3.3	SH_STA_MALR	Malaria incidence per 1,000 population at risk (per 1,000 population)	2019.Q2.G.01	630	Puerto Rico	029	Caribbean	Country	PRI	0	-66.47591017	18.22753799																							
3	3.3	3.3.3	SH_STA_MALR	Malaria incidence per 1,000 population at risk (per 1,000 population)	2019.Q2.G.01	634	Qatar	145	Western Asia	Country	QAT	1	51.19152467	25.28355379																							
3	3.3	3.3.3	SH_STA_MALR	Malaria incidence per 1,000 population at risk (per 1,000 population)	2019.Q2.G.01	638	Réunion	014	Eastern Africa	Country	REU	0	55.53171398	-21.13183266																							
3	3.3	3.3.3	SH_STA_MALR	Malaria incidence per 1,000 population at risk (per 1,000 population)	2019.Q2.G.01	642	Romania	151	Eastern Europe	Country	ROU	1	24.98481009	45.83893563																							
3	3.3	3.3.3	SH_STA_MALR	Malaria incidence per 1,000 population at risk (per 1,000 population)	2019.Q2.G.01	643	Russian Federation	151	Eastern Europe	Country	RUS	1	99.01404926	61.61899849																							
3	3.3	3.3.3	SH_STA_MALR	Malaria incidence per 1,000 population at risk (per 1,000 population)	2019.Q2.G.01	646	Rwanda	014	Eastern Africa	Country	RWA	1	29.92310194	-1.999842114	PER_1000_POP	Per 1,000 population			G	Global		 	DHS2000		NA: Data nature not available	131.581	147.774	122.983	38.208	69.421	117.898	212.005	326.714	554.508	505.571	505.571	2017
3	3.3	3.3.3	SH_STA_MALR	Malaria incidence per 1,000 population at risk (per 1,000 population)	2019.Q2.G.01	652	Saint Barthélemy	029	Caribbean	Country	BLM	0	-62.83173536	17.89513362																							
3	3.3	3.3.3	SH_STA_MALR	Malaria incidence per 1,000 population at risk (per 1,000 population)	2019.Q2.G.01	654	Saint Helena	011	Western Africa	Country	SHN	0	-5.705752501	-15.96503946																							
3	3.3	3.3.3	SH_STA_MALR	Malaria incidence per 1,000 population at risk (per 1,000 population)	2019.Q2.G.01	659	Saint Kitts and Nevis	029	Caribbean	Country	KNA	1	-62.76628613	17.33994219																							
3	3.3	3.3.3	SH_STA_MALR	Malaria incidence per 1,000 population at risk (per 1,000 population)	2019.Q2.G.01	660	Anguilla	029	Caribbean	Country	AIA	0	-63.05651612	18.21525315																							
3	3.3	3.3.3	SH_STA_MALR	Malaria incidence per 1,000 population at risk (per 1,000 population)	2019.Q2.G.01	662	Saint Lucia	029	Caribbean	Country	LCA	1	-60.96529553	13.89405601																							
3	3.3	3.3.3	SH_STA_MALR	Malaria incidence per 1,000 population at risk (per 1,000 population)	2019.Q2.G.01	663	Saint Martin (French Part)	029	Caribbean	Country	MAF	0	-63.04505461	18.0882685																							
3	3.3	3.3.3	SH_STA_MALR	Malaria incidence per 1,000 population at risk (per 1,000 population)	2019.Q2.G.01	666	Saint Pierre and Miquelon	021	Northern America	Country	SPM	0	-56.33682442	46.85812735																							
3	3.3	3.3.3	SH_STA_MALR	Malaria incidence per 1,000 population at risk (per 1,000 population)	2019.Q2.G.01	670	Saint Vincent and the Grenadines	029	Caribbean	Country	VCT	1	-61.19024321	13.24627968																							
3	3.3	3.3.3	SH_STA_MALR	Malaria incidence per 1,000 population at risk (per 1,000 population)	2019.Q2.G.01	674	San Marino	039	Southern Europe	Country	SMR	1	12.46329038	43.93841766																							
3	3.3	3.3.3	SH_STA_MALR	Malaria incidence per 1,000 population at risk (per 1,000 population)	2019.Q2.G.01	678	Sao Tome and Principe	017	Middle Africa	Country	STP	1	6.609772265	0.241554875	PER_1000_POP	Per 1,000 population			G	Global		 	DHS2000		NA: Data nature not available	230.69	116.554	15.678	47.214	68.619	49.415	9.17	10.524	11.195	10.957	10.957	2017
3	3.3	3.3.3	SH_STA_MALR	Malaria incidence per 1,000 population at risk (per 1,000 population)	2019.Q2.G.01	682	Saudi Arabia	145	Western Asia	Country	SAU	1	44.54763347	24.12594211	PER_1000_POP	Per 1,000 population			G	Global		 	DHS2000		NA: Data nature not available	3.973	0.553	0.013	0.031	0.035	0.014	0.012	0.033	0.105	0.067	0.067	2017
3	3.3	3.3.3	SH_STA_MALR	Malaria incidence per 1,000 population at risk (per 1,000 population)	2019.Q2.G.01	686	Senegal	011	Western Africa	Country	SEN	1	-14.46636926	14.35920905	PER_1000_POP	Per 1,000 population			G	Global		 	DHS2000		NA: Data nature not available	184.754	99.602	61.368	53.333	60.943	79.749	46.272	78.553	54.281	64.621	64.621	2017
3	3.3	3.3.3	SH_STA_MALR	Malaria incidence per 1,000 population at risk (per 1,000 population)	2019.Q2.G.01	688	Serbia	039	Southern Europe	Country	SRB	1	20.805876	44.03145697																							
3	3.3	3.3.3	SH_STA_MALR	Malaria incidence per 1,000 population at risk (per 1,000 population)	2019.Q2.G.01	690	Seychelles	014	Eastern Africa	Country	SYC	1	55.46561591	-4.678053059																							
3	3.3	3.3.3	SH_STA_MALR	Malaria incidence per 1,000 population at risk (per 1,000 population)	2019.Q2.G.01	694	Sierra Leone	011	Western Africa	Country	SLE	1	-11.78306584	8.568604164	PER_1000_POP	Per 1,000 population			G	Global		 	DHS2000		NA: Data nature not available	424.682	428.903	469.361	454.755	421.075	392.557	379.079	376.876	378.039	379.715	379.715	2017
3	3.3	3.3.3	SH_STA_MALR	Malaria incidence per 1,000 population at risk (per 1,000 population)	2019.Q2.G.01	702	Singapore	035	South-Eastern Asia	Country	SGP	1	103.8107883	1.361009155																							
3	3.3	3.3.3	SH_STA_MALR	Malaria incidence per 1,000 population at risk (per 1,000 population)	2019.Q2.G.01	703	Slovakia	151	Eastern Europe	Country	SVK	1	19.48495604	48.70741446																							
3	3.3	3.3.3	SH_STA_MALR	Malaria incidence per 1,000 population at risk (per 1,000 population)	2019.Q2.G.01	704	Viet Nam	035	South-Eastern Asia	Country	VNM	1	105.802499	10.09643079	PER_1000_POP	Per 1,000 population			G	Global		 	DHS2000		NA: Data nature not available	3.52	0.672	0.354	0.307	0.358	0.308	0.279	0.164	0.072	0.078	0.078	2017
3	3.3	3.3.3	SH_STA_MALR	Malaria incidence per 1,000 population at risk (per 1,000 population)	2019.Q2.G.01	705	Slovenia	039	Southern Europe	Country	SVN	1	14.82209486	46.11958061																							
3	3.3	3.3.3	SH_STA_MALR	Malaria incidence per 1,000 population at risk (per 1,000 population)	2019.Q2.G.01	706	Somalia	014	Eastern Africa	Country	SOM	1	46.20367477	4.406485729	PER_1000_POP	Per 1,000 population			G	Global		 	DHS2000		NA: Data nature not available	123.644	137.049	29.562	24.298	24.355	27.899	31.887	36.975	36.918	36.749	36.749	2017
3	3.3	3.3.3	SH_STA_MALR	Malaria incidence per 1,000 population at risk (per 1,000 population)	2019.Q2.G.01	710	South Africa	018	Southern Africa	Country	ZAF	1	24.67184355	-29.99957544	PER_1000_POP	Per 1,000 population			G	Global		 	DHS2000		NA: Data nature not available	3.942	1.588	1.562	1.888	1.062	1.608	2.146	0.209	0.772	3.97	3.97	2017
3	3.3	3.3.3	SH_STA_MALR	Malaria incidence per 1,000 population at risk (per 1,000 population)	2019.Q2.G.01	716	Zimbabwe	014	Eastern Africa	Country	ZWE	1	29.86909584	-19.00075492	PER_1000_POP	Per 1,000 population			G	Global		 	DHS2000		NA: Data nature not available	103.846	103.846	98.728	63.444	51.122	72.875	90.126	87.083	58.204	95.223	95.223	2017
3	3.3	3.3.3	SH_STA_MALR	Malaria incidence per 1,000 population at risk (per 1,000 population)	2019.Q2.G.01	724	Spain	039	Southern Europe	Country	ESP	1	-3.554078296	40.39211472																							
3	3.3	3.3.3	SH_STA_MALR	Malaria incidence per 1,000 population at risk (per 1,000 population)	2019.Q2.G.01	728	South Sudan	014	Eastern Africa	Country	SSD	1	30.32618773	7.290839152	PER_1000_POP	Per 1,000 population			G	Global		 	DHS2000		NA: Data nature not available	291.157	250.04	192.715	185.617	168.077	152.733	144.722	151.952	142.204	141.678	141.678	2017
3	3.3	3.3.3	SH_STA_MALR	Malaria incidence per 1,000 population at risk (per 1,000 population)	2019.Q2.G.01	729	Sudan	015	Northern Africa	Country	SDN	0	29.95650159	16.02643066	PER_1000_POP	Per 1,000 population			G	Global		 	DHS2000		NA: Data nature not available	65.567	51.852	27.975	27.052	27.607	30.261	34.284	38.206	37.507	37.448	37.448	2017
3	3.3	3.3.3	SH_STA_MALR	Malaria incidence per 1,000 population at risk (per 1,000 population)	2019.Q2.G.01	732	Western Sahara	015	Northern Africa	Country	ESH	0	-13.13515523	24.66265342																							
3	3.3	3.3.3	SH_STA_MALR	Malaria incidence per 1,000 population at risk (per 1,000 population)	2019.Q2.G.01	740	Suriname	005	South America	Country	SUR	1	-55.90626394	4.132603197	PER_1000_POP	Per 1,000 population			G	Global		 	DHS2000		NA: Data nature not available	162.83	123.903	22.032	9.82	4.488	9.097	4.955	0.991	0.922	0.481	0.481	2017
3	3.3	3.3.3	SH_STA_MALR	Malaria incidence per 1,000 population at risk (per 1,000 population)	2019.Q2.G.01	744	Svalbard and Jan Mayen Islands	154	Northern Europe	Country	SJM	0	13.38071013	78.82894131																							
3	3.3	3.3.3	SH_STA_MALR	Malaria incidence per 1,000 population at risk (per 1,000 population)	2019.Q2.G.01	748	Eswatini	018	Southern Africa	Country	SWZ	1	31.50149288	-26.56471011	PER_1000_POP	Per 1,000 population			G	Global		 	DHS2000		NA: Data nature not available	2.651	0.901	0.796	1.6	1.608	2.702	1.961	0.425	0.931	1.891	1.891	2017
3	3.3	3.3.3	SH_STA_MALR	Malaria incidence per 1,000 population at risk (per 1,000 population)	2019.Q2.G.01	752	Sweden	154	Northern Europe	Country	SWE	1	14.3775338	60.60103109																							
3	3.3	3.3.3	SH_STA_MALR	Malaria incidence per 1,000 population at risk (per 1,000 population)	2019.Q2.G.01	756	Switzerland	155	Western Europe	Country	CHE	1	8.223158	46.96617097																							
3	3.3	3.3.3	SH_STA_MALR	Malaria incidence per 1,000 population at risk (per 1,000 population)	2019.Q2.G.01	760	Syrian Arab Republic	145	Western Asia	Country	SYR	1	38.50466565	35.01676176	PER_1000_POP	Per 1,000 population			G	Global		 	DHS2000		NA: Data nature not available	0.0	0.0	0.0	0.0	0.0	0.0	0.0	0.0	0.0	0.0	0.0	2017
3	3.3	3.3.3	SH_STA_MALR	Malaria incidence per 1,000 population at risk (per 1,000 population)	2019.Q2.G.01	762	Tajikistan	143	Central Asia	Country	TJK	1	69.294998	38.43069666	PER_1000_POP	Per 1,000 population			G	Global		 	DHS2000		NA: Data nature not available	9.182	1.009	0.043	0.025	0.007	0.001	0.001	0.0	0.0	0.0	0.0	2017
3	3.3	3.3.3	SH_STA_MALR	Malaria incidence per 1,000 population at risk (per 1,000 population)	2019.Q2.G.01	764	Thailand	035	South-Eastern Asia	Country	THA	1	101.0202951	15.13089239	PER_1000_POP	Per 1,000 population			G	Global		 	DHS2000		NA: Data nature not available	6.576	2.399	2.547	1.943	2.53	2.575	2.921	1.338	1.029	0.843	0.843	2017
3	3.3	3.3.3	SH_STA_MALR	Malaria incidence per 1,000 population at risk (per 1,000 population)	2019.Q2.G.01	768	Togo	011	Western Africa	Country	TGO	1	0.97835765	8.532096072	PER_1000_POP	Per 1,000 population			G	Global		 	DHS2000		NA: Data nature not available	432.503	463.26	363.981	351.91	349.853	352.71	363.284	377.653	376.386	370.862	370.862	2017
3	3.3	3.3.3	SH_STA_MALR	Malaria incidence per 1,000 population at risk (per 1,000 population)	2019.Q2.G.01	772	Tokelau	061	Polynesia	Country	TKL	0	-171.8154473	-9.214545558																							
3	3.3	3.3.3	SH_STA_MALR	Malaria incidence per 1,000 population at risk (per 1,000 population)	2019.Q2.G.01	776	Tonga	061	Polynesia	Country	TON	1	-175.1959991	-21.19511329																							
3	3.3	3.3.3	SH_STA_MALR	Malaria incidence per 1,000 population at risk (per 1,000 population)	2019.Q2.G.01	780	Trinidad and Tobago	029	Caribbean	Country	TTO	1	-61.29389504	10.41877263																							
3	3.3	3.3.3	SH_STA_MALR	Malaria incidence per 1,000 population at risk (per 1,000 population)	2019.Q2.G.01	784	United Arab Emirates	145	Western Asia	Country	ARE	1	53.98279159	23.43322219	PER_1000_POP	Per 1,000 population			G	Global		 	DHS2000		NA: Data nature not available	0.0	0.0	0.0	0.0	0.0	0.0	0.0	0.0	0.0	0.0	0.0	2017
3	3.3	3.3.3	SH_STA_MALR	Malaria incidence per 1,000 population at risk (per 1,000 population)	2019.Q2.G.01	788	Tunisia	015	Northern Africa	Country	TUN	1	9.572737411	34.11439971																							
3	3.3	3.3.3	SH_STA_MALR	Malaria incidence per 1,000 population at risk (per 1,000 population)	2019.Q2.G.01	792	Turkey	145	Western Asia	Country	TUR	1	35.42890329	38.9899684	PER_1000_POP	Per 1,000 population			G	Global		 	DHS2000		NA: Data nature not available	2.781	0.472	0.0	0.0	0.0	0.0	0.0	0.0	0.0	0.0	0.0	2017
3	3.3	3.3.3	SH_STA_MALR	Malaria incidence per 1,000 population at risk (per 1,000 population)	2019.Q2.G.01	795	Turkmenistan	143	Central Asia	Country	TKM	1	58.9787665	40.0912346	PER_1000_POP	Per 1,000 population			G	Global		 	DHS2000		NA: Data nature not available	0.005	0.0	0.0	0.0	0.0	0.0	0.0	0.0	0.0	0.0	0.0	2017
3	3.3	3.3.3	SH_STA_MALR	Malaria incidence per 1,000 population at risk (per 1,000 population)	2019.Q2.G.01	796	Turks and Caicos Islands	029	Caribbean	Country	TCA	0	-71.745121	21.80780585																							
3	3.3	3.3.3	SH_STA_MALR	Malaria incidence per 1,000 population at risk (per 1,000 population)	2019.Q2.G.01	798	Tuvalu	061	Polynesia	Country	TUV	1	178.6679611	-7.460048071																							
3	3.3	3.3.3	SH_STA_MALR	Malaria incidence per 1,000 population at risk (per 1,000 population)	2019.Q2.G.01	800	Uganda	014	Eastern Africa	Country	UGA	1	32.39100438	1.279557331	PER_1000_POP	Per 1,000 population			G	Global		 	DHS2000		NA: Data nature not available	441.873	422.798	339.173	304.5	249.928	197.264	181.295	203.832	203.09	200.656	200.656	2017
3	3.3	3.3.3	SH_STA_MALR	Malaria incidence per 1,000 population at risk (per 1,000 population)	2019.Q2.G.01	804	Ukraine	151	Eastern Europe	Country	UKR	1	31.40270802	49.00735945																							
3	3.3	3.3.3	SH_STA_MALR	Malaria incidence per 1,000 population at risk (per 1,000 population)	2019.Q2.G.01	807	North Macedonia	039	Southern Europe	Country	MKD	1	21.7007909	41.60048068																							
3	3.3	3.3.3	SH_STA_MALR	Malaria incidence per 1,000 population at risk (per 1,000 population)	2019.Q2.G.01	818	Egypt	015	Northern Africa	Country	EGY	1	29.77468534	26.57438204	PER_1000_POP	Per 1,000 population			G	Global		 	DHS2000		NA: Data nature not available	0.0	0.0	0.0	0.0	0.0	0.0	0.0	0.0	0.0	0.0	0.0	2017
3	3.3	3.3.3	SH_STA_MALR	Malaria incidence per 1,000 population at risk (per 1,000 population)	2019.Q2.G.01	826	United Kingdom of Great Britain and Northern Ireland	154	Northern Europe	Country	GBR	1	-2.23830539	53.27691757																							
3	3.3	3.3.3	SH_STA_MALR	Malaria incidence per 1,000 population at risk (per 1,000 population)	2019.Q2.G.01	831	Guernsey	830	Channel Islands	Country	GGY	0	-2.200712402	49.71561166																							
3	3.3	3.3.3	SH_STA_MALR	Malaria incidence per 1,000 population at risk (per 1,000 population)	2019.Q2.G.01	832	Jersey	830	Channel Islands	Country	JEY	0	-2.136773508	49.22353354																							
3	3.3	3.3.3	SH_STA_MALR	Malaria incidence per 1,000 population at risk (per 1,000 population)	2019.Q2.G.01	833	Isle of Man	154	Northern Europe	Country	IMN	0	-4.538190305	54.22880901																							
3	3.3	3.3.3	SH_STA_MALR	Malaria incidence per 1,000 population at risk (per 1,000 population)	2019.Q2.G.01	834	United Republic of Tanzania	014	Eastern Africa	Country	TZA	1	34.80521182	-6.265332606	PER_1000_POP	Per 1,000 population			G	Global		 	DHS2000		NA: Data nature not available	295.068	242.971	141.999	132.441	119.217	114.392	113.486	112.945	113.676	113.031	113.031	2017
3	3.3	3.3.3	SH_STA_MALR	Malaria incidence per 1,000 population at risk (per 1,000 population)	2019.Q2.G.01	840	United States of America	021	Northern America	Country	USA	1	-99.13830311	39.5277871																							
3	3.3	3.3.3	SH_STA_MALR	Malaria incidence per 1,000 population at risk (per 1,000 population)	2019.Q2.G.01	850	United States Virgin Islands	029	Caribbean	Country	VIR	0	-64.76960113	17.73297693																							
3	3.3	3.3.3	SH_STA_MALR	Malaria incidence per 1,000 population at risk (per 1,000 population)	2019.Q2.G.01	854	Burkina Faso	011	Western Africa	Country	BFA	1	-1.742843829	12.27491081	PER_1000_POP	Per 1,000 population			G	Global		 	DHS2000		NA: Data nature not available	607.109	545.895	590.947	579.556	556.89	511.697	469.632	429.044	411.617	411.994	411.994	2017
3	3.3	3.3.3	SH_STA_MALR	Malaria incidence per 1,000 population at risk (per 1,000 population)	2019.Q2.G.01	858	Uruguay	005	South America	Country	URY	1	-56.01387025	-32.8002838																							
3	3.3	3.3.3	SH_STA_MALR	Malaria incidence per 1,000 population at risk (per 1,000 population)	2019.Q2.G.01	860	Uzbekistan	143	Central Asia	Country	UZB	1	63.11944558	41.77560518	PER_1000_POP	Per 1,000 population			G	Global		 	DHS2000		NA: Data nature not available	0.072	0.055	0.001	0.0	0.0	0.0	0.0	0.0	0.0	0.0	0.0	2017
3	3.3	3.3.3	SH_STA_MALR	Malaria incidence per 1,000 population at risk (per 1,000 population)	2019.Q2.G.01	862	Venezuela (Bolivarian Republic of)	005	South America	Country	VEN	1	-66.15642084	7.121324748	PER_1000_POP	Per 1,000 population			G	Global		 	DHS2000		NA: Data nature not available	4.721	6.33	5.779	5.776	6.579	9.645	10.904	16.178	28.165	47.562	47.562	2017
3	3.3	3.3.3	SH_STA_MALR	Malaria incidence per 1,000 population at risk (per 1,000 population)	2019.Q2.G.01	876	Wallis and Futuna Islands	061	Polynesia	Country	WLF	0	-176.2034788	-13.28471201																							
3	3.3	3.3.3	SH_STA_MALR	Malaria incidence per 1,000 population at risk (per 1,000 population)	2019.Q2.G.01	882	Samoa	061	Polynesia	Country	WSM	1	-172.4430749	-13.61541469																							
3	3.3	3.3.3	SH_STA_MALR	Malaria incidence per 1,000 population at risk (per 1,000 population)	2019.Q2.G.01	887	Yemen	145	Western Asia	Country	YEM	1	45.22389143	15.22242099	PER_1000_POP	Per 1,000 population			G	Global		 	DHS2000		NA: Data nature not available	39.233	32.245	61.723	41.951	43.808	35.517	57.16	48.764	37.56	41.891	41.891	2017
3	3.3	3.3.3	SH_STA_MALR	Malaria incidence per 1,000 population at risk (per 1,000 population)	2019.Q2.G.01	894	Zambia	014	Eastern Africa	Country	ZMB	1	27.850329	-14.59701056	PER_1000_POP	Per 1,000 population			G	Global		 	DHS2000		NA: Data nature not available	265.128	239.634	156.628	161.101	182.427	221.436	226.29	207.891	204.189	203.317	203.317	2017
