goal	target	indicator	seriesCode	seriesDesc	release	geoAreaCode	geoAreaName	parentCode	parentName	type	ISO3	UN_Member	X	Y	unitsCode	unitsDesc	unitmultiplierCode	unitmultiplierDesc	reportingTypeCode	reportingTypeDesc	valueDetails	footnotes	sources	timeDetails	nature	value_2000	value_2001	value_2002	value_2003	value_2004	value_2005	value_2006	value_2007	value_2008	value_2009	value_2010	value_2011	value_2012	value_2013	value_2014	value_2015	value_2016	value_2017	value_latest_year	latest_year
17	17.2	17.2.1	DC_ODA_SIDS	Net official development assistance (ODA) to small island states (SIDS) from OECD-DAC countries, by donor countries (millions of constant 2017 United States dollars)	2019.Q2.G.01	004	Afghanistan	034	Southern Asia	Country	AFG	1	66.02688198	33.83160199																															
17	17.2	17.2.1	DC_ODA_SIDS	Net official development assistance (ODA) to small island states (SIDS) from OECD-DAC countries, by donor countries (millions of constant 2017 United States dollars)	2019.Q2.G.01	008	Albania	039	Southern Europe	Country	ALB	1	20.06660928	41.13897007																															
17	17.2	17.2.1	DC_ODA_SIDS	Net official development assistance (ODA) to small island states (SIDS) from OECD-DAC countries, by donor countries (millions of constant 2017 United States dollars)	2019.Q2.G.01	010	Antarctica	001	World	Country	ATA	0	21.47585697	-80.40897662																															
17	17.2	17.2.1	DC_ODA_SIDS	Net official development assistance (ODA) to small island states (SIDS) from OECD-DAC countries, by donor countries (millions of constant 2017 United States dollars)	2019.Q2.G.01	012	Algeria	015	Northern Africa	Country	DZA	1	2.678164227	28.15940032																															
17	17.2	17.2.1	DC_ODA_SIDS	Net official development assistance (ODA) to small island states (SIDS) from OECD-DAC countries, by donor countries (millions of constant 2017 United States dollars)	2019.Q2.G.01	016	American Samoa	061	Polynesia	Country	ASM	0	-170.7187269	-14.30587306																															
17	17.2	17.2.1	DC_ODA_SIDS	Net official development assistance (ODA) to small island states (SIDS) from OECD-DAC countries, by donor countries (millions of constant 2017 United States dollars)	2019.Q2.G.01	020	Andorra	039	Southern Europe	Country	AND	1	1.576257417	42.54548611																															
17	17.2	17.2.1	DC_ODA_SIDS	Net official development assistance (ODA) to small island states (SIDS) from OECD-DAC countries, by donor countries (millions of constant 2017 United States dollars)	2019.Q2.G.01	024	Angola	017	Middle Africa	Country	AGO	1	17.57817062	-12.33724746																															
17	17.2	17.2.1	DC_ODA_SIDS	Net official development assistance (ODA) to small island states (SIDS) from OECD-DAC countries, by donor countries (millions of constant 2017 United States dollars)	2019.Q2.G.01	028	Antigua and Barbuda	029	Caribbean	Country	ATG	1	-61.7999755	17.07761471																															
17	17.2	17.2.1	DC_ODA_SIDS	Net official development assistance (ODA) to small island states (SIDS) from OECD-DAC countries, by donor countries (millions of constant 2017 United States dollars)	2019.Q2.G.01	031	Azerbaijan	145	Western Asia	Country	AZE	1	50.01064725	40.39229544																															
17	17.2	17.2.1	DC_ODA_SIDS	Net official development assistance (ODA) to small island states (SIDS) from OECD-DAC countries, by donor countries (millions of constant 2017 United States dollars)	2019.Q2.G.01	032	Argentina	005	South America	Country	ARG	1	-65.14563274	-35.19446255																															
17	17.2	17.2.1	DC_ODA_SIDS	Net official development assistance (ODA) to small island states (SIDS) from OECD-DAC countries, by donor countries (millions of constant 2017 United States dollars)	2019.Q2.G.01	036	Australia	053	Australia and New Zealand	Country	AUS	1	134.3499412	-25.57717202	CON_USD	Constant USD			G	Global		Net Disbursements | Based on OECD, DAC database, 2019 | Constant 2017 USD million | Including imputed multilateral	The Organisation for Economic Co-operation and Development (OECD).		C: Country data	738.07998	625.26325	647.24789	668.85393	700.49601	689.8779	710.25139	768.33363	757.56824	773.37803	935.20012	906.50792	918.46496	888.1418	792.73436	936.4612	776.27441	827.15517	827.15517	2017
17	17.2	17.2.1	DC_ODA_SIDS	Net official development assistance (ODA) to small island states (SIDS) from OECD-DAC countries, by donor countries (millions of constant 2017 United States dollars)	2019.Q2.G.01	040	Austria	155	Western Europe	Country	AUT	1	14.14172472	47.58704857	CON_USD	Constant USD			G	Global		Net Disbursements | Based on OECD, DAC database, 2019 | Constant 2017 USD million | Including imputed multilateral	The Organisation for Economic Co-operation and Development (OECD).		C: Country data	29.41407	23.6425	17.10049	18.4141	16.52118	16.59998	18.83158	21.59027	22.16447	29.85321	46.3658	20.43446	16.04625	18.01843	13.27646	16.50358	26.47347	25.9598	25.9598	2017
17	17.2	17.2.1	DC_ODA_SIDS	Net official development assistance (ODA) to small island states (SIDS) from OECD-DAC countries, by donor countries (millions of constant 2017 United States dollars)	2019.Q2.G.01	044	Bahamas	029	Caribbean	Country	BHS	1	-78.05111663	24.69546597																															
17	17.2	17.2.1	DC_ODA_SIDS	Net official development assistance (ODA) to small island states (SIDS) from OECD-DAC countries, by donor countries (millions of constant 2017 United States dollars)	2019.Q2.G.01	048	Bahrain	145	Western Asia	Country	BHR	1	50.5490754	26.04407747																															
17	17.2	17.2.1	DC_ODA_SIDS	Net official development assistance (ODA) to small island states (SIDS) from OECD-DAC countries, by donor countries (millions of constant 2017 United States dollars)	2019.Q2.G.01	050	Bangladesh	034	Southern Asia	Country	BGD	1	89.17660788	22.86961622																															
17	17.2	17.2.1	DC_ODA_SIDS	Net official development assistance (ODA) to small island states (SIDS) from OECD-DAC countries, by donor countries (millions of constant 2017 United States dollars)	2019.Q2.G.01	051	Armenia	145	Western Asia	Country	ARM	1	44.93839317	40.29499741																															
17	17.2	17.2.1	DC_ODA_SIDS	Net official development assistance (ODA) to small island states (SIDS) from OECD-DAC countries, by donor countries (millions of constant 2017 United States dollars)	2019.Q2.G.01	052	Barbados	029	Caribbean	Country	BRB	1	-59.5346489	13.13648273																															
17	17.2	17.2.1	DC_ODA_SIDS	Net official development assistance (ODA) to small island states (SIDS) from OECD-DAC countries, by donor countries (millions of constant 2017 United States dollars)	2019.Q2.G.01	056	Belgium	155	Western Europe	Country	BEL	1	4.660976456	50.64104975	CON_USD	Constant USD			G	Global		Net Disbursements | Based on OECD, DAC database, 2019 | Constant 2017 USD million | Including imputed multilateral	The Organisation for Economic Co-operation and Development (OECD).		C: Country data	51.12512	47.76606	39.34454	32.7771	39.55337	35.71967	40.28792	40.80918	53.00871	65.27697	86.16939	52.90972	41.68466	49.84239	40.23317	34.22169	46.55499	41.56496	41.56496	2017
17	17.2	17.2.1	DC_ODA_SIDS	Net official development assistance (ODA) to small island states (SIDS) from OECD-DAC countries, by donor countries (millions of constant 2017 United States dollars)	2019.Q2.G.01	060	Bermuda	021	Northern America	Country	BMU	0	-64.78155012	32.27881922																															
17	17.2	17.2.1	DC_ODA_SIDS	Net official development assistance (ODA) to small island states (SIDS) from OECD-DAC countries, by donor countries (millions of constant 2017 United States dollars)	2019.Q2.G.01	064	Bhutan	034	Southern Asia	Country	BTN	1	90.45098484	27.39598568																															
17	17.2	17.2.1	DC_ODA_SIDS	Net official development assistance (ODA) to small island states (SIDS) from OECD-DAC countries, by donor countries (millions of constant 2017 United States dollars)	2019.Q2.G.01	068	Bolivia (Plurinational State of)	005	South America	Country	BOL	1	-64.66224284	-16.71273412																															
17	17.2	17.2.1	DC_ODA_SIDS	Net official development assistance (ODA) to small island states (SIDS) from OECD-DAC countries, by donor countries (millions of constant 2017 United States dollars)	2019.Q2.G.01	070	Bosnia and Herzegovina	039	Southern Europe	Country	BIH	1	17.78584332	44.16845548																															
17	17.2	17.2.1	DC_ODA_SIDS	Net official development assistance (ODA) to small island states (SIDS) from OECD-DAC countries, by donor countries (millions of constant 2017 United States dollars)	2019.Q2.G.01	072	Botswana	018	Southern Africa	Country	BWA	1	23.81380223	-22.18810073																															
17	17.2	17.2.1	DC_ODA_SIDS	Net official development assistance (ODA) to small island states (SIDS) from OECD-DAC countries, by donor countries (millions of constant 2017 United States dollars)	2019.Q2.G.01	074	Bouvet Island	005	South America	Country	BVT	0	3.410732868	-54.43295905																															
17	17.2	17.2.1	DC_ODA_SIDS	Net official development assistance (ODA) to small island states (SIDS) from OECD-DAC countries, by donor countries (millions of constant 2017 United States dollars)	2019.Q2.G.01	076	Brazil	005	South America	Country	BRA	1	-53.08432878	-10.77668561																															
17	17.2	17.2.1	DC_ODA_SIDS	Net official development assistance (ODA) to small island states (SIDS) from OECD-DAC countries, by donor countries (millions of constant 2017 United States dollars)	2019.Q2.G.01	084	Belize	013	Central America	Country	BLZ	1	-88.70199554	17.19965901																															
17	17.2	17.2.1	DC_ODA_SIDS	Net official development assistance (ODA) to small island states (SIDS) from OECD-DAC countries, by donor countries (millions of constant 2017 United States dollars)	2019.Q2.G.01	086	British Indian Ocean Territory	014	Eastern Africa	Country	IOT	0	72.38715553	-7.299281071																															
17	17.2	17.2.1	DC_ODA_SIDS	Net official development assistance (ODA) to small island states (SIDS) from OECD-DAC countries, by donor countries (millions of constant 2017 United States dollars)	2019.Q2.G.01	090	Solomon Islands	054	Melanesia	Country	SLB	1	160.1584117	-9.622391719																															
17	17.2	17.2.1	DC_ODA_SIDS	Net official development assistance (ODA) to small island states (SIDS) from OECD-DAC countries, by donor countries (millions of constant 2017 United States dollars)	2019.Q2.G.01	092	British Virgin Islands	029	Caribbean	Country	VGB	0	-64.63294223	18.42256578																															
17	17.2	17.2.1	DC_ODA_SIDS	Net official development assistance (ODA) to small island states (SIDS) from OECD-DAC countries, by donor countries (millions of constant 2017 United States dollars)	2019.Q2.G.01	096	Brunei Darussalam	035	South-Eastern Asia	Country	BRN	1	114.6288563	4.49736984																															
17	17.2	17.2.1	DC_ODA_SIDS	Net official development assistance (ODA) to small island states (SIDS) from OECD-DAC countries, by donor countries (millions of constant 2017 United States dollars)	2019.Q2.G.01	100	Bulgaria	151	Eastern Europe	Country	BGR	1	25.23763153	42.75731323																															
17	17.2	17.2.1	DC_ODA_SIDS	Net official development assistance (ODA) to small island states (SIDS) from OECD-DAC countries, by donor countries (millions of constant 2017 United States dollars)	2019.Q2.G.01	104	Myanmar	035	South-Eastern Asia	Country	MMR	1	96.51752295	21.19332882																															
17	17.2	17.2.1	DC_ODA_SIDS	Net official development assistance (ODA) to small island states (SIDS) from OECD-DAC countries, by donor countries (millions of constant 2017 United States dollars)	2019.Q2.G.01	108	Burundi	014	Eastern Africa	Country	BDI	1	29.89080992	-3.366387428																															
17	17.2	17.2.1	DC_ODA_SIDS	Net official development assistance (ODA) to small island states (SIDS) from OECD-DAC countries, by donor countries (millions of constant 2017 United States dollars)	2019.Q2.G.01	112	Belarus	151	Eastern Europe	Country	BLR	1	28.04940161	53.54193075																															
17	17.2	17.2.1	DC_ODA_SIDS	Net official development assistance (ODA) to small island states (SIDS) from OECD-DAC countries, by donor countries (millions of constant 2017 United States dollars)	2019.Q2.G.01	116	Cambodia	035	South-Eastern Asia	Country	KHM	1	104.922836	12.71163737																															
17	17.2	17.2.1	DC_ODA_SIDS	Net official development assistance (ODA) to small island states (SIDS) from OECD-DAC countries, by donor countries (millions of constant 2017 United States dollars)	2019.Q2.G.01	120	Cameroon	017	Middle Africa	Country	CMR	1	12.7419827	5.692387031																															
17	17.2	17.2.1	DC_ODA_SIDS	Net official development assistance (ODA) to small island states (SIDS) from OECD-DAC countries, by donor countries (millions of constant 2017 United States dollars)	2019.Q2.G.01	124	Canada	021	Northern America	Country	CAN	1	-101.6575058	57.72360191	CON_USD	Constant USD			G	Global		Net Disbursements | Based on OECD, DAC database, 2019 | Constant 2017 USD million | Including imputed multilateral	The Organisation for Economic Co-operation and Development (OECD).		C: Country data	72.57135	88.23241	93.6777	106.45745	124.18731	226.40135	176.83744	228.87128	214.86903	254.49299	474.42669	268.64499	195.4102	154.23613	115.12416	136.11975	138.57953	156.11582	156.11582	2017
17	17.2	17.2.1	DC_ODA_SIDS	Net official development assistance (ODA) to small island states (SIDS) from OECD-DAC countries, by donor countries (millions of constant 2017 United States dollars)	2019.Q2.G.01	132	Cabo Verde	011	Western Africa	Country	CPV	1	-23.63544151	15.07791834																															
17	17.2	17.2.1	DC_ODA_SIDS	Net official development assistance (ODA) to small island states (SIDS) from OECD-DAC countries, by donor countries (millions of constant 2017 United States dollars)	2019.Q2.G.01	136	Cayman Islands	029	Caribbean	Country	CYM	0	-81.16740559	19.32266656																															
17	17.2	17.2.1	DC_ODA_SIDS	Net official development assistance (ODA) to small island states (SIDS) from OECD-DAC countries, by donor countries (millions of constant 2017 United States dollars)	2019.Q2.G.01	140	Central African Republic	017	Middle Africa	Country	CAF	1	20.93559492	7.003720791																															
17	17.2	17.2.1	DC_ODA_SIDS	Net official development assistance (ODA) to small island states (SIDS) from OECD-DAC countries, by donor countries (millions of constant 2017 United States dollars)	2019.Q2.G.01	144	Sri Lanka	034	Southern Asia	Country	LKA	1	80.70489654	7.614693343																															
17	17.2	17.2.1	DC_ODA_SIDS	Net official development assistance (ODA) to small island states (SIDS) from OECD-DAC countries, by donor countries (millions of constant 2017 United States dollars)	2019.Q2.G.01	148	Chad	017	Middle Africa	Country	TCD	1	18.66618401	15.36279341																															
17	17.2	17.2.1	DC_ODA_SIDS	Net official development assistance (ODA) to small island states (SIDS) from OECD-DAC countries, by donor countries (millions of constant 2017 United States dollars)	2019.Q2.G.01	152	Chile	005	South America	Country	CHL	1	-71.23029019	-35.2652885																															
17	17.2	17.2.1	DC_ODA_SIDS	Net official development assistance (ODA) to small island states (SIDS) from OECD-DAC countries, by donor countries (millions of constant 2017 United States dollars)	2019.Q2.G.01	156	China	030	Eastern Asia	Country	CHN	1	104.1403375	32.30955217																															
17	17.2	17.2.1	DC_ODA_SIDS	Net official development assistance (ODA) to small island states (SIDS) from OECD-DAC countries, by donor countries (millions of constant 2017 United States dollars)	2019.Q2.G.01	162	Christmas Island	053	Australia and New Zealand	Country	CXR	0	105.6426067	-10.4882473																															
17	17.2	17.2.1	DC_ODA_SIDS	Net official development assistance (ODA) to small island states (SIDS) from OECD-DAC countries, by donor countries (millions of constant 2017 United States dollars)	2019.Q2.G.01	166	Cocos (Keeling) Islands	053	Australia and New Zealand	Country	CCK	0	96.82633757	-12.18600682																															
17	17.2	17.2.1	DC_ODA_SIDS	Net official development assistance (ODA) to small island states (SIDS) from OECD-DAC countries, by donor countries (millions of constant 2017 United States dollars)	2019.Q2.G.01	170	Colombia	005	South America	Country	COL	1	-73.07446751	3.888209046																															
17	17.2	17.2.1	DC_ODA_SIDS	Net official development assistance (ODA) to small island states (SIDS) from OECD-DAC countries, by donor countries (millions of constant 2017 United States dollars)	2019.Q2.G.01	174	Comoros	014	Eastern Africa	Country	COM	1	43.34234565	-11.66121732																															
17	17.2	17.2.1	DC_ODA_SIDS	Net official development assistance (ODA) to small island states (SIDS) from OECD-DAC countries, by donor countries (millions of constant 2017 United States dollars)	2019.Q2.G.01	175	Mayotte	014	Eastern Africa	Country	MYT	0	45.14015057	-12.82217691																															
17	17.2	17.2.1	DC_ODA_SIDS	Net official development assistance (ODA) to small island states (SIDS) from OECD-DAC countries, by donor countries (millions of constant 2017 United States dollars)	2019.Q2.G.01	178	Congo	011	Western Africa	Country	COG	1	15.22052612	-0.840544119																															
17	17.2	17.2.1	DC_ODA_SIDS	Net official development assistance (ODA) to small island states (SIDS) from OECD-DAC countries, by donor countries (millions of constant 2017 United States dollars)	2019.Q2.G.01	180	Democratic Republic of the Congo	017	Middle Africa	Country	COD	1	23.65496507	-2.877154732																															
17	17.2	17.2.1	DC_ODA_SIDS	Net official development assistance (ODA) to small island states (SIDS) from OECD-DAC countries, by donor countries (millions of constant 2017 United States dollars)	2019.Q2.G.01	184	Cook Islands	061	Polynesia	Country	COK	0	-159.7711391	-21.22696458																															
17	17.2	17.2.1	DC_ODA_SIDS	Net official development assistance (ODA) to small island states (SIDS) from OECD-DAC countries, by donor countries (millions of constant 2017 United States dollars)	2019.Q2.G.01	188	Costa Rica	013	Central America	Country	CRI	1	-84.19712782	9.970998683																															
17	17.2	17.2.1	DC_ODA_SIDS	Net official development assistance (ODA) to small island states (SIDS) from OECD-DAC countries, by donor countries (millions of constant 2017 United States dollars)	2019.Q2.G.01	191	Croatia	039	Southern Europe	Country	HRV	1	17.95874553	45.45172212																															
17	17.2	17.2.1	DC_ODA_SIDS	Net official development assistance (ODA) to small island states (SIDS) from OECD-DAC countries, by donor countries (millions of constant 2017 United States dollars)	2019.Q2.G.01	192	Cuba	029	Caribbean	Country	CUB	1	-79.54460144	22.10030366																															
17	17.2	17.2.1	DC_ODA_SIDS	Net official development assistance (ODA) to small island states (SIDS) from OECD-DAC countries, by donor countries (millions of constant 2017 United States dollars)	2019.Q2.G.01	196	Cyprus	145	Western Asia	Country	CYP	1	33.22285964	35.05659437																															
17	17.2	17.2.1	DC_ODA_SIDS	Net official development assistance (ODA) to small island states (SIDS) from OECD-DAC countries, by donor countries (millions of constant 2017 United States dollars)	2019.Q2.G.01	203	Czechia	151	Eastern Europe	Country	CZE	1	15.33151382	49.73913871	CON_USD	Constant USD			G	Global		Net Disbursements | Based on OECD, DAC database, 2019 | Constant 2017 USD million | Including imputed multilateral	The Organisation for Economic Co-operation and Development (OECD).		C: Country data	0.44167	0.49724	0.81613	0.8556	2.87983	3.31115	4.4585	5.25366	6.44109	6.14379	11.33416	5.7324	4.64875	4.70928	4.12115	4.17038	5.76163	5.86201	5.86201	2017
17	17.2	17.2.1	DC_ODA_SIDS	Net official development assistance (ODA) to small island states (SIDS) from OECD-DAC countries, by donor countries (millions of constant 2017 United States dollars)	2019.Q2.G.01	204	Benin	011	Western Africa	Country	BEN	1	2.339933594	9.65401646																															
17	17.2	17.2.1	DC_ODA_SIDS	Net official development assistance (ODA) to small island states (SIDS) from OECD-DAC countries, by donor countries (millions of constant 2017 United States dollars)	2019.Q2.G.01	208	Denmark	154	Northern Europe	Country	DNK	1	9.326571283	56.03829721	CON_USD	Constant USD			G	Global		Net Disbursements | Based on OECD, DAC database, 2019 | Constant 2017 USD million | Including imputed multilateral	The Organisation for Economic Co-operation and Development (OECD).		C: Country data	31.81379	28.00806	27.54194	24.07793	31.15073	28.94305	30.52928	30.89384	27.26634	26.2702	69.06995	29.58683	19.34837	18.54606	19.89386	18.12042	20.27521	23.43762	23.43762	2017
17	17.2	17.2.1	DC_ODA_SIDS	Net official development assistance (ODA) to small island states (SIDS) from OECD-DAC countries, by donor countries (millions of constant 2017 United States dollars)	2019.Q2.G.01	212	Dominica	029	Caribbean	Country	DMA	1	-61.3493756	15.43391378																															
17	17.2	17.2.1	DC_ODA_SIDS	Net official development assistance (ODA) to small island states (SIDS) from OECD-DAC countries, by donor countries (millions of constant 2017 United States dollars)	2019.Q2.G.01	214	Dominican Republic	029	Caribbean	Country	DOM	1	-70.49847576	18.89832088																															
17	17.2	17.2.1	DC_ODA_SIDS	Net official development assistance (ODA) to small island states (SIDS) from OECD-DAC countries, by donor countries (millions of constant 2017 United States dollars)	2019.Q2.G.01	218	Ecuador	005	South America	Country	ECU	1	-78.37005241	-1.447785891																															
17	17.2	17.2.1	DC_ODA_SIDS	Net official development assistance (ODA) to small island states (SIDS) from OECD-DAC countries, by donor countries (millions of constant 2017 United States dollars)	2019.Q2.G.01	222	El Salvador	013	Central America	Country	SLV	1	-88.86862995	13.73603564																															
17	17.2	17.2.1	DC_ODA_SIDS	Net official development assistance (ODA) to small island states (SIDS) from OECD-DAC countries, by donor countries (millions of constant 2017 United States dollars)	2019.Q2.G.01	226	Equatorial Guinea	017	Middle Africa	Country	GNQ	1	10.46535826	1.565792376																															
17	17.2	17.2.1	DC_ODA_SIDS	Net official development assistance (ODA) to small island states (SIDS) from OECD-DAC countries, by donor countries (millions of constant 2017 United States dollars)	2019.Q2.G.01	231	Ethiopia	014	Eastern Africa	Country	ETH	1	39.63505296	8.631223181																															
17	17.2	17.2.1	DC_ODA_SIDS	Net official development assistance (ODA) to small island states (SIDS) from OECD-DAC countries, by donor countries (millions of constant 2017 United States dollars)	2019.Q2.G.01	232	Eritrea	014	Eastern Africa	Country	ERI	1	38.11074289	16.12894644																															
17	17.2	17.2.1	DC_ODA_SIDS	Net official development assistance (ODA) to small island states (SIDS) from OECD-DAC countries, by donor countries (millions of constant 2017 United States dollars)	2019.Q2.G.01	233	Estonia	154	Northern Europe	Country	EST	1	25.84093481	58.68487172																															
17	17.2	17.2.1	DC_ODA_SIDS	Net official development assistance (ODA) to small island states (SIDS) from OECD-DAC countries, by donor countries (millions of constant 2017 United States dollars)	2019.Q2.G.01	234	Faroe Islands	154	Northern Europe	Country	FRO	0	-7.122044325	62.21228119																															
17	17.2	17.2.1	DC_ODA_SIDS	Net official development assistance (ODA) to small island states (SIDS) from OECD-DAC countries, by donor countries (millions of constant 2017 United States dollars)	2019.Q2.G.01	238	Falkland Islands (Malvinas)	005	South America	Country	FLK	0	-58.75246778	-51.74562601																															
17	17.2	17.2.1	DC_ODA_SIDS	Net official development assistance (ODA) to small island states (SIDS) from OECD-DAC countries, by donor countries (millions of constant 2017 United States dollars)	2019.Q2.G.01	239	South Georgia and the South Sandwich Islands	005	South America	Country	SGS	0	-36.90662765	-54.20736749																															
17	17.2	17.2.1	DC_ODA_SIDS	Net official development assistance (ODA) to small island states (SIDS) from OECD-DAC countries, by donor countries (millions of constant 2017 United States dollars)	2019.Q2.G.01	242	Fiji	054	Melanesia	Country	FJI	1	177.9660884	-17.83301566																															
17	17.2	17.2.1	DC_ODA_SIDS	Net official development assistance (ODA) to small island states (SIDS) from OECD-DAC countries, by donor countries (millions of constant 2017 United States dollars)	2019.Q2.G.01	246	Finland	154	Northern Europe	Country	FIN	1	23.308447	61.91586738	CON_USD	Constant USD			G	Global		Net Disbursements | Based on OECD, DAC database, 2019 | Constant 2017 USD million | Including imputed multilateral	The Organisation for Economic Co-operation and Development (OECD).		C: Country data	14.51223	15.46504	13.88904	11.83768	14.69546	13.87914	18.26499	16.78045	19.30407	22.38894	39.60509	26.43866	18.66026	21.21919	20.95597	17.59012	11.86448	11.46817	11.46817	2017
17	17.2	17.2.1	DC_ODA_SIDS	Net official development assistance (ODA) to small island states (SIDS) from OECD-DAC countries, by donor countries (millions of constant 2017 United States dollars)	2019.Q2.G.01	248	Åland Islands	154	Northern Europe	Country	ALA	0	19.80945969	60.1544901																															
17	17.2	17.2.1	DC_ODA_SIDS	Net official development assistance (ODA) to small island states (SIDS) from OECD-DAC countries, by donor countries (millions of constant 2017 United States dollars)	2019.Q2.G.01	250	France	155	Western Europe	Country	FRA	1	2.457288129	46.62660861	CON_USD	Constant USD			G	Global		Net Disbursements | Based on OECD, DAC database, 2019 | Constant 2017 USD million | Including imputed multilateral	The Organisation for Economic Co-operation and Development (OECD).		C: Country data	1341.74536	1233.76165	1265.35543	1267.82033	1373.9665	177.13673	212.84292	283.94621	257.54928	354.45369	504.6834	405.15415	433.03823	283.95363	270.63335	409.18504	308.49219	353.45675	353.45675	2017
17	17.2	17.2.1	DC_ODA_SIDS	Net official development assistance (ODA) to small island states (SIDS) from OECD-DAC countries, by donor countries (millions of constant 2017 United States dollars)	2019.Q2.G.01	254	French Guiana	005	South America	Country	GUF	0	-53.23619089	3.922673437																															
17	17.2	17.2.1	DC_ODA_SIDS	Net official development assistance (ODA) to small island states (SIDS) from OECD-DAC countries, by donor countries (millions of constant 2017 United States dollars)	2019.Q2.G.01	258	French Polynesia	061	Polynesia	Country	PYF	0	-149.4052367	-17.67709294																															
17	17.2	17.2.1	DC_ODA_SIDS	Net official development assistance (ODA) to small island states (SIDS) from OECD-DAC countries, by donor countries (millions of constant 2017 United States dollars)	2019.Q2.G.01	260	French Southern Territories	014	Eastern Africa	Country	ATF	0	69.64849091	-49.6068576																															
17	17.2	17.2.1	DC_ODA_SIDS	Net official development assistance (ODA) to small island states (SIDS) from OECD-DAC countries, by donor countries (millions of constant 2017 United States dollars)	2019.Q2.G.01	262	Djibouti	014	Eastern Africa	Country	DJI	1	42.18274707	11.56004161																															
17	17.2	17.2.1	DC_ODA_SIDS	Net official development assistance (ODA) to small island states (SIDS) from OECD-DAC countries, by donor countries (millions of constant 2017 United States dollars)	2019.Q2.G.01	266	Gabon	017	Middle Africa	Country	GAB	1	11.78727747	-0.60687619																															
17	17.2	17.2.1	DC_ODA_SIDS	Net official development assistance (ODA) to small island states (SIDS) from OECD-DAC countries, by donor countries (millions of constant 2017 United States dollars)	2019.Q2.G.01	268	Georgia	145	Western Asia	Country	GEO	1	43.3713615	42.04813028																															
17	17.2	17.2.1	DC_ODA_SIDS	Net official development assistance (ODA) to small island states (SIDS) from OECD-DAC countries, by donor countries (millions of constant 2017 United States dollars)	2019.Q2.G.01	270	Gambia	011	Western Africa	Country	GMB	1	-15.39944785	13.45295927																															
17	17.2	17.2.1	DC_ODA_SIDS	Net official development assistance (ODA) to small island states (SIDS) from OECD-DAC countries, by donor countries (millions of constant 2017 United States dollars)	2019.Q2.G.01	275	State of Palestine	145	Western Asia	Country	PSE	0	35.25694122	31.94347933																															
17	17.2	17.2.1	DC_ODA_SIDS	Net official development assistance (ODA) to small island states (SIDS) from OECD-DAC countries, by donor countries (millions of constant 2017 United States dollars)	2019.Q2.G.01	276	Germany	155	Western Europe	Country	DEU	1	10.3806066	51.08862743	CON_USD	Constant USD			G	Global		Net Disbursements | Based on OECD, DAC database, 2019 | Constant 2017 USD million | Including imputed multilateral	The Organisation for Economic Co-operation and Development (OECD).		C: Country data	178.59179	157.21648	155.20212	132.32118	150.10565	123.04305	165.11094	179.42272	194.77047	246.54825	318.32848	213.31936	167.51884	162.71196	175.17646	146.227	210.76706	188.83035	188.83035	2017
17	17.2	17.2.1	DC_ODA_SIDS	Net official development assistance (ODA) to small island states (SIDS) from OECD-DAC countries, by donor countries (millions of constant 2017 United States dollars)	2019.Q2.G.01	288	Ghana	011	Western Africa	Country	GHA	1	-1.205623522	7.964825185																															
17	17.2	17.2.1	DC_ODA_SIDS	Net official development assistance (ODA) to small island states (SIDS) from OECD-DAC countries, by donor countries (millions of constant 2017 United States dollars)	2019.Q2.G.01	292	Gibraltar	039	Southern Europe	Country	GIB	0	-5.347561686	36.13895036																															
17	17.2	17.2.1	DC_ODA_SIDS	Net official development assistance (ODA) to small island states (SIDS) from OECD-DAC countries, by donor countries (millions of constant 2017 United States dollars)	2019.Q2.G.01	296	Kiribati	057	Micronesia	Country	KIR	1	-157.5643005	1.768837732																															
17	17.2	17.2.1	DC_ODA_SIDS	Net official development assistance (ODA) to small island states (SIDS) from OECD-DAC countries, by donor countries (millions of constant 2017 United States dollars)	2019.Q2.G.01	300	Greece	039	Southern Europe	Country	GRC	1	22.58307827	39.47301873	CON_USD	Constant USD			G	Global		Net Disbursements | Based on OECD, DAC database, 2019 | Constant 2017 USD million | Including imputed multilateral	The Organisation for Economic Co-operation and Development (OECD).		C: Country data	9.66205	7.95136	9.6854	4.91433	7.41589	6.50547	9.52879	11.41189	11.8482	13.4003	17.96034	7.49547	6.14585	5.1927	4.94429	4.99258	5.7291	4.77495	4.77495	2017
17	17.2	17.2.1	DC_ODA_SIDS	Net official development assistance (ODA) to small island states (SIDS) from OECD-DAC countries, by donor countries (millions of constant 2017 United States dollars)	2019.Q2.G.01	304	Greenland	021	Northern America	Country	GRL	0	-41.39371316	74.75625681																															
17	17.2	17.2.1	DC_ODA_SIDS	Net official development assistance (ODA) to small island states (SIDS) from OECD-DAC countries, by donor countries (millions of constant 2017 United States dollars)	2019.Q2.G.01	308	Grenada	029	Caribbean	Country	GRD	1	-61.68248568	12.11238395																															
17	17.2	17.2.1	DC_ODA_SIDS	Net official development assistance (ODA) to small island states (SIDS) from OECD-DAC countries, by donor countries (millions of constant 2017 United States dollars)	2019.Q2.G.01	312	Guadeloupe	029	Caribbean	Country	GLP	0	-61.64762115	16.14416917																															
17	17.2	17.2.1	DC_ODA_SIDS	Net official development assistance (ODA) to small island states (SIDS) from OECD-DAC countries, by donor countries (millions of constant 2017 United States dollars)	2019.Q2.G.01	316	Guam	057	Micronesia	Country	GUM	0	144.7029305	13.35485404																															
17	17.2	17.2.1	DC_ODA_SIDS	Net official development assistance (ODA) to small island states (SIDS) from OECD-DAC countries, by donor countries (millions of constant 2017 United States dollars)	2019.Q2.G.01	320	Guatemala	013	Central America	Country	GTM	1	-91.2312746	15.00273719																															
17	17.2	17.2.1	DC_ODA_SIDS	Net official development assistance (ODA) to small island states (SIDS) from OECD-DAC countries, by donor countries (millions of constant 2017 United States dollars)	2019.Q2.G.01	324	Guinea	011	Western Africa	Country	GIN	1	-11.28173419	11.00210343																															
17	17.2	17.2.1	DC_ODA_SIDS	Net official development assistance (ODA) to small island states (SIDS) from OECD-DAC countries, by donor countries (millions of constant 2017 United States dollars)	2019.Q2.G.01	328	Guyana	005	South America	Country	GUY	1	-58.97322037	4.788012784																															
17	17.2	17.2.1	DC_ODA_SIDS	Net official development assistance (ODA) to small island states (SIDS) from OECD-DAC countries, by donor countries (millions of constant 2017 United States dollars)	2019.Q2.G.01	332	Haiti	029	Caribbean	Country	HTI	1	-72.33640958	18.40426539																															
17	17.2	17.2.1	DC_ODA_SIDS	Net official development assistance (ODA) to small island states (SIDS) from OECD-DAC countries, by donor countries (millions of constant 2017 United States dollars)	2019.Q2.G.01	334	Heard Island and McDonald Islands	053	Australia and New Zealand	Country	HMD	0	73.52633626	-53.09106147																															
17	17.2	17.2.1	DC_ODA_SIDS	Net official development assistance (ODA) to small island states (SIDS) from OECD-DAC countries, by donor countries (millions of constant 2017 United States dollars)	2019.Q2.G.01	336	Holy See	039	Southern Europe	Country	VAT	0	12.45315803	41.90343751																															
17	17.2	17.2.1	DC_ODA_SIDS	Net official development assistance (ODA) to small island states (SIDS) from OECD-DAC countries, by donor countries (millions of constant 2017 United States dollars)	2019.Q2.G.01	340	Honduras	013	Central America	Country	HND	1	-86.59974381	14.82243161																															
17	17.2	17.2.1	DC_ODA_SIDS	Net official development assistance (ODA) to small island states (SIDS) from OECD-DAC countries, by donor countries (millions of constant 2017 United States dollars)	2019.Q2.G.01	344	China, Hong Kong Special Administrative Region	030	Eastern Asia	Country	HKG	0	114.0266445	22.41749934																															
17	17.2	17.2.1	DC_ODA_SIDS	Net official development assistance (ODA) to small island states (SIDS) from OECD-DAC countries, by donor countries (millions of constant 2017 United States dollars)	2019.Q2.G.01	348	Hungary	151	Eastern Europe	Country	HUN	1	19.41221519	47.1651448	CON_USD	Constant USD			G	Global		Net Disbursements | Based on OECD, DAC database, 2019 | Constant 2017 USD million | Including imputed multilateral	The Organisation for Economic Co-operation and Development (OECD).		C: Country data				0.27023	1.55782	3.28851	3.21123	2.99147	3.81336	4.2423	5.86002	3.25957	2.79858	2.60658	2.72272	3.01019	4.18339	2.19741	2.19741	2017
17	17.2	17.2.1	DC_ODA_SIDS	Net official development assistance (ODA) to small island states (SIDS) from OECD-DAC countries, by donor countries (millions of constant 2017 United States dollars)	2019.Q2.G.01	352	Iceland	154	Northern Europe	Country	ISL	1	-19.02116966	64.79134763	CON_USD	Constant USD			G	Global		Net Disbursements | Based on OECD, DAC database, 2019 | Constant 2017 USD million | Including imputed multilateral	The Organisation for Economic Co-operation and Development (OECD).		C: Country data	0.1477	0.22443	0.11597	0.04142	0.02462	0.17202	0.30869	0.28101	0.6752	2.14755	2.15356	0.1416	0.36223	0.34623	0.21658	0.32869	0.41543	0.31	0.31	2017
17	17.2	17.2.1	DC_ODA_SIDS	Net official development assistance (ODA) to small island states (SIDS) from OECD-DAC countries, by donor countries (millions of constant 2017 United States dollars)	2019.Q2.G.01	356	India	034	Southern Asia	Country	IND	1	79.3608464	22.34642074																															
17	17.2	17.2.1	DC_ODA_SIDS	Net official development assistance (ODA) to small island states (SIDS) from OECD-DAC countries, by donor countries (millions of constant 2017 United States dollars)	2019.Q2.G.01	360	Indonesia	035	South-Eastern Asia	Country	IDN	1	113.9174	-0.994582204																															
17	17.2	17.2.1	DC_ODA_SIDS	Net official development assistance (ODA) to small island states (SIDS) from OECD-DAC countries, by donor countries (millions of constant 2017 United States dollars)	2019.Q2.G.01	364	Iran (Islamic Republic of)	034	Southern Asia	Country	IRN	1	54.19766348	32.74370885																															
17	17.2	17.2.1	DC_ODA_SIDS	Net official development assistance (ODA) to small island states (SIDS) from OECD-DAC countries, by donor countries (millions of constant 2017 United States dollars)	2019.Q2.G.01	368	Iraq	145	Western Asia	Country	IRQ	1	43.76606267	33.05013795																															
17	17.2	17.2.1	DC_ODA_SIDS	Net official development assistance (ODA) to small island states (SIDS) from OECD-DAC countries, by donor countries (millions of constant 2017 United States dollars)	2019.Q2.G.01	372	Ireland	154	Northern Europe	Country	IRL	1	-7.121425272	53.25274054	CON_USD	Constant USD			G	Global		Net Disbursements | Based on OECD, DAC database, 2019 | Constant 2017 USD million | Including imputed multilateral	The Organisation for Economic Co-operation and Development (OECD).		C: Country data	9.25103	9.28782	11.93222	11.09338	14.72796	14.37896	20.79226	21.69325	23.21537	19.68834	27.52692	17.27959	16.11615	10.83327	10.50815	10.71029	13.70517	9.78297	9.78297	2017
17	17.2	17.2.1	DC_ODA_SIDS	Net official development assistance (ODA) to small island states (SIDS) from OECD-DAC countries, by donor countries (millions of constant 2017 United States dollars)	2019.Q2.G.01	376	Israel	145	Western Asia	Country	ISR	1	34.62277992	31.06164552																															
17	17.2	17.2.1	DC_ODA_SIDS	Net official development assistance (ODA) to small island states (SIDS) from OECD-DAC countries, by donor countries (millions of constant 2017 United States dollars)	2019.Q2.G.01	380	Italy	039	Southern Europe	Country	ITA	1	12.57022427	42.79917282	CON_USD	Constant USD			G	Global		Net Disbursements | Based on OECD, DAC database, 2019 | Constant 2017 USD million | Including imputed multilateral	The Organisation for Economic Co-operation and Development (OECD).		C: Country data	86.03001	67.44705	68.86233	133.74763	89.81569	85.94965	109.94652	164.03087	133.38654	116.50683	185.91777	81.05808	63.5328	77.70004	68.6493	64.88648	187.27921	185.14938	185.14938	2017
17	17.2	17.2.1	DC_ODA_SIDS	Net official development assistance (ODA) to small island states (SIDS) from OECD-DAC countries, by donor countries (millions of constant 2017 United States dollars)	2019.Q2.G.01	384	Côte d'Ivoire	011	Western Africa	Country	CIV	1	-5.552690016	7.62211586																															
17	17.2	17.2.1	DC_ODA_SIDS	Net official development assistance (ODA) to small island states (SIDS) from OECD-DAC countries, by donor countries (millions of constant 2017 United States dollars)	2019.Q2.G.01	388	Jamaica	029	Caribbean	Country	JAM	1	-77.31068409	18.15616857																															
17	17.2	17.2.1	DC_ODA_SIDS	Net official development assistance (ODA) to small island states (SIDS) from OECD-DAC countries, by donor countries (millions of constant 2017 United States dollars)	2019.Q2.G.01	392	Japan	030	Eastern Asia	Country	JPN	1	139.2716103	36.6554539	CON_USD	Constant USD			G	Global		Net Disbursements | Based on OECD, DAC database, 2019 | Constant 2017 USD million | Including imputed multilateral	The Organisation for Economic Co-operation and Development (OECD).		C: Country data	339.20384	257.4352	270.25332	201.01016	189.60558	240.54543	191.89418	170.31073	128.80784	283.34822	412.33841	290.829	229.62016	250.94476	265.98336	283.02725	381.20749	404.52255	404.52255	2017
17	17.2	17.2.1	DC_ODA_SIDS	Net official development assistance (ODA) to small island states (SIDS) from OECD-DAC countries, by donor countries (millions of constant 2017 United States dollars)	2019.Q2.G.01	398	Kazakhstan	143	Central Asia	Country	KAZ	1	66.65359159	48.01963494																															
17	17.2	17.2.1	DC_ODA_SIDS	Net official development assistance (ODA) to small island states (SIDS) from OECD-DAC countries, by donor countries (millions of constant 2017 United States dollars)	2019.Q2.G.01	400	Jordan	145	Western Asia	Country	JOR	1	37.13024774	30.65365973																															
17	17.2	17.2.1	DC_ODA_SIDS	Net official development assistance (ODA) to small island states (SIDS) from OECD-DAC countries, by donor countries (millions of constant 2017 United States dollars)	2019.Q2.G.01	404	Kenya	014	Eastern Africa	Country	KEN	1	37.86096816	0.534797278																															
17	17.2	17.2.1	DC_ODA_SIDS	Net official development assistance (ODA) to small island states (SIDS) from OECD-DAC countries, by donor countries (millions of constant 2017 United States dollars)	2019.Q2.G.01	408	Democratic People's Republic of Korea	030	Eastern Asia	Country	PRK	1	127.1803633	40.1462645																															
17	17.2	17.2.1	DC_ODA_SIDS	Net official development assistance (ODA) to small island states (SIDS) from OECD-DAC countries, by donor countries (millions of constant 2017 United States dollars)	2019.Q2.G.01	410	Republic of Korea	030	Eastern Asia	Country	KOR	1	127.8610254	36.45201023	CON_USD	Constant USD			G	Global		Net Disbursements | Based on OECD, DAC database, 2019 | Constant 2017 USD million | Including imputed multilateral	The Organisation for Economic Co-operation and Development (OECD).		C: Country data	7.21421	11.53604	10.07763	12.36009	4.77346	34.25722	7.93842	14.67858	52.97364	43.30284	30.98028	28.91577	36.05761	33.79052	28.0249	48.27341	49.11347	49.0715	49.0715	2017
17	17.2	17.2.1	DC_ODA_SIDS	Net official development assistance (ODA) to small island states (SIDS) from OECD-DAC countries, by donor countries (millions of constant 2017 United States dollars)	2019.Q2.G.01	414	Kuwait	145	Western Asia	Country	KWT	1	47.49305029	29.53949468																															
17	17.2	17.2.1	DC_ODA_SIDS	Net official development assistance (ODA) to small island states (SIDS) from OECD-DAC countries, by donor countries (millions of constant 2017 United States dollars)	2019.Q2.G.01	417	Kyrgyzstan	143	Central Asia	Country	KGZ	1	74.52324839	41.46204516																															
17	17.2	17.2.1	DC_ODA_SIDS	Net official development assistance (ODA) to small island states (SIDS) from OECD-DAC countries, by donor countries (millions of constant 2017 United States dollars)	2019.Q2.G.01	418	Lao People's Democratic Republic	035	South-Eastern Asia	Country	LAO	1	101.9901968	20.27482773																															
17	17.2	17.2.1	DC_ODA_SIDS	Net official development assistance (ODA) to small island states (SIDS) from OECD-DAC countries, by donor countries (millions of constant 2017 United States dollars)	2019.Q2.G.01	422	Lebanon	145	Western Asia	Country	LBN	1	35.89391711	33.92152458																															
17	17.2	17.2.1	DC_ODA_SIDS	Net official development assistance (ODA) to small island states (SIDS) from OECD-DAC countries, by donor countries (millions of constant 2017 United States dollars)	2019.Q2.G.01	426	Lesotho	018	Southern Africa	Country	LSO	1	28.25362195	-29.58041814																															
17	17.2	17.2.1	DC_ODA_SIDS	Net official development assistance (ODA) to small island states (SIDS) from OECD-DAC countries, by donor countries (millions of constant 2017 United States dollars)	2019.Q2.G.01	428	Latvia	154	Northern Europe	Country	LVA	1	26.42461876	56.64196636																															
17	17.2	17.2.1	DC_ODA_SIDS	Net official development assistance (ODA) to small island states (SIDS) from OECD-DAC countries, by donor countries (millions of constant 2017 United States dollars)	2019.Q2.G.01	430	Liberia	011	Western Africa	Country	LBR	1	-9.311879038	6.448381009																															
17	17.2	17.2.1	DC_ODA_SIDS	Net official development assistance (ODA) to small island states (SIDS) from OECD-DAC countries, by donor countries (millions of constant 2017 United States dollars)	2019.Q2.G.01	434	Libya	015	Northern Africa	Country	LBY	1	18.0295985	27.04042819																															
17	17.2	17.2.1	DC_ODA_SIDS	Net official development assistance (ODA) to small island states (SIDS) from OECD-DAC countries, by donor countries (millions of constant 2017 United States dollars)	2019.Q2.G.01	438	Liechtenstein	155	Western Europe	Country	LIE	1	9.552985019	47.14167005																															
17	17.2	17.2.1	DC_ODA_SIDS	Net official development assistance (ODA) to small island states (SIDS) from OECD-DAC countries, by donor countries (millions of constant 2017 United States dollars)	2019.Q2.G.01	440	Lithuania	154	Northern Europe	Country	LTU	1	23.90517807	55.33680309																															
17	17.2	17.2.1	DC_ODA_SIDS	Net official development assistance (ODA) to small island states (SIDS) from OECD-DAC countries, by donor countries (millions of constant 2017 United States dollars)	2019.Q2.G.01	442	Luxembourg	155	Western Europe	Country	LUX	1	6.092656563	49.77679538	CON_USD	Constant USD			G	Global		Net Disbursements | Based on OECD, DAC database, 2019 | Constant 2017 USD million | Including imputed multilateral	The Organisation for Economic Co-operation and Development (OECD).		C: Country data	21.17344	16.64944	16.36767	17.65107	22.24386	24.68096	19.94947	22.53761	24.06523	20.47829	26.58674	20.36432	23.03194	22.64622	17.70861	19.94696	16.97855	14.22417	14.22417	2017
17	17.2	17.2.1	DC_ODA_SIDS	Net official development assistance (ODA) to small island states (SIDS) from OECD-DAC countries, by donor countries (millions of constant 2017 United States dollars)	2019.Q2.G.01	446	China, Macao Special Administrative Region	030	Eastern Asia	Country	MAC	0	113.5665388	22.1237259																															
17	17.2	17.2.1	DC_ODA_SIDS	Net official development assistance (ODA) to small island states (SIDS) from OECD-DAC countries, by donor countries (millions of constant 2017 United States dollars)	2019.Q2.G.01	450	Madagascar	014	Eastern Africa	Country	MDG	1	46.6982339	-19.38514785																															
17	17.2	17.2.1	DC_ODA_SIDS	Net official development assistance (ODA) to small island states (SIDS) from OECD-DAC countries, by donor countries (millions of constant 2017 United States dollars)	2019.Q2.G.01	454	Malawi	014	Eastern Africa	Country	MWI	1	33.4884625	-13.40819859																															
17	17.2	17.2.1	DC_ODA_SIDS	Net official development assistance (ODA) to small island states (SIDS) from OECD-DAC countries, by donor countries (millions of constant 2017 United States dollars)	2019.Q2.G.01	458	Malaysia	035	South-Eastern Asia	Country	MYS	1	116.8346314	5.452415309																															
17	17.2	17.2.1	DC_ODA_SIDS	Net official development assistance (ODA) to small island states (SIDS) from OECD-DAC countries, by donor countries (millions of constant 2017 United States dollars)	2019.Q2.G.01	462	Maldives	034	Southern Asia	Country	MDV	1	73.09672546	-0.614385021																															
17	17.2	17.2.1	DC_ODA_SIDS	Net official development assistance (ODA) to small island states (SIDS) from OECD-DAC countries, by donor countries (millions of constant 2017 United States dollars)	2019.Q2.G.01	466	Mali	011	Western Africa	Country	MLI	1	-3.522016039	17.35311254																															
17	17.2	17.2.1	DC_ODA_SIDS	Net official development assistance (ODA) to small island states (SIDS) from OECD-DAC countries, by donor countries (millions of constant 2017 United States dollars)	2019.Q2.G.01	470	Malta	039	Southern Europe	Country	MLT	1	14.44617519	35.89194275																															
17	17.2	17.2.1	DC_ODA_SIDS	Net official development assistance (ODA) to small island states (SIDS) from OECD-DAC countries, by donor countries (millions of constant 2017 United States dollars)	2019.Q2.G.01	474	Martinique	029	Caribbean	Country	MTQ	0	-60.91544135	14.56086108																															
17	17.2	17.2.1	DC_ODA_SIDS	Net official development assistance (ODA) to small island states (SIDS) from OECD-DAC countries, by donor countries (millions of constant 2017 United States dollars)	2019.Q2.G.01	478	Mauritania	011	Western Africa	Country	MRT	1	-10.33187259	20.26089546																															
17	17.2	17.2.1	DC_ODA_SIDS	Net official development assistance (ODA) to small island states (SIDS) from OECD-DAC countries, by donor countries (millions of constant 2017 United States dollars)	2019.Q2.G.01	480	Mauritius	014	Eastern Africa	Country	MUS	1	57.568022	-20.28581998																															
17	17.2	17.2.1	DC_ODA_SIDS	Net official development assistance (ODA) to small island states (SIDS) from OECD-DAC countries, by donor countries (millions of constant 2017 United States dollars)	2019.Q2.G.01	484	Mexico	013	Central America	Country	MEX	1	-102.5148166	23.93378032																															
17	17.2	17.2.1	DC_ODA_SIDS	Net official development assistance (ODA) to small island states (SIDS) from OECD-DAC countries, by donor countries (millions of constant 2017 United States dollars)	2019.Q2.G.01	492	Monaco	155	Western Europe	Country	MCO	1	7.424214814	43.73532918																															
17	17.2	17.2.1	DC_ODA_SIDS	Net official development assistance (ODA) to small island states (SIDS) from OECD-DAC countries, by donor countries (millions of constant 2017 United States dollars)	2019.Q2.G.01	496	Mongolia	030	Eastern Asia	Country	MNG	1	103.0728057	46.83892054																															
17	17.2	17.2.1	DC_ODA_SIDS	Net official development assistance (ODA) to small island states (SIDS) from OECD-DAC countries, by donor countries (millions of constant 2017 United States dollars)	2019.Q2.G.01	498	Republic of Moldova	151	Eastern Europe	Country	MDA	1	28.4650624	47.20236795																															
17	17.2	17.2.1	DC_ODA_SIDS	Net official development assistance (ODA) to small island states (SIDS) from OECD-DAC countries, by donor countries (millions of constant 2017 United States dollars)	2019.Q2.G.01	499	Montenegro	039	Southern Europe	Country	MNE	1	19.25214024	42.78717043																															
17	17.2	17.2.1	DC_ODA_SIDS	Net official development assistance (ODA) to small island states (SIDS) from OECD-DAC countries, by donor countries (millions of constant 2017 United States dollars)	2019.Q2.G.01	500	Montserrat	029	Caribbean	Country	MSR	0	-62.19261223	16.73558313																															
17	17.2	17.2.1	DC_ODA_SIDS	Net official development assistance (ODA) to small island states (SIDS) from OECD-DAC countries, by donor countries (millions of constant 2017 United States dollars)	2019.Q2.G.01	504	Morocco	015	Northern Africa	Country	MAR	1	-6.281942841	31.8440131																															
17	17.2	17.2.1	DC_ODA_SIDS	Net official development assistance (ODA) to small island states (SIDS) from OECD-DAC countries, by donor countries (millions of constant 2017 United States dollars)	2019.Q2.G.01	508	Mozambique	014	Eastern Africa	Country	MOZ	1	38.18479941	-14.27963886																															
17	17.2	17.2.1	DC_ODA_SIDS	Net official development assistance (ODA) to small island states (SIDS) from OECD-DAC countries, by donor countries (millions of constant 2017 United States dollars)	2019.Q2.G.01	512	Oman	145	Western Asia	Country	OMN	1	57.87743482	21.98805614																															
17	17.2	17.2.1	DC_ODA_SIDS	Net official development assistance (ODA) to small island states (SIDS) from OECD-DAC countries, by donor countries (millions of constant 2017 United States dollars)	2019.Q2.G.01	516	Namibia	018	Southern Africa	Country	NAM	1	17.21907885	-22.13817068																															
17	17.2	17.2.1	DC_ODA_SIDS	Net official development assistance (ODA) to small island states (SIDS) from OECD-DAC countries, by donor countries (millions of constant 2017 United States dollars)	2019.Q2.G.01	520	Nauru	057	Micronesia	Country	NRU	1	166.92313	-0.528742623																															
17	17.2	17.2.1	DC_ODA_SIDS	Net official development assistance (ODA) to small island states (SIDS) from OECD-DAC countries, by donor countries (millions of constant 2017 United States dollars)	2019.Q2.G.01	524	Nepal	034	Southern Asia	Country	NPL	1	83.94678863	28.25866332																															
17	17.2	17.2.1	DC_ODA_SIDS	Net official development assistance (ODA) to small island states (SIDS) from OECD-DAC countries, by donor countries (millions of constant 2017 United States dollars)	2019.Q2.G.01	528	Netherlands	155	Western Europe	Country	NLD	1	5.331480568	51.86728884	CON_USD	Constant USD			G	Global		Net Disbursements | Based on OECD, DAC database, 2019 | Constant 2017 USD million | Including imputed multilateral	The Organisation for Economic Co-operation and Development (OECD).		C: Country data	415.82947	202.01631	213.35107	179.51943	83.69048	102.08582	86.76279	176.78497	124.18261	156.26987	151.22772	110.29078	58.93638	49.68204	39.09905	45.04916	46.02346	32.29181	32.29181	2017
17	17.2	17.2.1	DC_ODA_SIDS	Net official development assistance (ODA) to small island states (SIDS) from OECD-DAC countries, by donor countries (millions of constant 2017 United States dollars)	2019.Q2.G.01	530	Netherlands Antilles	029	Caribbean	Country	ANT	0	-68.30676179	12.22720635																															
17	17.2	17.2.1	DC_ODA_SIDS	Net official development assistance (ODA) to small island states (SIDS) from OECD-DAC countries, by donor countries (millions of constant 2017 United States dollars)	2019.Q2.G.01	531	Curaçao	029	Caribbean	Country	CUW	0	-68.95033464	12.15058042																															
17	17.2	17.2.1	DC_ODA_SIDS	Net official development assistance (ODA) to small island states (SIDS) from OECD-DAC countries, by donor countries (millions of constant 2017 United States dollars)	2019.Q2.G.01	533	Aruba	029	Caribbean	Country	ABW	0	-69.97050586	12.50878756																															
17	17.2	17.2.1	DC_ODA_SIDS	Net official development assistance (ODA) to small island states (SIDS) from OECD-DAC countries, by donor countries (millions of constant 2017 United States dollars)	2019.Q2.G.01	534	Sint Maarten (Dutch part)	029	Caribbean	Country	SXM	0	-63.06198692	18.03926508																															
17	17.2	17.2.1	DC_ODA_SIDS	Net official development assistance (ODA) to small island states (SIDS) from OECD-DAC countries, by donor countries (millions of constant 2017 United States dollars)	2019.Q2.G.01	540	New Caledonia	054	Melanesia	Country	NCL	0	165.5067368	-21.41742531																															
17	17.2	17.2.1	DC_ODA_SIDS	Net official development assistance (ODA) to small island states (SIDS) from OECD-DAC countries, by donor countries (millions of constant 2017 United States dollars)	2019.Q2.G.01	548	Vanuatu	054	Melanesia	Country	VUT	1	167.0679779	-15.34445547																															
17	17.2	17.2.1	DC_ODA_SIDS	Net official development assistance (ODA) to small island states (SIDS) from OECD-DAC countries, by donor countries (millions of constant 2017 United States dollars)	2019.Q2.G.01	554	New Zealand	053	Australia and New Zealand	Country	NZL	1	170.4755673	-43.98721568	CON_USD	Constant USD			G	Global		Net Disbursements | Based on OECD, DAC database, 2019 | Constant 2017 USD million | Including imputed multilateral	The Organisation for Economic Co-operation and Development (OECD).		C: Country data	85.39863	89.33202	77.42351	86.14726	84.95185	93.42909	114.50774	107.36604	126.10183	136.06739	151.63326	152.00598	164.8428	146.17827	174.24997	197.14751	175.06736	155.95	155.95	2017
17	17.2	17.2.1	DC_ODA_SIDS	Net official development assistance (ODA) to small island states (SIDS) from OECD-DAC countries, by donor countries (millions of constant 2017 United States dollars)	2019.Q2.G.01	558	Nicaragua	013	Central America	Country	NIC	1	-85.03060315	12.84210839																															
17	17.2	17.2.1	DC_ODA_SIDS	Net official development assistance (ODA) to small island states (SIDS) from OECD-DAC countries, by donor countries (millions of constant 2017 United States dollars)	2019.Q2.G.01	562	Niger	011	Western Africa	Country	NER	1	9.400167877	17.42143036																															
17	17.2	17.2.1	DC_ODA_SIDS	Net official development assistance (ODA) to small island states (SIDS) from OECD-DAC countries, by donor countries (millions of constant 2017 United States dollars)	2019.Q2.G.01	566	Nigeria	011	Western Africa	Country	NGA	1	8.097363256	9.585789025																															
17	17.2	17.2.1	DC_ODA_SIDS	Net official development assistance (ODA) to small island states (SIDS) from OECD-DAC countries, by donor countries (millions of constant 2017 United States dollars)	2019.Q2.G.01	570	Niue	061	Polynesia	Country	NIU	0	-169.8601693	-19.05000475																															
17	17.2	17.2.1	DC_ODA_SIDS	Net official development assistance (ODA) to small island states (SIDS) from OECD-DAC countries, by donor countries (millions of constant 2017 United States dollars)	2019.Q2.G.01	574	Norfolk Island	053	Australia and New Zealand	Country	NFK	0	167.9515548	-29.03230018																															
17	17.2	17.2.1	DC_ODA_SIDS	Net official development assistance (ODA) to small island states (SIDS) from OECD-DAC countries, by donor countries (millions of constant 2017 United States dollars)	2019.Q2.G.01	578	Norway	154	Northern Europe	Country	NOR	1	11.47846389	61.34311134	CON_USD	Constant USD			G	Global		Net Disbursements | Based on OECD, DAC database, 2019 | Constant 2017 USD million | Including imputed multilateral	The Organisation for Economic Co-operation and Development (OECD).		C: Country data	36.27835	38.0401	46.53413	41.76871	53.67353	47.41054	48.1959	45.01795	34.63331	36.47335	114.89893	78.48472	47.89039	38.07946	108.1595	42.97652	45.03846	48.18815	48.18815	2017
17	17.2	17.2.1	DC_ODA_SIDS	Net official development assistance (ODA) to small island states (SIDS) from OECD-DAC countries, by donor countries (millions of constant 2017 United States dollars)	2019.Q2.G.01	580	Northern Mariana Islands	057	Micronesia	Country	MNP	0	145.7582114	15.19099517																															
17	17.2	17.2.1	DC_ODA_SIDS	Net official development assistance (ODA) to small island states (SIDS) from OECD-DAC countries, by donor countries (millions of constant 2017 United States dollars)	2019.Q2.G.01	581	United States Minor Outlying Islands	057	Micronesia	Country	UMI	0	-162.4343752	5.874443968																															
17	17.2	17.2.1	DC_ODA_SIDS	Net official development assistance (ODA) to small island states (SIDS) from OECD-DAC countries, by donor countries (millions of constant 2017 United States dollars)	2019.Q2.G.01	583	Micronesia (Federated States of)	057	Micronesia	Country	FSM	1	158.225216	6.880670092																															
17	17.2	17.2.1	DC_ODA_SIDS	Net official development assistance (ODA) to small island states (SIDS) from OECD-DAC countries, by donor countries (millions of constant 2017 United States dollars)	2019.Q2.G.01	584	Marshall Islands	057	Micronesia	Country	MHL	1	171.0839119	7.110213497																															
17	17.2	17.2.1	DC_ODA_SIDS	Net official development assistance (ODA) to small island states (SIDS) from OECD-DAC countries, by donor countries (millions of constant 2017 United States dollars)	2019.Q2.G.01	585	Palau	057	Micronesia	Country	PLW	1	134.5733878	7.502307591																															
17	17.2	17.2.1	DC_ODA_SIDS	Net official development assistance (ODA) to small island states (SIDS) from OECD-DAC countries, by donor countries (millions of constant 2017 United States dollars)	2019.Q2.G.01	586	Pakistan	034	Southern Asia	Country	PAK	1	68.80479684	29.36491634																															
17	17.2	17.2.1	DC_ODA_SIDS	Net official development assistance (ODA) to small island states (SIDS) from OECD-DAC countries, by donor countries (millions of constant 2017 United States dollars)	2019.Q2.G.01	591	Panama	013	Central America	Country	PAN	1	-81.26616623	8.450965746																															
17	17.2	17.2.1	DC_ODA_SIDS	Net official development assistance (ODA) to small island states (SIDS) from OECD-DAC countries, by donor countries (millions of constant 2017 United States dollars)	2019.Q2.G.01	598	Papua New Guinea	054	Melanesia	Country	PNG	1	145.8587761	-6.756057077																															
17	17.2	17.2.1	DC_ODA_SIDS	Net official development assistance (ODA) to small island states (SIDS) from OECD-DAC countries, by donor countries (millions of constant 2017 United States dollars)	2019.Q2.G.01	600	Paraguay	005	South America	Country	PRY	1	-60.54854225	-21.70216237																															
17	17.2	17.2.1	DC_ODA_SIDS	Net official development assistance (ODA) to small island states (SIDS) from OECD-DAC countries, by donor countries (millions of constant 2017 United States dollars)	2019.Q2.G.01	604	Peru	005	South America	Country	PER	1	-71.82093277	-13.58939705																															
17	17.2	17.2.1	DC_ODA_SIDS	Net official development assistance (ODA) to small island states (SIDS) from OECD-DAC countries, by donor countries (millions of constant 2017 United States dollars)	2019.Q2.G.01	608	Philippines	035	South-Eastern Asia	Country	PHL	1	120.8601418	14.16591706																															
17	17.2	17.2.1	DC_ODA_SIDS	Net official development assistance (ODA) to small island states (SIDS) from OECD-DAC countries, by donor countries (millions of constant 2017 United States dollars)	2019.Q2.G.01	612	Pitcairn	061	Polynesia	Country	PCN	0	-128.3225873	-24.37538456																															
17	17.2	17.2.1	DC_ODA_SIDS	Net official development assistance (ODA) to small island states (SIDS) from OECD-DAC countries, by donor countries (millions of constant 2017 United States dollars)	2019.Q2.G.01	616	Poland	151	Eastern Europe	Country	POL	1	19.40660158	52.1226733	CON_USD	Constant USD			G	Global		Net Disbursements | Based on OECD, DAC database, 2019 | Constant 2017 USD million | Including imputed multilateral	The Organisation for Economic Co-operation and Development (OECD).		C: Country data	0.93837	0.21331	0.19317	0.3512	4.82778	6.06948	7.93821	9.17794	11.85317	14.73205	18.06824	10.02431	9.1254	9.64633	9.07478	9.84902	12.75039	9.11236	9.11236	2017
17	17.2	17.2.1	DC_ODA_SIDS	Net official development assistance (ODA) to small island states (SIDS) from OECD-DAC countries, by donor countries (millions of constant 2017 United States dollars)	2019.Q2.G.01	620	Portugal	039	Southern Europe	Country	PRT	1	-7.961599811	39.68509315	CON_USD	Constant USD			G	Global		Net Disbursements | Based on OECD, DAC database, 2019 | Constant 2017 USD million | Including imputed multilateral	The Organisation for Economic Co-operation and Development (OECD).		C: Country data	180.12351	191.15342	172.80548	133.37581	97.33821	119.32758	123.02839	117.39497	122.6207	114.02023	214.41032	197.98199	214.38526	187.15271	165.55404	111.83592	82.02897	67.40227	67.40227	2017
17	17.2	17.2.1	DC_ODA_SIDS	Net official development assistance (ODA) to small island states (SIDS) from OECD-DAC countries, by donor countries (millions of constant 2017 United States dollars)	2019.Q2.G.01	624	Guinea-Bissau	011	Western Africa	Country	GNB	1	-14.40182514	12.11760394																															
17	17.2	17.2.1	DC_ODA_SIDS	Net official development assistance (ODA) to small island states (SIDS) from OECD-DAC countries, by donor countries (millions of constant 2017 United States dollars)	2019.Q2.G.01	626	Timor-Leste	035	South-Eastern Asia	Country	TLS	1	125.9451052	-8.797497247																															
17	17.2	17.2.1	DC_ODA_SIDS	Net official development assistance (ODA) to small island states (SIDS) from OECD-DAC countries, by donor countries (millions of constant 2017 United States dollars)	2019.Q2.G.01	630	Puerto Rico	029	Caribbean	Country	PRI	0	-66.47591017	18.22753799																															
17	17.2	17.2.1	DC_ODA_SIDS	Net official development assistance (ODA) to small island states (SIDS) from OECD-DAC countries, by donor countries (millions of constant 2017 United States dollars)	2019.Q2.G.01	634	Qatar	145	Western Asia	Country	QAT	1	51.19152467	25.28355379																															
17	17.2	17.2.1	DC_ODA_SIDS	Net official development assistance (ODA) to small island states (SIDS) from OECD-DAC countries, by donor countries (millions of constant 2017 United States dollars)	2019.Q2.G.01	638	Réunion	014	Eastern Africa	Country	REU	0	55.53171398	-21.13183266																															
17	17.2	17.2.1	DC_ODA_SIDS	Net official development assistance (ODA) to small island states (SIDS) from OECD-DAC countries, by donor countries (millions of constant 2017 United States dollars)	2019.Q2.G.01	642	Romania	151	Eastern Europe	Country	ROU	1	24.98481009	45.83893563																															
17	17.2	17.2.1	DC_ODA_SIDS	Net official development assistance (ODA) to small island states (SIDS) from OECD-DAC countries, by donor countries (millions of constant 2017 United States dollars)	2019.Q2.G.01	643	Russian Federation	151	Eastern Europe	Country	RUS	1	99.01404926	61.61899849																															
17	17.2	17.2.1	DC_ODA_SIDS	Net official development assistance (ODA) to small island states (SIDS) from OECD-DAC countries, by donor countries (millions of constant 2017 United States dollars)	2019.Q2.G.01	646	Rwanda	014	Eastern Africa	Country	RWA	1	29.92310194	-1.999842114																															
17	17.2	17.2.1	DC_ODA_SIDS	Net official development assistance (ODA) to small island states (SIDS) from OECD-DAC countries, by donor countries (millions of constant 2017 United States dollars)	2019.Q2.G.01	652	Saint Barthélemy	029	Caribbean	Country	BLM	0	-62.83173536	17.89513362																															
17	17.2	17.2.1	DC_ODA_SIDS	Net official development assistance (ODA) to small island states (SIDS) from OECD-DAC countries, by donor countries (millions of constant 2017 United States dollars)	2019.Q2.G.01	654	Saint Helena	011	Western Africa	Country	SHN	0	-5.705752501	-15.96503946																															
17	17.2	17.2.1	DC_ODA_SIDS	Net official development assistance (ODA) to small island states (SIDS) from OECD-DAC countries, by donor countries (millions of constant 2017 United States dollars)	2019.Q2.G.01	659	Saint Kitts and Nevis	029	Caribbean	Country	KNA	1	-62.76628613	17.33994219																															
17	17.2	17.2.1	DC_ODA_SIDS	Net official development assistance (ODA) to small island states (SIDS) from OECD-DAC countries, by donor countries (millions of constant 2017 United States dollars)	2019.Q2.G.01	660	Anguilla	029	Caribbean	Country	AIA	0	-63.05651612	18.21525315																															
17	17.2	17.2.1	DC_ODA_SIDS	Net official development assistance (ODA) to small island states (SIDS) from OECD-DAC countries, by donor countries (millions of constant 2017 United States dollars)	2019.Q2.G.01	662	Saint Lucia	029	Caribbean	Country	LCA	1	-60.96529553	13.89405601																															
17	17.2	17.2.1	DC_ODA_SIDS	Net official development assistance (ODA) to small island states (SIDS) from OECD-DAC countries, by donor countries (millions of constant 2017 United States dollars)	2019.Q2.G.01	663	Saint Martin (French Part)	029	Caribbean	Country	MAF	0	-63.04505461	18.0882685																															
17	17.2	17.2.1	DC_ODA_SIDS	Net official development assistance (ODA) to small island states (SIDS) from OECD-DAC countries, by donor countries (millions of constant 2017 United States dollars)	2019.Q2.G.01	666	Saint Pierre and Miquelon	021	Northern America	Country	SPM	0	-56.33682442	46.85812735																															
17	17.2	17.2.1	DC_ODA_SIDS	Net official development assistance (ODA) to small island states (SIDS) from OECD-DAC countries, by donor countries (millions of constant 2017 United States dollars)	2019.Q2.G.01	670	Saint Vincent and the Grenadines	029	Caribbean	Country	VCT	1	-61.19024321	13.24627968																															
17	17.2	17.2.1	DC_ODA_SIDS	Net official development assistance (ODA) to small island states (SIDS) from OECD-DAC countries, by donor countries (millions of constant 2017 United States dollars)	2019.Q2.G.01	674	San Marino	039	Southern Europe	Country	SMR	1	12.46329038	43.93841766																															
17	17.2	17.2.1	DC_ODA_SIDS	Net official development assistance (ODA) to small island states (SIDS) from OECD-DAC countries, by donor countries (millions of constant 2017 United States dollars)	2019.Q2.G.01	678	Sao Tome and Principe	017	Middle Africa	Country	STP	1	6.609772265	0.241554875																															
17	17.2	17.2.1	DC_ODA_SIDS	Net official development assistance (ODA) to small island states (SIDS) from OECD-DAC countries, by donor countries (millions of constant 2017 United States dollars)	2019.Q2.G.01	682	Saudi Arabia	145	Western Asia	Country	SAU	1	44.54763347	24.12594211																															
17	17.2	17.2.1	DC_ODA_SIDS	Net official development assistance (ODA) to small island states (SIDS) from OECD-DAC countries, by donor countries (millions of constant 2017 United States dollars)	2019.Q2.G.01	686	Senegal	011	Western Africa	Country	SEN	1	-14.46636926	14.35920905																															
17	17.2	17.2.1	DC_ODA_SIDS	Net official development assistance (ODA) to small island states (SIDS) from OECD-DAC countries, by donor countries (millions of constant 2017 United States dollars)	2019.Q2.G.01	688	Serbia	039	Southern Europe	Country	SRB	1	20.805876	44.03145697																															
17	17.2	17.2.1	DC_ODA_SIDS	Net official development assistance (ODA) to small island states (SIDS) from OECD-DAC countries, by donor countries (millions of constant 2017 United States dollars)	2019.Q2.G.01	690	Seychelles	014	Eastern Africa	Country	SYC	1	55.46561591	-4.678053059																															
17	17.2	17.2.1	DC_ODA_SIDS	Net official development assistance (ODA) to small island states (SIDS) from OECD-DAC countries, by donor countries (millions of constant 2017 United States dollars)	2019.Q2.G.01	694	Sierra Leone	011	Western Africa	Country	SLE	1	-11.78306584	8.568604164																															
17	17.2	17.2.1	DC_ODA_SIDS	Net official development assistance (ODA) to small island states (SIDS) from OECD-DAC countries, by donor countries (millions of constant 2017 United States dollars)	2019.Q2.G.01	702	Singapore	035	South-Eastern Asia	Country	SGP	1	103.8107883	1.361009155																															
17	17.2	17.2.1	DC_ODA_SIDS	Net official development assistance (ODA) to small island states (SIDS) from OECD-DAC countries, by donor countries (millions of constant 2017 United States dollars)	2019.Q2.G.01	703	Slovakia	151	Eastern Europe	Country	SVK	1	19.48495604	48.70741446	CON_USD	Constant USD			G	Global		Net Disbursements | Based on OECD, DAC database, 2019 | Constant 2017 USD million | Including imputed multilateral	The Organisation for Economic Co-operation and Development (OECD).		C: Country data			0.17113	0.36244	0.91499	1.18116	1.59688	1.87325	2.41206	2.64758	3.35431	1.87446	1.7455	1.82621	1.59942	2.14141	2.58103	2.11153	2.11153	2017
17	17.2	17.2.1	DC_ODA_SIDS	Net official development assistance (ODA) to small island states (SIDS) from OECD-DAC countries, by donor countries (millions of constant 2017 United States dollars)	2019.Q2.G.01	704	Viet Nam	035	South-Eastern Asia	Country	VNM	1	105.802499	10.09643079																															
17	17.2	17.2.1	DC_ODA_SIDS	Net official development assistance (ODA) to small island states (SIDS) from OECD-DAC countries, by donor countries (millions of constant 2017 United States dollars)	2019.Q2.G.01	705	Slovenia	039	Southern Europe	Country	SVN	1	14.82209486	46.11958061	CON_USD	Constant USD			G	Global		Net Disbursements | Based on OECD, DAC database, 2019 | Constant 2017 USD million | Including imputed multilateral	The Organisation for Economic Co-operation and Development (OECD).		C: Country data									1.66895	2.17257	2.49007	1.72481	1.95945	1.95556	1.111	1.20085	1.58314	1.19583	1.19583	2017
17	17.2	17.2.1	DC_ODA_SIDS	Net official development assistance (ODA) to small island states (SIDS) from OECD-DAC countries, by donor countries (millions of constant 2017 United States dollars)	2019.Q2.G.01	706	Somalia	014	Eastern Africa	Country	SOM	1	46.20367477	4.406485729																															
17	17.2	17.2.1	DC_ODA_SIDS	Net official development assistance (ODA) to small island states (SIDS) from OECD-DAC countries, by donor countries (millions of constant 2017 United States dollars)	2019.Q2.G.01	710	South Africa	018	Southern Africa	Country	ZAF	1	24.67184355	-29.99957544																															
17	17.2	17.2.1	DC_ODA_SIDS	Net official development assistance (ODA) to small island states (SIDS) from OECD-DAC countries, by donor countries (millions of constant 2017 United States dollars)	2019.Q2.G.01	716	Zimbabwe	014	Eastern Africa	Country	ZWE	1	29.86909584	-19.00075492																															
17	17.2	17.2.1	DC_ODA_SIDS	Net official development assistance (ODA) to small island states (SIDS) from OECD-DAC countries, by donor countries (millions of constant 2017 United States dollars)	2019.Q2.G.01	724	Spain	039	Southern Europe	Country	ESP	1	-3.554078296	40.39211472	CON_USD	Constant USD			G	Global		Net Disbursements | Based on OECD, DAC database, 2019 | Constant 2017 USD million | Including imputed multilateral	The Organisation for Economic Co-operation and Development (OECD).		C: Country data	95.87272	100.45802	125.01287	91.36006	123.28682	93.66667	120.10637	161.99859	207.4463	303.20513	337.04054	212.59801	70.54179	73.5614	55.50491	167.06772	2242.00768	50.6089	50.6089	2017
17	17.2	17.2.1	DC_ODA_SIDS	Net official development assistance (ODA) to small island states (SIDS) from OECD-DAC countries, by donor countries (millions of constant 2017 United States dollars)	2019.Q2.G.01	728	South Sudan	014	Eastern Africa	Country	SSD	1	30.32618773	7.290839152																															
17	17.2	17.2.1	DC_ODA_SIDS	Net official development assistance (ODA) to small island states (SIDS) from OECD-DAC countries, by donor countries (millions of constant 2017 United States dollars)	2019.Q2.G.01	729	Sudan	015	Northern Africa	Country	SDN	0	29.95650159	16.02643066																															
17	17.2	17.2.1	DC_ODA_SIDS	Net official development assistance (ODA) to small island states (SIDS) from OECD-DAC countries, by donor countries (millions of constant 2017 United States dollars)	2019.Q2.G.01	732	Western Sahara	015	Northern Africa	Country	ESH	0	-13.13515523	24.66265342																															
17	17.2	17.2.1	DC_ODA_SIDS	Net official development assistance (ODA) to small island states (SIDS) from OECD-DAC countries, by donor countries (millions of constant 2017 United States dollars)	2019.Q2.G.01	740	Suriname	005	South America	Country	SUR	1	-55.90626394	4.132603197																															
17	17.2	17.2.1	DC_ODA_SIDS	Net official development assistance (ODA) to small island states (SIDS) from OECD-DAC countries, by donor countries (millions of constant 2017 United States dollars)	2019.Q2.G.01	744	Svalbard and Jan Mayen Islands	154	Northern Europe	Country	SJM	0	13.38071013	78.82894131																															
17	17.2	17.2.1	DC_ODA_SIDS	Net official development assistance (ODA) to small island states (SIDS) from OECD-DAC countries, by donor countries (millions of constant 2017 United States dollars)	2019.Q2.G.01	748	Eswatini	018	Southern Africa	Country	SWZ	1	31.50149288	-26.56471011																															
17	17.2	17.2.1	DC_ODA_SIDS	Net official development assistance (ODA) to small island states (SIDS) from OECD-DAC countries, by donor countries (millions of constant 2017 United States dollars)	2019.Q2.G.01	752	Sweden	154	Northern Europe	Country	SWE	1	14.3775338	60.60103109	CON_USD	Constant USD			G	Global		Net Disbursements | Based on OECD, DAC database, 2019 | Constant 2017 USD million | Including imputed multilateral	The Organisation for Economic Co-operation and Development (OECD).		C: Country data	38.22267	35.28959	36.36191	34.75997	43.49806	43.3305	44.27973	52.45716	58.58637	56.10158	102.16152	64.63703	50.87414	47.38341	48.24788	43.92489	47.73089	48.09105	48.09105	2017
17	17.2	17.2.1	DC_ODA_SIDS	Net official development assistance (ODA) to small island states (SIDS) from OECD-DAC countries, by donor countries (millions of constant 2017 United States dollars)	2019.Q2.G.01	756	Switzerland	155	Western Europe	Country	CHE	1	8.223158	46.96617097	CON_USD	Constant USD			G	Global		Net Disbursements | Based on OECD, DAC database, 2019 | Constant 2017 USD million | Including imputed multilateral	The Organisation for Economic Co-operation and Development (OECD).		C: Country data	29.40717	18.24659	20.07638	28.65937	32.90307	29.65741	23.05346	28.53992	25.35691	34.20299	48.73612	39.71985	36.75473	44.84905	48.15939	48.10038	61.08206	62.3484	62.3484	2017
17	17.2	17.2.1	DC_ODA_SIDS	Net official development assistance (ODA) to small island states (SIDS) from OECD-DAC countries, by donor countries (millions of constant 2017 United States dollars)	2019.Q2.G.01	760	Syrian Arab Republic	145	Western Asia	Country	SYR	1	38.50466565	35.01676176																															
17	17.2	17.2.1	DC_ODA_SIDS	Net official development assistance (ODA) to small island states (SIDS) from OECD-DAC countries, by donor countries (millions of constant 2017 United States dollars)	2019.Q2.G.01	762	Tajikistan	143	Central Asia	Country	TJK	1	69.294998	38.43069666																															
17	17.2	17.2.1	DC_ODA_SIDS	Net official development assistance (ODA) to small island states (SIDS) from OECD-DAC countries, by donor countries (millions of constant 2017 United States dollars)	2019.Q2.G.01	764	Thailand	035	South-Eastern Asia	Country	THA	1	101.0202951	15.13089239																															
17	17.2	17.2.1	DC_ODA_SIDS	Net official development assistance (ODA) to small island states (SIDS) from OECD-DAC countries, by donor countries (millions of constant 2017 United States dollars)	2019.Q2.G.01	768	Togo	011	Western Africa	Country	TGO	1	0.97835765	8.532096072																															
17	17.2	17.2.1	DC_ODA_SIDS	Net official development assistance (ODA) to small island states (SIDS) from OECD-DAC countries, by donor countries (millions of constant 2017 United States dollars)	2019.Q2.G.01	772	Tokelau	061	Polynesia	Country	TKL	0	-171.8154473	-9.214545558																															
17	17.2	17.2.1	DC_ODA_SIDS	Net official development assistance (ODA) to small island states (SIDS) from OECD-DAC countries, by donor countries (millions of constant 2017 United States dollars)	2019.Q2.G.01	776	Tonga	061	Polynesia	Country	TON	1	-175.1959991	-21.19511329																															
17	17.2	17.2.1	DC_ODA_SIDS	Net official development assistance (ODA) to small island states (SIDS) from OECD-DAC countries, by donor countries (millions of constant 2017 United States dollars)	2019.Q2.G.01	780	Trinidad and Tobago	029	Caribbean	Country	TTO	1	-61.29389504	10.41877263																															
17	17.2	17.2.1	DC_ODA_SIDS	Net official development assistance (ODA) to small island states (SIDS) from OECD-DAC countries, by donor countries (millions of constant 2017 United States dollars)	2019.Q2.G.01	784	United Arab Emirates	145	Western Asia	Country	ARE	1	53.98279159	23.43322219																															
17	17.2	17.2.1	DC_ODA_SIDS	Net official development assistance (ODA) to small island states (SIDS) from OECD-DAC countries, by donor countries (millions of constant 2017 United States dollars)	2019.Q2.G.01	788	Tunisia	015	Northern Africa	Country	TUN	1	9.572737411	34.11439971																															
17	17.2	17.2.1	DC_ODA_SIDS	Net official development assistance (ODA) to small island states (SIDS) from OECD-DAC countries, by donor countries (millions of constant 2017 United States dollars)	2019.Q2.G.01	792	Turkey	145	Western Asia	Country	TUR	1	35.42890329	38.9899684																															
17	17.2	17.2.1	DC_ODA_SIDS	Net official development assistance (ODA) to small island states (SIDS) from OECD-DAC countries, by donor countries (millions of constant 2017 United States dollars)	2019.Q2.G.01	795	Turkmenistan	143	Central Asia	Country	TKM	1	58.9787665	40.0912346																															
17	17.2	17.2.1	DC_ODA_SIDS	Net official development assistance (ODA) to small island states (SIDS) from OECD-DAC countries, by donor countries (millions of constant 2017 United States dollars)	2019.Q2.G.01	796	Turks and Caicos Islands	029	Caribbean	Country	TCA	0	-71.745121	21.80780585																															
17	17.2	17.2.1	DC_ODA_SIDS	Net official development assistance (ODA) to small island states (SIDS) from OECD-DAC countries, by donor countries (millions of constant 2017 United States dollars)	2019.Q2.G.01	798	Tuvalu	061	Polynesia	Country	TUV	1	178.6679611	-7.460048071																															
17	17.2	17.2.1	DC_ODA_SIDS	Net official development assistance (ODA) to small island states (SIDS) from OECD-DAC countries, by donor countries (millions of constant 2017 United States dollars)	2019.Q2.G.01	800	Uganda	014	Eastern Africa	Country	UGA	1	32.39100438	1.279557331																															
17	17.2	17.2.1	DC_ODA_SIDS	Net official development assistance (ODA) to small island states (SIDS) from OECD-DAC countries, by donor countries (millions of constant 2017 United States dollars)	2019.Q2.G.01	804	Ukraine	151	Eastern Europe	Country	UKR	1	31.40270802	49.00735945																															
17	17.2	17.2.1	DC_ODA_SIDS	Net official development assistance (ODA) to small island states (SIDS) from OECD-DAC countries, by donor countries (millions of constant 2017 United States dollars)	2019.Q2.G.01	807	North Macedonia	039	Southern Europe	Country	MKD	1	21.7007909	41.60048068																															
17	17.2	17.2.1	DC_ODA_SIDS	Net official development assistance (ODA) to small island states (SIDS) from OECD-DAC countries, by donor countries (millions of constant 2017 United States dollars)	2019.Q2.G.01	818	Egypt	015	Northern Africa	Country	EGY	1	29.77468534	26.57438204																															
17	17.2	17.2.1	DC_ODA_SIDS	Net official development assistance (ODA) to small island states (SIDS) from OECD-DAC countries, by donor countries (millions of constant 2017 United States dollars)	2019.Q2.G.01	826	United Kingdom of Great Britain and Northern Ireland	154	Northern Europe	Country	GBR	1	-2.23830539	53.27691757	CON_USD	Constant USD			G	Global		Net Disbursements | Based on OECD, DAC database, 2019 | Constant 2017 USD million | Including imputed multilateral	The Organisation for Economic Co-operation and Development (OECD).		C: Country data	224.22458	185.44118	218.60009	150.26529	144.40728	159.34548	89.09467	135.04466	172.92769	251.7876	297.41727	243.05293	178.89712	260.24145	198.48243	210.6446	256.94807	214.42028	214.42028	2017
17	17.2	17.2.1	DC_ODA_SIDS	Net official development assistance (ODA) to small island states (SIDS) from OECD-DAC countries, by donor countries (millions of constant 2017 United States dollars)	2019.Q2.G.01	831	Guernsey	830	Channel Islands	Country	GGY	0	-2.200712402	49.71561166																															
17	17.2	17.2.1	DC_ODA_SIDS	Net official development assistance (ODA) to small island states (SIDS) from OECD-DAC countries, by donor countries (millions of constant 2017 United States dollars)	2019.Q2.G.01	832	Jersey	830	Channel Islands	Country	JEY	0	-2.136773508	49.22353354																															
17	17.2	17.2.1	DC_ODA_SIDS	Net official development assistance (ODA) to small island states (SIDS) from OECD-DAC countries, by donor countries (millions of constant 2017 United States dollars)	2019.Q2.G.01	833	Isle of Man	154	Northern Europe	Country	IMN	0	-4.538190305	54.22880901																															
17	17.2	17.2.1	DC_ODA_SIDS	Net official development assistance (ODA) to small island states (SIDS) from OECD-DAC countries, by donor countries (millions of constant 2017 United States dollars)	2019.Q2.G.01	834	United Republic of Tanzania	014	Eastern Africa	Country	TZA	1	34.80521182	-6.265332606																															
17	17.2	17.2.1	DC_ODA_SIDS	Net official development assistance (ODA) to small island states (SIDS) from OECD-DAC countries, by donor countries (millions of constant 2017 United States dollars)	2019.Q2.G.01	840	United States of America	021	Northern America	Country	USA	1	-99.13830311	39.5277871	CON_USD	Constant USD			G	Global		Net Disbursements | Based on OECD, DAC database, 2019 | Constant 2017 USD million | Including imputed multilateral	The Organisation for Economic Co-operation and Development (OECD).		C: Country data	389.70702	572.25064	472.935	512.91389	521.8514	589.94323	657.75901	607.29876	721.35448	901.9926	1755.43051	1147.1514	966.87022	909.36235	766.44443	733.27608	828.28867	902.63594	902.63594	2017
17	17.2	17.2.1	DC_ODA_SIDS	Net official development assistance (ODA) to small island states (SIDS) from OECD-DAC countries, by donor countries (millions of constant 2017 United States dollars)	2019.Q2.G.01	850	United States Virgin Islands	029	Caribbean	Country	VIR	0	-64.76960113	17.73297693																															
17	17.2	17.2.1	DC_ODA_SIDS	Net official development assistance (ODA) to small island states (SIDS) from OECD-DAC countries, by donor countries (millions of constant 2017 United States dollars)	2019.Q2.G.01	854	Burkina Faso	011	Western Africa	Country	BFA	1	-1.742843829	12.27491081																															
17	17.2	17.2.1	DC_ODA_SIDS	Net official development assistance (ODA) to small island states (SIDS) from OECD-DAC countries, by donor countries (millions of constant 2017 United States dollars)	2019.Q2.G.01	858	Uruguay	005	South America	Country	URY	1	-56.01387025	-32.8002838																															
17	17.2	17.2.1	DC_ODA_SIDS	Net official development assistance (ODA) to small island states (SIDS) from OECD-DAC countries, by donor countries (millions of constant 2017 United States dollars)	2019.Q2.G.01	860	Uzbekistan	143	Central Asia	Country	UZB	1	63.11944558	41.77560518																															
17	17.2	17.2.1	DC_ODA_SIDS	Net official development assistance (ODA) to small island states (SIDS) from OECD-DAC countries, by donor countries (millions of constant 2017 United States dollars)	2019.Q2.G.01	862	Venezuela (Bolivarian Republic of)	005	South America	Country	VEN	1	-66.15642084	7.121324748																															
17	17.2	17.2.1	DC_ODA_SIDS	Net official development assistance (ODA) to small island states (SIDS) from OECD-DAC countries, by donor countries (millions of constant 2017 United States dollars)	2019.Q2.G.01	876	Wallis and Futuna Islands	061	Polynesia	Country	WLF	0	-176.2034788	-13.28471201																															
17	17.2	17.2.1	DC_ODA_SIDS	Net official development assistance (ODA) to small island states (SIDS) from OECD-DAC countries, by donor countries (millions of constant 2017 United States dollars)	2019.Q2.G.01	882	Samoa	061	Polynesia	Country	WSM	1	-172.4430749	-13.61541469																															
17	17.2	17.2.1	DC_ODA_SIDS	Net official development assistance (ODA) to small island states (SIDS) from OECD-DAC countries, by donor countries (millions of constant 2017 United States dollars)	2019.Q2.G.01	887	Yemen	145	Western Asia	Country	YEM	1	45.22389143	15.22242099																															
17	17.2	17.2.1	DC_ODA_SIDS	Net official development assistance (ODA) to small island states (SIDS) from OECD-DAC countries, by donor countries (millions of constant 2017 United States dollars)	2019.Q2.G.01	894	Zambia	014	Eastern Africa	Country	ZMB	1	27.850329	-14.59701056																															
