goal	target	indicator	seriesCode	seriesDesc	release	geoAreaCode	geoAreaName	parentCode	parentName	type	ISO3	UN_Member	X	Y	unitsCode	unitsDesc	unitmultiplierCode	unitmultiplierDesc	reportingTypeCode	reportingTypeDesc	valueDetails	footnotes	sources	timeDetails	nature	value_2000	value_2001	value_2002	value_2003	value_2004	value_2005	value_2006	value_2007	value_2008	value_2009	value_2010	value_2011	value_2012	value_2013	value_2014	value_2015	value_2016	value_2017	value_2018	value_latest_year	latest_year
10	10.5	10.5.1	FI_FSI_FSKA	Regulatory capital to assets (%)	2019.Q2.G.01	004	Afghanistan	034	Southern Asia	Country	AFG	1	66.02688198	33.83160199	PERCENT	Percentage			G	Global		Indicator for the whole deposit-taking sector	http://data.imf.org/FSI		C: Country data												8.24541	7.62598	11.63815	11.86748	9.23269	11.4371	11.69894		11.69894	2017
10	10.5	10.5.1	FI_FSI_FSKA	Regulatory capital to assets (%)	2019.Q2.G.01	008	Albania	039	Southern Europe	Country	ALB	1	20.06660928	41.13897007	PERCENT	Percentage			G	Global		Indicator for the whole deposit-taking sector	http://data.imf.org/FSI		C: Country data											9.40321	8.68807	8.57261	8.37203	8.57768	9.52614	9.72674	10.16744	10.14872	10.14872	2018
10	10.5	10.5.1	FI_FSI_FSKA	Regulatory capital to assets (%)	2019.Q2.G.01	010	Antarctica	001	World	Country	ATA	0	21.47585697	-80.40897662																																
10	10.5	10.5.1	FI_FSI_FSKA	Regulatory capital to assets (%)	2019.Q2.G.01	012	Algeria	015	Northern Africa	Country	DZA	1	2.678164227	28.15940032	PERCENT	Percentage			G	Global		Indicator for the whole deposit-taking sector	http://data.imf.org/FSI		C: Country data										5.83813	7.87549	7.93215	7.86879	7.47774	7.80447	8.82632	9.84411			9.84411	2016
10	10.5	10.5.1	FI_FSI_FSKA	Regulatory capital to assets (%)	2019.Q2.G.01	016	American Samoa	061	Polynesia	Country	ASM	0	-170.7187269	-14.30587306																																
10	10.5	10.5.1	FI_FSI_FSKA	Regulatory capital to assets (%)	2019.Q2.G.01	020	Andorra	039	Southern Europe	Country	AND	1	1.576257417	42.54548611																																
10	10.5	10.5.1	FI_FSI_FSKA	Regulatory capital to assets (%)	2019.Q2.G.01	024	Angola	017	Middle Africa	Country	AGO	1	17.57817062	-12.33724746	PERCENT	Percentage			G	Global		Indicator for the whole deposit-taking sector	http://data.imf.org/FSI		C: Country data											8.27723	8.53488	8.67754	9.32672	7.95742	8.42178				8.42178	2015
10	10.5	10.5.1	FI_FSI_FSKA	Regulatory capital to assets (%)	2019.Q2.G.01	028	Antigua and Barbuda	029	Caribbean	Country	ATG	1	-61.7999755	17.07761471	PERCENT	Percentage			G	Global		Indicator for the whole deposit-taking sector	http://data.imf.org/FSI		C: Country data																5.64134	6.33819	6.83356		6.83356	2017
10	10.5	10.5.1	FI_FSI_FSKA	Regulatory capital to assets (%)	2019.Q2.G.01	031	Azerbaijan	145	Western Asia	Country	AZE	1	50.01064725	40.39229544																																
10	10.5	10.5.1	FI_FSI_FSKA	Regulatory capital to assets (%)	2019.Q2.G.01	032	Argentina	005	South America	Country	ARG	1	-65.14563274	-35.19446255	PERCENT	Percentage			G	Global		Indicator for the whole deposit-taking sector	http://data.imf.org/FSI		C: Country data						12.12727	12.7773	12.35705	11.93326	12.47726	11.27801	11.15839	11.49585	12.12074	12.54811	12.28069	11.2337	11.5659		11.5659	2017
10	10.5	10.5.1	FI_FSI_FSKA	Regulatory capital to assets (%)	2019.Q2.G.01	036	Australia	053	Australia and New Zealand	Country	AUS	1	134.3499412	-25.57717202	PERCENT	Percentage			G	Global		Indicator for the whole deposit-taking sector	http://data.imf.org/FSI		C: Country data						6.735	6.642	6.346	5.605	5.946	5.43	5.294	5.126	5.125	5.215	5.9651	6.55143	6.87545		6.87545	2017
10	10.5	10.5.1	FI_FSI_FSKA	Regulatory capital to assets (%)	2019.Q2.G.01	040	Austria	155	Western Europe	Country	AUT	1	14.14172472	47.58704857	PERCENT	Percentage			G	Global		Indicator for the whole deposit-taking sector	http://data.imf.org/FSI		C: Country data							5.23982	6.4845	6.28405	6.9768	7.49276	7.18605	7.77011	7.98594	6.84192	7.44689	7.33423	7.54199		7.54199	2017
10	10.5	10.5.1	FI_FSI_FSKA	Regulatory capital to assets (%)	2019.Q2.G.01	044	Bahamas	029	Caribbean	Country	BHS	1	-78.05111663	24.69546597																																
10	10.5	10.5.1	FI_FSI_FSKA	Regulatory capital to assets (%)	2019.Q2.G.01	048	Bahrain	145	Western Asia	Country	BHR	1	50.5490754	26.04407747																																
10	10.5	10.5.1	FI_FSI_FSKA	Regulatory capital to assets (%)	2019.Q2.G.01	050	Bangladesh	034	Southern Asia	Country	BGD	1	89.17660788	22.86961622	PERCENT	Percentage			G	Global		Indicator for the whole deposit-taking sector	http://data.imf.org/FSI		[2011-2015]: C: Country data // [2016-2017]: NA: Data nature not available												6.89332	5.41844	6.03895	5.85451	5.54681	5.63143	5.17548		5.17548	2017
10	10.5	10.5.1	FI_FSI_FSKA	Regulatory capital to assets (%)	2019.Q2.G.01	051	Armenia	145	Western Asia	Country	ARM	1	44.93839317	40.29499741	PERCENT	Percentage			G	Global		Indicator for the whole deposit-taking sector	http://data.imf.org/FSI		C: Country data						21.5459	22.92493	22.47723	23.01137	20.99481	20.23822	17.22176	15.93071	15.28427	13.56965	14.68498	16.20487	15.70734		15.70734	2017
10	10.5	10.5.1	FI_FSI_FSKA	Regulatory capital to assets (%)	2019.Q2.G.01	052	Barbados	029	Caribbean	Country	BRB	1	-59.5346489	13.13648273																																
10	10.5	10.5.1	FI_FSI_FSKA	Regulatory capital to assets (%)	2019.Q2.G.01	056	Belgium	155	Western Europe	Country	BEL	1	4.660976456	50.64104975	PERCENT	Percentage			G	Global		Indicator for the whole deposit-taking sector	http://data.imf.org/FSI		C: Country data							3.33114	4.20465	3.28122	4.62832	4.96531	4.5998	5.76058	6.38994	6.62731	6.78303	7.05328	7.54963		7.54963	2017
10	10.5	10.5.1	FI_FSI_FSKA	Regulatory capital to assets (%)	2019.Q2.G.01	060	Bermuda	021	Northern America	Country	BMU	0	-64.78155012	32.27881922																																
10	10.5	10.5.1	FI_FSI_FSKA	Regulatory capital to assets (%)	2019.Q2.G.01	064	Bhutan	034	Southern Asia	Country	BTN	1	90.45098484	27.39598568	PERCENT	Percentage			G	Global		Indicator for the whole deposit-taking sector	http://data.imf.org/FSI		C: Country data										9.35391	9.25542	14.61646	16.96436	17.49786	16.61128	17.61139	15.44891	12.9711		12.9711	2017
10	10.5	10.5.1	FI_FSI_FSKA	Regulatory capital to assets (%)	2019.Q2.G.01	068	Bolivia (Plurinational State of)	005	South America	Country	BOL	1	-64.66224284	-16.71273412	PERCENT	Percentage			G	Global		Indicator for the whole deposit-taking sector	http://data.imf.org/FSI		C: Country data											7.68539	7.53512	7.67717	7.48549	7.14516	7.03798	7.32457	6.63942		6.63942	2017
10	10.5	10.5.1	FI_FSI_FSKA	Regulatory capital to assets (%)	2019.Q2.G.01	070	Bosnia and Herzegovina	039	Southern Europe	Country	BIH	1	17.78584332	44.16845548	PERCENT	Percentage			G	Global		Indicator for the whole deposit-taking sector	http://data.imf.org/FSI		C: Country data	20.43923	14.52766	14.34579	11.79346	10.73723	9.72961	9.73689	8.81781	9.3694	10.72126	11.76545	13.61443	14.21343	14.36767	14.37775	14.09827	14.35469	14.00965		14.00965	2017
10	10.5	10.5.1	FI_FSI_FSKA	Regulatory capital to assets (%)	2019.Q2.G.01	072	Botswana	018	Southern Africa	Country	BWA	1	23.81380223	-22.18810073	PERCENT	Percentage			G	Global		Indicator for the whole deposit-taking sector	http://data.imf.org/FSI		C: Country data													7.06078	8.38265	9.11141	8.52432	8.44035	8.76613		8.76613	2017
10	10.5	10.5.1	FI_FSI_FSKA	Regulatory capital to assets (%)	2019.Q2.G.01	074	Bouvet Island	005	South America	Country	BVT	0	3.410732868	-54.43295905																																
10	10.5	10.5.1	FI_FSI_FSKA	Regulatory capital to assets (%)	2019.Q2.G.01	076	Brazil	005	South America	Country	BRA	1	-53.08432878	-10.77668561	PERCENT	Percentage			G	Global		Indicator for the whole deposit-taking sector	http://data.imf.org/FSI		C: Country data						10.17485	10.39369	10.71138	10.39074	11.45866	10.33272	10.08176	10.14131	9.26521	9.03441	8.46062	9.27225	10.04719		10.04719	2017
10	10.5	10.5.1	FI_FSI_FSKA	Regulatory capital to assets (%)	2019.Q2.G.01	084	Belize	013	Central America	Country	BLZ	1	-88.70199554	17.19965901																																
10	10.5	10.5.1	FI_FSI_FSKA	Regulatory capital to assets (%)	2019.Q2.G.01	086	British Indian Ocean Territory	014	Eastern Africa	Country	IOT	0	72.38715553	-7.299281071																																
10	10.5	10.5.1	FI_FSI_FSKA	Regulatory capital to assets (%)	2019.Q2.G.01	090	Solomon Islands	054	Melanesia	Country	SLB	1	160.1584117	-9.622391719	PERCENT	Percentage			G	Global		Indicator for the whole deposit-taking sector	http://data.imf.org/FSI		C: Country data											20.52591	19.35334	17.313	16.24298	17.40304	15.50163	16.26064			16.26064	2016
10	10.5	10.5.1	FI_FSI_FSKA	Regulatory capital to assets (%)	2019.Q2.G.01	092	British Virgin Islands	029	Caribbean	Country	VGB	0	-64.63294223	18.42256578																																
10	10.5	10.5.1	FI_FSI_FSKA	Regulatory capital to assets (%)	2019.Q2.G.01	096	Brunei Darussalam	035	South-Eastern Asia	Country	BRN	1	114.6288563	4.49736984	PERCENT	Percentage			G	Global		Indicator for the whole deposit-taking sector	http://data.imf.org/FSI		C: Country data										9.71181	10.25206	8.90094	9.09708	11.58038	11.75913	13.23228	13.05173	10.85874	10.88158	10.88158	2018
10	10.5	10.5.1	FI_FSI_FSKA	Regulatory capital to assets (%)	2019.Q2.G.01	100	Bulgaria	151	Eastern Europe	Country	BGR	1	25.23763153	42.75731323	PERCENT	Percentage			G	Global		Indicator for the whole deposit-taking sector	http://data.imf.org/FSI		C: Country data									11.40182	10.84216	10.46769	10.7647	10.09607	10.35152	11.56688	12.0159	11.62961	11.3934		11.3934	2017
10	10.5	10.5.1	FI_FSI_FSKA	Regulatory capital to assets (%)	2019.Q2.G.01	104	Myanmar	035	South-Eastern Asia	Country	MMR	1	96.51752295	21.19332882	PERCENT	Percentage			G	Global		Indicator for the whole deposit-taking sector	http://data.imf.org/FSI		C: Country data																		6.65688		6.65688	2017
10	10.5	10.5.1	FI_FSI_FSKA	Regulatory capital to assets (%)	2019.Q2.G.01	108	Burundi	014	Eastern Africa	Country	BDI	1	29.89080992	-3.366387428	PERCENT	Percentage			G	Global		Indicator for the whole deposit-taking sector	http://data.imf.org/FSI		[2010-2016]: C: Country data // [2017]: NA: Data nature not available											11.70575	13.19403	14.27227	14.5225	13.44803	13.45262	13.82867	12.17412		12.17412	2017
10	10.5	10.5.1	FI_FSI_FSKA	Regulatory capital to assets (%)	2019.Q2.G.01	112	Belarus	151	Eastern Europe	Country	BLR	1	28.04940161	53.54193075	PERCENT	Percentage			G	Global		Indicator for the whole deposit-taking sector	http://data.imf.org/FSI		C: Country data											13.64168	13.9765	14.35358	13.96216	13.32306	12.82204	13.45644	14.57906		14.57906	2017
10	10.5	10.5.1	FI_FSI_FSKA	Regulatory capital to assets (%)	2019.Q2.G.01	116	Cambodia	035	South-Eastern Asia	Country	KHM	1	104.922836	12.71163737	PERCENT	Percentage			G	Global		Indicator for the whole deposit-taking sector	http://data.imf.org/FSI		C: Country data											20.12169	17.32593	16.21459	16.75467	14.35319	14.22901	14.25261	13.96882		13.96882	2017
10	10.5	10.5.1	FI_FSI_FSKA	Regulatory capital to assets (%)	2019.Q2.G.01	120	Cameroon	017	Middle Africa	Country	CMR	1	12.7419827	5.692387031	PERCENT	Percentage			G	Global		Indicator for the whole deposit-taking sector	http://data.imf.org/FSI		C: Country data											7.32154	6.40867	6.90986	8.34769	8.36857	8.30697	7.47073	7.84502		7.84502	2017
10	10.5	10.5.1	FI_FSI_FSKA	Regulatory capital to assets (%)	2019.Q2.G.01	124	Canada	021	Northern America	Country	CAN	1	-101.6575058	57.72360191	PERCENT	Percentage			G	Global		Indicator for the whole deposit-taking sector	http://data.imf.org/FSI		C: Country data						3.8484	3.85459	3.70146	3.51267	4.50754	4.6593	4.89495	4.89764	4.96412	4.94325	5.06783	5.16056	5.22324		5.22324	2017
10	10.5	10.5.1	FI_FSI_FSKA	Regulatory capital to assets (%)	2019.Q2.G.01	132	Cabo Verde	011	Western Africa	Country	CPV	1	-23.63544151	15.07791834																																
10	10.5	10.5.1	FI_FSI_FSKA	Regulatory capital to assets (%)	2019.Q2.G.01	136	Cayman Islands	029	Caribbean	Country	CYM	0	-81.16740559	19.32266656																																
10	10.5	10.5.1	FI_FSI_FSKA	Regulatory capital to assets (%)	2019.Q2.G.01	140	Central African Republic	017	Middle Africa	Country	CAF	1	20.93559492	7.003720791	PERCENT	Percentage			G	Global		Indicator for the whole deposit-taking sector	http://data.imf.org/FSI		C: Country data											17.09658	22.33012	22.19328	23.6775	21.93992	21.05175	19.22063	20.94741		20.94741	2017
10	10.5	10.5.1	FI_FSI_FSKA	Regulatory capital to assets (%)	2019.Q2.G.01	144	Sri Lanka	034	Southern Asia	Country	LKA	1	80.70489654	7.614693343	PERCENT	Percentage			G	Global		Indicator for the whole deposit-taking sector	http://data.imf.org/FSI		C: Country data												8.72127	8.54531	8.2409	8.15825	7.88214	7.81825	8.42343		8.42343	2017
10	10.5	10.5.1	FI_FSI_FSKA	Regulatory capital to assets (%)	2019.Q2.G.01	148	Chad	017	Middle Africa	Country	TCD	1	18.66618401	15.36279341	PERCENT	Percentage			G	Global		Indicator for the whole deposit-taking sector	http://data.imf.org/FSI		C: Country data											11.26373	14.19022	15.03471	14.69506	10.67554	11.54556	10.55911	11.67345		11.67345	2017
10	10.5	10.5.1	FI_FSI_FSKA	Regulatory capital to assets (%)	2019.Q2.G.01	152	Chile	005	South America	Country	CHL	1	-71.23029019	-35.2652885	PERCENT	Percentage			G	Global		Indicator for the whole deposit-taking sector	http://data.imf.org/FSI		C: Country data		7.65992	8.04966	8.00371	7.46524	7.10102	6.79388	7.11731	6.4336	6.84764	8.28474	7.77135	8.00648	8.12636	7.97112	7.57499	8.41033	8.44315		8.44315	2017
10	10.5	10.5.1	FI_FSI_FSKA	Regulatory capital to assets (%)	2019.Q2.G.01	156	China	030	Eastern Asia	Country	CHN	1	104.1403375	32.30955217	PERCENT	Percentage			G	Global		Indicator for the whole deposit-taking sector	http://data.imf.org/FSI		C: Country data															7.19925	8.43749	8.14334	8.55609		8.55609	2017
10	10.5	10.5.1	FI_FSI_FSKA	Regulatory capital to assets (%)	2019.Q2.G.01	162	Christmas Island	053	Australia and New Zealand	Country	CXR	0	105.6426067	-10.4882473																																
10	10.5	10.5.1	FI_FSI_FSKA	Regulatory capital to assets (%)	2019.Q2.G.01	166	Cocos (Keeling) Islands	053	Australia and New Zealand	Country	CCK	0	96.82633757	-12.18600682																																
10	10.5	10.5.1	FI_FSI_FSKA	Regulatory capital to assets (%)	2019.Q2.G.01	170	Colombia	005	South America	Country	COL	1	-73.07446751	3.888209046	PERCENT	Percentage			G	Global		Indicator for the whole deposit-taking sector	http://data.imf.org/FSI		C: Country data						13.97762	13.26446	12.92589	12.61655	14.24408	14.24544	14.29934	14.71615	14.76152	14.88041	14.06289	16.19459	16.08328		16.08328	2017
10	10.5	10.5.1	FI_FSI_FSKA	Regulatory capital to assets (%)	2019.Q2.G.01	174	Comoros	014	Eastern Africa	Country	COM	1	43.34234565	-11.66121732																																
10	10.5	10.5.1	FI_FSI_FSKA	Regulatory capital to assets (%)	2019.Q2.G.01	175	Mayotte	014	Eastern Africa	Country	MYT	0	45.14015057	-12.82217691																																
10	10.5	10.5.1	FI_FSI_FSKA	Regulatory capital to assets (%)	2019.Q2.G.01	178	Congo	011	Western Africa	Country	COG	1	15.22052612	-0.840544119	PERCENT	Percentage			G	Global		Indicator for the whole deposit-taking sector	http://data.imf.org/FSI		C: Country data											8.22161	7.1102	7.66893	9.52587	9.51817	13.46848	15.01746	16.85706		16.85706	2017
10	10.5	10.5.1	FI_FSI_FSKA	Regulatory capital to assets (%)	2019.Q2.G.01	180	Democratic Republic of the Congo	017	Middle Africa	Country	COD	1	23.65496507	-2.877154732																																
10	10.5	10.5.1	FI_FSI_FSKA	Regulatory capital to assets (%)	2019.Q2.G.01	184	Cook Islands	061	Polynesia	Country	COK	0	-159.7711391	-21.22696458																																
10	10.5	10.5.1	FI_FSI_FSKA	Regulatory capital to assets (%)	2019.Q2.G.01	188	Costa Rica	013	Central America	Country	CRI	1	-84.19712782	9.970998683	PERCENT	Percentage			G	Global		Indicator for the whole deposit-taking sector	http://data.imf.org/FSI		C: Country data									8.51378	9.67624	9.96341	10.06586	9.97008	9.74533	9.7441	9.71755	9.37657	9.57172		9.57172	2017
10	10.5	10.5.1	FI_FSI_FSKA	Regulatory capital to assets (%)	2019.Q2.G.01	191	Croatia	039	Southern Europe	Country	HRV	1	17.95874553	45.45172212	PERCENT	Percentage			G	Global		Indicator for the whole deposit-taking sector	http://data.imf.org/FSI		C: Country data							10.11456	12.34723	13.32409	13.7606	13.76875	13.56124	14.22418	13.89044	14.04389	12.68263	14.04337	14.82324		14.82324	2017
10	10.5	10.5.1	FI_FSI_FSKA	Regulatory capital to assets (%)	2019.Q2.G.01	192	Cuba	029	Caribbean	Country	CUB	1	-79.54460144	22.10030366																																
10	10.5	10.5.1	FI_FSI_FSKA	Regulatory capital to assets (%)	2019.Q2.G.01	196	Cyprus	145	Western Asia	Country	CYP	1	33.22285964	35.05659437	PERCENT	Percentage			G	Global		Indicator for the whole deposit-taking sector	http://data.imf.org/FSI		C: Country data									6.88471	4.90708	6.11813	5.29526	5.61706	6.41462	10.30598	10.11403	10.31352	9.03691		9.03691	2017
10	10.5	10.5.1	FI_FSI_FSKA	Regulatory capital to assets (%)	2019.Q2.G.01	203	Czechia	151	Eastern Europe	Country	CZE	1	15.33151382	49.73913871	PERCENT	Percentage			G	Global		Indicator for the whole deposit-taking sector	http://data.imf.org/FSI		C: Country data								5.04309	5.46045	6.08726	6.4864	6.49172	6.87457	7.20862	7.3028	7.52466	7.25731	6.48019		6.48019	2017
10	10.5	10.5.1	FI_FSI_FSKA	Regulatory capital to assets (%)	2019.Q2.G.01	204	Benin	011	Western Africa	Country	BEN	1	2.339933594	9.65401646																																
10	10.5	10.5.1	FI_FSI_FSKA	Regulatory capital to assets (%)	2019.Q2.G.01	208	Denmark	154	Northern Europe	Country	DNK	1	9.326571283	56.03829721	PERCENT	Percentage			G	Global		Indicator for the whole deposit-taking sector	http://data.imf.org/FSI		C: Country data						4.86425	5.73891	6.2408	5.51644	5.49294	5.43221	5.05367	5.26561	7.04978	7.31087	7.7908	7.38626	6.88001		6.88001	2017
10	10.5	10.5.1	FI_FSI_FSKA	Regulatory capital to assets (%)	2019.Q2.G.01	212	Dominica	029	Caribbean	Country	DMA	1	-61.3493756	15.43391378	PERCENT	Percentage			G	Global		Indicator for the whole deposit-taking sector	http://data.imf.org/FSI		C: Country data																3.99939	3.40827	5.15591		5.15591	2017
10	10.5	10.5.1	FI_FSI_FSKA	Regulatory capital to assets (%)	2019.Q2.G.01	214	Dominican Republic	029	Caribbean	Country	DOM	1	-70.49847576	18.89832088	PERCENT	Percentage			G	Global		Indicator for the whole deposit-taking sector	http://data.imf.org/FSI		C: Country data									9.68109	9.18287	8.96952	9.46067	9.5246	9.11581	9.08252	9.05791	9.104	9.44403		9.44403	2017
10	10.5	10.5.1	FI_FSI_FSKA	Regulatory capital to assets (%)	2019.Q2.G.01	218	Ecuador	005	South America	Country	ECU	1	-78.37005241	-1.447785891	PERCENT	Percentage			G	Global		Indicator for the whole deposit-taking sector	http://data.imf.org/FSI		C: Country data			10.28104	10.56124	10.65088	10.60616	10.51229	11.78608	12.61366	12.59491	12.43091	12.03925	12.0733	12.30921	12.24511	13.04052	11.87087	11.66343		11.66343	2017
10	10.5	10.5.1	FI_FSI_FSKA	Regulatory capital to assets (%)	2019.Q2.G.01	222	El Salvador	013	Central America	Country	SLV	1	-88.86862995	13.73603564	PERCENT	Percentage			G	Global		Indicator for the whole deposit-taking sector	http://data.imf.org/FSI		C: Country data						11.10608	11.80922	11.77982	12.64415	13.18187	13.9	13.93668	14.22019	14.2711	14.04602	13.8938	13.46236	13.31863		13.31863	2017
10	10.5	10.5.1	FI_FSI_FSKA	Regulatory capital to assets (%)	2019.Q2.G.01	226	Equatorial Guinea	017	Middle Africa	Country	GNQ	1	10.46535826	1.565792376	PERCENT	Percentage			G	Global		Indicator for the whole deposit-taking sector	http://data.imf.org/FSI		C: Country data											11.00075	13.32357	10.56875	11.05391	11.75467	13.34759	15.06352	16.16747		16.16747	2017
10	10.5	10.5.1	FI_FSI_FSKA	Regulatory capital to assets (%)	2019.Q2.G.01	231	Ethiopia	014	Eastern Africa	Country	ETH	1	39.63505296	8.631223181																																
10	10.5	10.5.1	FI_FSI_FSKA	Regulatory capital to assets (%)	2019.Q2.G.01	232	Eritrea	014	Eastern Africa	Country	ERI	1	38.11074289	16.12894644																																
10	10.5	10.5.1	FI_FSI_FSKA	Regulatory capital to assets (%)	2019.Q2.G.01	233	Estonia	154	Northern Europe	Country	EST	1	25.84093481	58.68487172	PERCENT	Percentage			G	Global		Indicator for the whole deposit-taking sector	http://data.imf.org/FSI		C: Country data									8.23649	8.67231	9.28208	8.92461	9.88383	11.25842	11.59539	10.75403	10.82605	12.77038		12.77038	2017
10	10.5	10.5.1	FI_FSI_FSKA	Regulatory capital to assets (%)	2019.Q2.G.01	234	Faroe Islands	154	Northern Europe	Country	FRO	0	-7.122044325	62.21228119																																
10	10.5	10.5.1	FI_FSI_FSKA	Regulatory capital to assets (%)	2019.Q2.G.01	238	Falkland Islands (Malvinas)	005	South America	Country	FLK	0	-58.75246778	-51.74562601																																
10	10.5	10.5.1	FI_FSI_FSKA	Regulatory capital to assets (%)	2019.Q2.G.01	239	South Georgia and the South Sandwich Islands	005	South America	Country	SGS	0	-36.90662765	-54.20736749																																
10	10.5	10.5.1	FI_FSI_FSKA	Regulatory capital to assets (%)	2019.Q2.G.01	242	Fiji	054	Melanesia	Country	FJI	1	177.9660884	-17.83301566	PERCENT	Percentage			G	Global		Indicator for the whole deposit-taking sector	http://data.imf.org/FSI		C: Country data	5.50183	6.88927	5.85037	6.44568	6.47699	6.95906	7.12646	7.31599	9.7293	10.46425	11.84769	9.51586	8.88381	8.66747	8.71392	8.48449	9.1707	8.86419		8.86419	2017
10	10.5	10.5.1	FI_FSI_FSKA	Regulatory capital to assets (%)	2019.Q2.G.01	246	Finland	154	Northern Europe	Country	FIN	1	23.308447	61.91586738	PERCENT	Percentage			G	Global		Indicator for the whole deposit-taking sector	http://data.imf.org/FSI		C: Country data						9.44798	9.38047	7.98002	6.23811	6.4066	5.52474	4.35354	4.41733	5.01086	4.34264	5.60151	6.45719	9.02584		9.02584	2017
10	10.5	10.5.1	FI_FSI_FSKA	Regulatory capital to assets (%)	2019.Q2.G.01	248	Åland Islands	154	Northern Europe	Country	ALA	0	19.80945969	60.1544901																																
10	10.5	10.5.1	FI_FSI_FSKA	Regulatory capital to assets (%)	2019.Q2.G.01	250	France	155	Western Europe	Country	FRA	1	2.457288129	46.62660861	PERCENT	Percentage			G	Global		Indicator for the whole deposit-taking sector	http://data.imf.org/FSI		C: Country data									3.7277	4.09841	4.87776	4.75358	5.20127	5.8183	5.28241	5.79397	5.94149	6.59403		6.59403	2017
10	10.5	10.5.1	FI_FSI_FSKA	Regulatory capital to assets (%)	2019.Q2.G.01	254	French Guiana	005	South America	Country	GUF	0	-53.23619089	3.922673437																																
10	10.5	10.5.1	FI_FSI_FSKA	Regulatory capital to assets (%)	2019.Q2.G.01	258	French Polynesia	061	Polynesia	Country	PYF	0	-149.4052367	-17.67709294																																
10	10.5	10.5.1	FI_FSI_FSKA	Regulatory capital to assets (%)	2019.Q2.G.01	260	French Southern Territories	014	Eastern Africa	Country	ATF	0	69.64849091	-49.6068576																																
10	10.5	10.5.1	FI_FSI_FSKA	Regulatory capital to assets (%)	2019.Q2.G.01	262	Djibouti	014	Eastern Africa	Country	DJI	1	42.18274707	11.56004161	PERCENT	Percentage			G	Global		Indicator for the whole deposit-taking sector	http://data.imf.org/FSI		C: Country data													3.63017	4.05394	4.19331	5.16896	5.66581	5.38924	6.49727	6.49727	2018
10	10.5	10.5.1	FI_FSI_FSKA	Regulatory capital to assets (%)	2019.Q2.G.01	266	Gabon	017	Middle Africa	Country	GAB	1	11.78727747	-0.60687619	PERCENT	Percentage			G	Global		Indicator for the whole deposit-taking sector	http://data.imf.org/FSI		C: Country data											14.31476	10.50059	9.73707	10.03648	9.80947	9.34746	9.41227	11.69926		11.69926	2017
10	10.5	10.5.1	FI_FSI_FSKA	Regulatory capital to assets (%)	2019.Q2.G.01	268	Georgia	145	Western Asia	Country	GEO	1	43.3713615	42.04813028	PERCENT	Percentage			G	Global		Indicator for the whole deposit-taking sector	http://data.imf.org/FSI		C: Country data		30.70794	28.27832	26.44983	21.92338	18.81662	21.25021	20.40821	17.11395	18.29339	16.92172	16.5971	16.65004	16.75204	17.39699	13.95859	13.19506	12.81933	12.9333	12.9333	2018
10	10.5	10.5.1	FI_FSI_FSKA	Regulatory capital to assets (%)	2019.Q2.G.01	270	Gambia	011	Western Africa	Country	GMB	1	-15.39944785	13.45295927	PERCENT	Percentage			G	Global		Indicator for the whole deposit-taking sector	http://data.imf.org/FSI		C: Country data						12.54791	12.42957	10.88458	11.72526	10.50231	16.04104	14.2964	14.65437	13.52014	15.04876	14.82831				14.82831	2015
10	10.5	10.5.1	FI_FSI_FSKA	Regulatory capital to assets (%)	2019.Q2.G.01	275	State of Palestine	145	Western Asia	Country	PSE	0	35.25694122	31.94347933	PERCENT	Percentage			G	Global		Indicator for the whole deposit-taking sector	http://data.imf.org/FSI		C: Country data									7.97506	9.65606	10.7004	11.16248	10.82569	10.25427	10.36227	9.71317	9.84391	9.68152		9.68152	2017
10	10.5	10.5.1	FI_FSI_FSKA	Regulatory capital to assets (%)	2019.Q2.G.01	276	Germany	155	Western Europe	Country	DEU	1	10.3806066	51.08862743	PERCENT	Percentage			G	Global		Indicator for the whole deposit-taking sector	http://data.imf.org/FSI		C: Country data						4.07	4.33	4.27	4.49	4.81	4.3	4.36	4.73	5.45	5.61	5.94	5.98	6.33		6.33	2017
10	10.5	10.5.1	FI_FSI_FSKA	Regulatory capital to assets (%)	2019.Q2.G.01	288	Ghana	011	Western Africa	Country	GHA	1	-1.205623522	7.964825185	PERCENT	Percentage			G	Global		Indicator for the whole deposit-taking sector	http://data.imf.org/FSI		C: Country data									10.40713	12.55911	13.29666	13.74732	14.77307	14.71685	14.32475	14.52916	13.17396	13.10663		13.10663	2017
10	10.5	10.5.1	FI_FSI_FSKA	Regulatory capital to assets (%)	2019.Q2.G.01	292	Gibraltar	039	Southern Europe	Country	GIB	0	-5.347561686	36.13895036																																
10	10.5	10.5.1	FI_FSI_FSKA	Regulatory capital to assets (%)	2019.Q2.G.01	296	Kiribati	057	Micronesia	Country	KIR	1	-157.5643005	1.768837732																																
10	10.5	10.5.1	FI_FSI_FSKA	Regulatory capital to assets (%)	2019.Q2.G.01	300	Greece	039	Southern Europe	Country	GRC	1	22.58307827	39.47301873	PERCENT	Percentage			G	Global		Indicator for the whole deposit-taking sector	http://data.imf.org/FSI		C: Country data									5.6742	6.95914	6.66498		5.75754	7.54829	8.06153	9.99442	10.70009	11.99737		11.99737	2017
10	10.5	10.5.1	FI_FSI_FSKA	Regulatory capital to assets (%)	2019.Q2.G.01	304	Greenland	021	Northern America	Country	GRL	0	-41.39371316	74.75625681																																
10	10.5	10.5.1	FI_FSI_FSKA	Regulatory capital to assets (%)	2019.Q2.G.01	308	Grenada	029	Caribbean	Country	GRD	1	-61.68248568	12.11238395	PERCENT	Percentage			G	Global		Indicator for the whole deposit-taking sector	http://data.imf.org/FSI		C: Country data																5.09806	5.73107	6.72117		6.72117	2017
10	10.5	10.5.1	FI_FSI_FSKA	Regulatory capital to assets (%)	2019.Q2.G.01	312	Guadeloupe	029	Caribbean	Country	GLP	0	-61.64762115	16.14416917																																
10	10.5	10.5.1	FI_FSI_FSKA	Regulatory capital to assets (%)	2019.Q2.G.01	316	Guam	057	Micronesia	Country	GUM	0	144.7029305	13.35485404																																
10	10.5	10.5.1	FI_FSI_FSKA	Regulatory capital to assets (%)	2019.Q2.G.01	320	Guatemala	013	Central America	Country	GTM	1	-91.2312746	15.00273719	PERCENT	Percentage			G	Global		Indicator for the whole deposit-taking sector	http://data.imf.org/FSI		C: Country data										6.90615	6.72599	6.59677	6.62621	6.91581	6.9447	6.86319	7.05377	6.9678		6.9678	2017
10	10.5	10.5.1	FI_FSI_FSKA	Regulatory capital to assets (%)	2019.Q2.G.01	324	Guinea	011	Western Africa	Country	GIN	1	-11.28173419	11.00210343	PERCENT	Percentage			G	Global		Indicator for the whole deposit-taking sector	http://data.imf.org/FSI		C: Country data														10.19039	11.10605	10.55545	10.9826	11.86243	8.93273	8.93273	2018
10	10.5	10.5.1	FI_FSI_FSKA	Regulatory capital to assets (%)	2019.Q2.G.01	328	Guyana	005	South America	Country	GUY	1	-58.97322037	4.788012784																																
10	10.5	10.5.1	FI_FSI_FSKA	Regulatory capital to assets (%)	2019.Q2.G.01	332	Haiti	029	Caribbean	Country	HTI	1	-72.33640958	18.40426539																																
10	10.5	10.5.1	FI_FSI_FSKA	Regulatory capital to assets (%)	2019.Q2.G.01	334	Heard Island and McDonald Islands	053	Australia and New Zealand	Country	HMD	0	73.52633626	-53.09106147																																
10	10.5	10.5.1	FI_FSI_FSKA	Regulatory capital to assets (%)	2019.Q2.G.01	336	Holy See	039	Southern Europe	Country	VAT	0	12.45315803	41.90343751																																
10	10.5	10.5.1	FI_FSI_FSKA	Regulatory capital to assets (%)	2019.Q2.G.01	340	Honduras	013	Central America	Country	HND	1	-86.59974381	14.82243161	PERCENT	Percentage			G	Global		Indicator for the whole deposit-taking sector	http://data.imf.org/FSI		C: Country data							9.33555	9.53358	10.63591	10.82617	10.56009	10.50682	10.78199	10.62226	10.85093	10.49417	10.37785	11.00766		11.00766	2017
10	10.5	10.5.1	FI_FSI_FSKA	Regulatory capital to assets (%)	2019.Q2.G.01	344	China, Hong Kong Special Administrative Region	030	Eastern Asia	Country	HKG	0	114.0266445	22.41749934	PERCENT	Percentage			G	Global		Indicator for the whole deposit-taking sector	http://data.imf.org/FSI		C: Country data												8.16	8.8	8.69	9.02	9.47	9.78444	9.83359		9.83359	2017
10	10.5	10.5.1	FI_FSI_FSKA	Regulatory capital to assets (%)	2019.Q2.G.01	348	Hungary	151	Eastern Europe	Country	HUN	1	19.41221519	47.1651448																																
10	10.5	10.5.1	FI_FSI_FSKA	Regulatory capital to assets (%)	2019.Q2.G.01	352	Iceland	154	Northern Europe	Country	ISL	1	-19.02116966	64.79134763	PERCENT	Percentage			G	Global		Indicator for the whole deposit-taking sector	http://data.imf.org/FSI		NA: Data nature not available																			17.03455	17.03455	2018
10	10.5	10.5.1	FI_FSI_FSKA	Regulatory capital to assets (%)	2019.Q2.G.01	356	India	034	Southern Asia	Country	IND	1	79.3608464	22.34642074	PERCENT	Percentage			G	Global		Indicator for the whole deposit-taking sector	http://data.imf.org/FSI		C: Country data												6.70226	6.96971	6.9231	7.08795	7.21282	7.15558	7.39		7.39	2017
10	10.5	10.5.1	FI_FSI_FSKA	Regulatory capital to assets (%)	2019.Q2.G.01	360	Indonesia	035	South-Eastern Asia	Country	IDN	1	113.9174	-0.994582204	PERCENT	Percentage			G	Global		Indicator for the whole deposit-taking sector	http://data.imf.org/FSI		C: Country data						8.68865	9.26709	9.20209	9.1029	10.11443	10.66488	10.98568	12.23714	12.46651	12.76181	13.60587	14.40569	15.21768	15.11532	15.11532	2018
10	10.5	10.5.1	FI_FSI_FSKA	Regulatory capital to assets (%)	2019.Q2.G.01	364	Iran (Islamic Republic of)	034	Southern Asia	Country	IRN	1	54.19766348	32.74370885																																
10	10.5	10.5.1	FI_FSI_FSKA	Regulatory capital to assets (%)	2019.Q2.G.01	368	Iraq	145	Western Asia	Country	IRQ	1	43.76606267	33.05013795																																
10	10.5	10.5.1	FI_FSI_FSKA	Regulatory capital to assets (%)	2019.Q2.G.01	372	Ireland	154	Northern Europe	Country	IRL	1	-7.121425272	53.25274054	PERCENT	Percentage			G	Global		Indicator for the whole deposit-taking sector	http://data.imf.org/FSI		C: Country data						4.32855	4.50804	4.39468	3.74622	5.43521	5.32312	6.43953	7.2792	7.74878	12.69624	13.97379	13.52654	14.34784		14.34784	2017
10	10.5	10.5.1	FI_FSI_FSKA	Regulatory capital to assets (%)	2019.Q2.G.01	376	Israel	145	Western Asia	Country	ISR	1	34.62277992	31.06164552	PERCENT	Percentage			G	Global		Indicator for the whole deposit-taking sector	http://data.imf.org/FSI		C: Country data			5.15832	5.34601	5.61939	5.52122	5.86918	6.28937	6.11158	6.47963	6.69664	6.33362	6.61992	6.97655	7.09935	7.058	7.21857	7.3954		7.3954	2017
10	10.5	10.5.1	FI_FSI_FSKA	Regulatory capital to assets (%)	2019.Q2.G.01	380	Italy	039	Southern Europe	Country	ITA	1	12.57022427	42.79917282	PERCENT	Percentage			G	Global		Indicator for the whole deposit-taking sector	http://data.imf.org/FSI		C: Country data						4.61242	4.60416	4.58925	4.08939	4.81644	4.97901	5.44796	5.38562	5.40438	5.88069	6.18553	5.49301	6.63508		6.63508	2017
10	10.5	10.5.1	FI_FSI_FSKA	Regulatory capital to assets (%)	2019.Q2.G.01	384	Côte d'Ivoire	011	Western Africa	Country	CIV	1	-5.552690016	7.62211586																																
10	10.5	10.5.1	FI_FSI_FSKA	Regulatory capital to assets (%)	2019.Q2.G.01	388	Jamaica	029	Caribbean	Country	JAM	1	-77.31068409	18.15616857																																
10	10.5	10.5.1	FI_FSI_FSKA	Regulatory capital to assets (%)	2019.Q2.G.01	392	Japan	030	Eastern Asia	Country	JPN	1	139.2716103	36.6554539																																
10	10.5	10.5.1	FI_FSI_FSKA	Regulatory capital to assets (%)	2019.Q2.G.01	398	Kazakhstan	143	Central Asia	Country	KAZ	1	66.65359159	48.01963494	PERCENT	Percentage			G	Global		Indicator for the whole deposit-taking sector	http://data.imf.org/FSI		C: Country data									12.82743	5.33053	11.06686	10.97757	10.90546	10.58962	11.85762	10.58348	11.04442	12.46044		12.46044	2017
10	10.5	10.5.1	FI_FSI_FSKA	Regulatory capital to assets (%)	2019.Q2.G.01	400	Jordan	145	Western Asia	Country	JOR	1	37.13024774	30.65365973																																
10	10.5	10.5.1	FI_FSI_FSKA	Regulatory capital to assets (%)	2019.Q2.G.01	404	Kenya	014	Eastern Africa	Country	KEN	1	37.86096816	0.534797278	PERCENT	Percentage			G	Global		Indicator for the whole deposit-taking sector	http://data.imf.org/FSI		C: Country data							10.93145	12.35092	12.73858	13.18466	15.39895	14.27872	15.20348	15.53037	15.97506	15.37458	15.44683	15.27826		15.27826	2017
10	10.5	10.5.1	FI_FSI_FSKA	Regulatory capital to assets (%)	2019.Q2.G.01	408	Democratic People's Republic of Korea	030	Eastern Asia	Country	PRK	1	127.1803633	40.1462645																																
10	10.5	10.5.1	FI_FSI_FSKA	Regulatory capital to assets (%)	2019.Q2.G.01	410	Republic of Korea	030	Eastern Asia	Country	KOR	1	127.8610254	36.45201023	PERCENT	Percentage			G	Global		Indicator for the whole deposit-taking sector	http://data.imf.org/FSI		C: Country data									6.29546	7.29426	7.59542	8.11365	8.23126	8.27255	8.13114	8.02821	7.8732			7.8732	2016
10	10.5	10.5.1	FI_FSI_FSKA	Regulatory capital to assets (%)	2019.Q2.G.01	414	Kuwait	145	Western Asia	Country	KWT	1	47.49305029	29.53949468	PERCENT	Percentage			G	Global		Indicator for the whole deposit-taking sector	http://data.imf.org/FSI		C: Country data								13.63604	11.51777	12.56649	14.21165	13.743	13.49543	12.97269	12.59926	12.62519	12.71567	12.52227		12.52227	2017
10	10.5	10.5.1	FI_FSI_FSKA	Regulatory capital to assets (%)	2019.Q2.G.01	417	Kyrgyzstan	143	Central Asia	Country	KGZ	1	74.52324839	41.46204516	PERCENT	Percentage			G	Global		Indicator for the whole deposit-taking sector	http://data.imf.org/FSI		C: Country data											22.49951	20.97726	19.07088	17.791	16.87527	16.50304	17.37254	17.771		17.771	2017
10	10.5	10.5.1	FI_FSI_FSKA	Regulatory capital to assets (%)	2019.Q2.G.01	418	Lao People's Democratic Republic	035	South-Eastern Asia	Country	LAO	1	101.9901968	20.27482773																																
10	10.5	10.5.1	FI_FSI_FSKA	Regulatory capital to assets (%)	2019.Q2.G.01	422	Lebanon	145	Western Asia	Country	LBN	1	35.89391711	33.92152458																																
10	10.5	10.5.1	FI_FSI_FSKA	Regulatory capital to assets (%)	2019.Q2.G.01	426	Lesotho	018	Southern Africa	Country	LSO	1	28.25362195	-29.58041814	PERCENT	Percentage			G	Global		Indicator for the whole deposit-taking sector	http://data.imf.org/FSI		C: Country data										8.81128	8.96406	10.11293	11.57275	11.53481	12.63644	10.94927	11.9341	11.12207		11.12207	2017
10	10.5	10.5.1	FI_FSI_FSKA	Regulatory capital to assets (%)	2019.Q2.G.01	428	Latvia	154	Northern Europe	Country	LVA	1	26.42461876	56.64196636	PERCENT	Percentage			G	Global		Indicator for the whole deposit-taking sector	http://data.imf.org/FSI		C: Country data									7.74728	7.70107	9.27409	9.92613	10.48376	11.30378	10.07443	10.06333	10.07565	11.13044		11.13044	2017
10	10.5	10.5.1	FI_FSI_FSKA	Regulatory capital to assets (%)	2019.Q2.G.01	430	Liberia	011	Western Africa	Country	LBR	1	-9.311879038	6.448381009																																
10	10.5	10.5.1	FI_FSI_FSKA	Regulatory capital to assets (%)	2019.Q2.G.01	434	Libya	015	Northern Africa	Country	LBY	1	18.0295985	27.04042819																																
10	10.5	10.5.1	FI_FSI_FSKA	Regulatory capital to assets (%)	2019.Q2.G.01	438	Liechtenstein	155	Western Europe	Country	LIE	1	9.552985019	47.14167005																																
10	10.5	10.5.1	FI_FSI_FSKA	Regulatory capital to assets (%)	2019.Q2.G.01	440	Lithuania	154	Northern Europe	Country	LTU	1	23.90517807	55.33680309	PERCENT	Percentage			G	Global		Indicator for the whole deposit-taking sector	http://data.imf.org/FSI		C: Country data									8.23366	7.30582	8.52962	10.7759	12.28335	12.61998	12.91227	11.05793	8.62772	9.38604		9.38604	2017
10	10.5	10.5.1	FI_FSI_FSKA	Regulatory capital to assets (%)	2019.Q2.G.01	442	Luxembourg	155	Western Europe	Country	LUX	1	6.092656563	49.77679538	PERCENT	Percentage			G	Global		Indicator for the whole deposit-taking sector	http://data.imf.org/FSI		C: Country data									4.34116	5.53732	5.23442	4.99763	6.28378	6.3919	6.49562	7.01052	7.35565	8.35098		8.35098	2017
10	10.5	10.5.1	FI_FSI_FSKA	Regulatory capital to assets (%)	2019.Q2.G.01	446	China, Macao Special Administrative Region	030	Eastern Asia	Country	MAC	0	113.5665388	22.1237259	PERCENT	Percentage			G	Global		Indicator for the whole deposit-taking sector	http://data.imf.org/FSI		C: Country data											4.24664	4.00016	3.97137	3.68475	3.64473	4.28818	4.55842	4.80689	4.46948	4.46948	2018
10	10.5	10.5.1	FI_FSI_FSKA	Regulatory capital to assets (%)	2019.Q2.G.01	450	Madagascar	014	Eastern Africa	Country	MDG	1	46.6982339	-19.38514785	PERCENT	Percentage			G	Global		Indicator for the whole deposit-taking sector	http://data.imf.org/FSI		C: Country data						10.21529	9.85025	10.25735	9.88323	9.18265	9.78046	9.43517	9.82619	10.63531	11.21644	11.59287	10.73195	10.30172	10.64966	10.64966	2018
10	10.5	10.5.1	FI_FSI_FSKA	Regulatory capital to assets (%)	2019.Q2.G.01	454	Malawi	014	Eastern Africa	Country	MWI	1	33.4884625	-13.40819859	PERCENT	Percentage			G	Global		Indicator for the whole deposit-taking sector	http://data.imf.org/FSI		C: Country data																16.52445	16.36798	15.60395		15.60395	2017
10	10.5	10.5.1	FI_FSI_FSKA	Regulatory capital to assets (%)	2019.Q2.G.01	458	Malaysia	035	South-Eastern Asia	Country	MYS	1	116.8346314	5.452415309	PERCENT	Percentage			G	Global		Indicator for the whole deposit-taking sector	http://data.imf.org/FSI		C: Country data											9.38424	8.89331	9.38594	9.59377	9.95169	10.45914	11.00336	11.23837		11.23837	2017
10	10.5	10.5.1	FI_FSI_FSKA	Regulatory capital to assets (%)	2019.Q2.G.01	462	Maldives	034	Southern Asia	Country	MDV	1	73.09672546	-0.614385021	PERCENT	Percentage			G	Global		Indicator for the whole deposit-taking sector	http://data.imf.org/FSI		C: Country data													16.10806	16.14525	21.34977	20.45588	23.71158	24.14593		24.14593	2017
10	10.5	10.5.1	FI_FSI_FSKA	Regulatory capital to assets (%)	2019.Q2.G.01	466	Mali	011	Western Africa	Country	MLI	1	-3.522016039	17.35311254																																
10	10.5	10.5.1	FI_FSI_FSKA	Regulatory capital to assets (%)	2019.Q2.G.01	470	Malta	039	Southern Europe	Country	MLT	1	14.44617519	35.89194275	PERCENT	Percentage			G	Global		Indicator for the whole deposit-taking sector	http://data.imf.org/FSI		C: Country data						8.20318	7.54372	7.07751	6.59114	7.20137	7.07454	7.32364	7.64765	8.07709	7.37279	7.18775	7.3981	8.52		8.52	2017
10	10.5	10.5.1	FI_FSI_FSKA	Regulatory capital to assets (%)	2019.Q2.G.01	474	Martinique	029	Caribbean	Country	MTQ	0	-60.91544135	14.56086108																																
10	10.5	10.5.1	FI_FSI_FSKA	Regulatory capital to assets (%)	2019.Q2.G.01	478	Mauritania	011	Western Africa	Country	MRT	1	-10.33187259	20.26089546																																
10	10.5	10.5.1	FI_FSI_FSKA	Regulatory capital to assets (%)	2019.Q2.G.01	480	Mauritius	014	Eastern Africa	Country	MUS	1	57.568022	-20.28581998	PERCENT	Percentage			G	Global		Indicator for the whole deposit-taking sector	http://data.imf.org/FSI		C: Country data										7.66424	7.33867	7.25002	8.46572	8.77361	9.33067	10.51998	10.62119	10.0762		10.0762	2017
10	10.5	10.5.1	FI_FSI_FSKA	Regulatory capital to assets (%)	2019.Q2.G.01	484	Mexico	013	Central America	Country	MEX	1	-102.5148166	23.93378032	PERCENT	Percentage			G	Global		Indicator for the whole deposit-taking sector	http://data.imf.org/FSI		C: Country data						8.76425	9.51071	9.60926	9.17812	10.69114	10.40385	9.92206	10.59247	10.3587	10.83806	10.44798	9.93846	10.39831	10.70086	10.70086	2018
10	10.5	10.5.1	FI_FSI_FSKA	Regulatory capital to assets (%)	2019.Q2.G.01	492	Monaco	155	Western Europe	Country	MCO	1	7.424214814	43.73532918																																
10	10.5	10.5.1	FI_FSI_FSKA	Regulatory capital to assets (%)	2019.Q2.G.01	496	Mongolia	030	Eastern Asia	Country	MNG	1	103.0728057	46.83892054																																
10	10.5	10.5.1	FI_FSI_FSKA	Regulatory capital to assets (%)	2019.Q2.G.01	498	Republic of Moldova	151	Eastern Europe	Country	MDA	1	28.4650624	47.20236795	PERCENT	Percentage			G	Global		Indicator for the whole deposit-taking sector	http://data.imf.org/FSI		C: Country data										16.09172	15.97536	15.84128	17.21359	15.0036	13.16593		17.31441	17.09698		17.09698	2017
10	10.5	10.5.1	FI_FSI_FSKA	Regulatory capital to assets (%)	2019.Q2.G.01	499	Montenegro	039	Southern Europe	Country	MNE	1	19.25214024	42.78717043																																
10	10.5	10.5.1	FI_FSI_FSKA	Regulatory capital to assets (%)	2019.Q2.G.01	500	Montserrat	029	Caribbean	Country	MSR	0	-62.19261223	16.73558313	PERCENT	Percentage			G	Global		Indicator for the whole deposit-taking sector	http://data.imf.org/FSI		C: Country data																5.564	5.92688	6.08337		6.08337	2017
10	10.5	10.5.1	FI_FSI_FSKA	Regulatory capital to assets (%)	2019.Q2.G.01	504	Morocco	015	Northern Africa	Country	MAR	1	-6.281942841	31.8440131																																
10	10.5	10.5.1	FI_FSI_FSKA	Regulatory capital to assets (%)	2019.Q2.G.01	508	Mozambique	014	Eastern Africa	Country	MOZ	1	38.18479941	-14.27963886																																
10	10.5	10.5.1	FI_FSI_FSKA	Regulatory capital to assets (%)	2019.Q2.G.01	512	Oman	145	Western Asia	Country	OMN	1	57.87743482	21.98805614																																
10	10.5	10.5.1	FI_FSI_FSKA	Regulatory capital to assets (%)	2019.Q2.G.01	516	Namibia	018	Southern Africa	Country	NAM	1	17.21907885	-22.13817068	PERCENT	Percentage			G	Global		Indicator for the whole deposit-taking sector	http://data.imf.org/FSI		C: Country data											10.72092	10.91525	10.55561	11.14379	11.33841	11.36195	11.53047	11.72623		11.72623	2017
10	10.5	10.5.1	FI_FSI_FSKA	Regulatory capital to assets (%)	2019.Q2.G.01	520	Nauru	057	Micronesia	Country	NRU	1	166.92313	-0.528742623																																
10	10.5	10.5.1	FI_FSI_FSKA	Regulatory capital to assets (%)	2019.Q2.G.01	524	Nepal	034	Southern Asia	Country	NPL	1	83.94678863	28.25866332	PERCENT	Percentage			G	Global		Indicator for the whole deposit-taking sector	http://data.imf.org/FSI		C: Country data																	9.98992	11.72744		11.72744	2017
10	10.5	10.5.1	FI_FSI_FSKA	Regulatory capital to assets (%)	2019.Q2.G.01	528	Netherlands	155	Western Europe	Country	NLD	1	5.331480568	51.86728884	PERCENT	Percentage			G	Global		Indicator for the whole deposit-taking sector	http://data.imf.org/FSI		C: Country data									3.21901	4.31542	4.43316	4.27947	4.6927	4.78392	5.36674	5.55506	5.68979	6.078		6.078	2017
10	10.5	10.5.1	FI_FSI_FSKA	Regulatory capital to assets (%)	2019.Q2.G.01	530	Netherlands Antilles	029	Caribbean	Country	ANT	0	-68.30676179	12.22720635																																
10	10.5	10.5.1	FI_FSI_FSKA	Regulatory capital to assets (%)	2019.Q2.G.01	531	Curaçao	029	Caribbean	Country	CUW	0	-68.95033464	12.15058042																																
10	10.5	10.5.1	FI_FSI_FSKA	Regulatory capital to assets (%)	2019.Q2.G.01	533	Aruba	029	Caribbean	Country	ABW	0	-69.97050586	12.50878756																																
10	10.5	10.5.1	FI_FSI_FSKA	Regulatory capital to assets (%)	2019.Q2.G.01	534	Sint Maarten (Dutch part)	029	Caribbean	Country	SXM	0	-63.06198692	18.03926508																																
10	10.5	10.5.1	FI_FSI_FSKA	Regulatory capital to assets (%)	2019.Q2.G.01	540	New Caledonia	054	Melanesia	Country	NCL	0	165.5067368	-21.41742531																																
10	10.5	10.5.1	FI_FSI_FSKA	Regulatory capital to assets (%)	2019.Q2.G.01	548	Vanuatu	054	Melanesia	Country	VUT	1	167.0679779	-15.34445547	PERCENT	Percentage			G	Global		Indicator for the whole deposit-taking sector	http://data.imf.org/FSI		[2010-2016]: C: Country data // [2017]: NA: Data nature not available											11.90169	12.08744	13.46636	12.8858	12.34847	11.1699	10.93973	10.2585		10.2585	2017
10	10.5	10.5.1	FI_FSI_FSKA	Regulatory capital to assets (%)	2019.Q2.G.01	554	New Zealand	053	Australia and New Zealand	Country	NZL	1	170.4755673	-43.98721568																																
10	10.5	10.5.1	FI_FSI_FSKA	Regulatory capital to assets (%)	2019.Q2.G.01	558	Nicaragua	013	Central America	Country	NIC	1	-85.03060315	12.84210839	PERCENT	Percentage			G	Global		Indicator for the whole deposit-taking sector	http://data.imf.org/FSI		C: Country data									6.76558	7.08667	6.59283	6.39806	7.0229	7.22498	7.69096	7.66969	7.505	7.29875	8.96819	8.96819	2018
10	10.5	10.5.1	FI_FSI_FSKA	Regulatory capital to assets (%)	2019.Q2.G.01	562	Niger	011	Western Africa	Country	NER	1	9.400167877	17.42143036																																
10	10.5	10.5.1	FI_FSI_FSKA	Regulatory capital to assets (%)	2019.Q2.G.01	566	Nigeria	011	Western Africa	Country	NGA	1	8.097363256	9.585789025	PERCENT	Percentage			G	Global		Indicator for the whole deposit-taking sector	http://data.imf.org/FSI		C: Country data								15.66348	17.95485	4.07968	1.49041	10.61782	10.82064	10.39229	10.42327	12.37568	11.37169	5.67981		5.67981	2017
10	10.5	10.5.1	FI_FSI_FSKA	Regulatory capital to assets (%)	2019.Q2.G.01	570	Niue	061	Polynesia	Country	NIU	0	-169.8601693	-19.05000475																																
10	10.5	10.5.1	FI_FSI_FSKA	Regulatory capital to assets (%)	2019.Q2.G.01	574	Norfolk Island	053	Australia and New Zealand	Country	NFK	0	167.9515548	-29.03230018																																
10	10.5	10.5.1	FI_FSI_FSKA	Regulatory capital to assets (%)	2019.Q2.G.01	578	Norway	154	Northern Europe	Country	NOR	1	11.47846389	61.34311134																																
10	10.5	10.5.1	FI_FSI_FSKA	Regulatory capital to assets (%)	2019.Q2.G.01	580	Northern Mariana Islands	057	Micronesia	Country	MNP	0	145.7582114	15.19099517																																
10	10.5	10.5.1	FI_FSI_FSKA	Regulatory capital to assets (%)	2019.Q2.G.01	581	United States Minor Outlying Islands	057	Micronesia	Country	UMI	0	-162.4343752	5.874443968																																
10	10.5	10.5.1	FI_FSI_FSKA	Regulatory capital to assets (%)	2019.Q2.G.01	583	Micronesia (Federated States of)	057	Micronesia	Country	FSM	1	158.225216	6.880670092	PERCENT	Percentage			G	Global		Indicator for the whole deposit-taking sector	http://data.imf.org/FSI		C: Country data														7.21243	6.72179	7.20627				7.20627	2015
10	10.5	10.5.1	FI_FSI_FSKA	Regulatory capital to assets (%)	2019.Q2.G.01	584	Marshall Islands	057	Micronesia	Country	MHL	1	171.0839119	7.110213497																																
10	10.5	10.5.1	FI_FSI_FSKA	Regulatory capital to assets (%)	2019.Q2.G.01	585	Palau	057	Micronesia	Country	PLW	1	134.5733878	7.502307591																																
10	10.5	10.5.1	FI_FSI_FSKA	Regulatory capital to assets (%)	2019.Q2.G.01	586	Pakistan	034	Southern Asia	Country	PAK	1	68.80479684	29.36491634	PERCENT	Percentage			G	Global		Indicator for the whole deposit-taking sector	http://data.imf.org/FSI		C: Country data														8.90795	9.97372	8.41792	7.82422	7.11748		7.11748	2017
10	10.5	10.5.1	FI_FSI_FSKA	Regulatory capital to assets (%)	2019.Q2.G.01	591	Panama	013	Central America	Country	PAN	1	-81.26616623	8.450965746	PERCENT	Percentage			G	Global		Indicator for the whole deposit-taking sector	http://data.imf.org/FSI		C: Country data						12.7947	12.12871	11.9967	11.60033	10.83981	11.54824	11.14651	10.4245	9.8045	10.02714	10.16603	11.44968	12.48098		12.48098	2017
10	10.5	10.5.1	FI_FSI_FSKA	Regulatory capital to assets (%)	2019.Q2.G.01	598	Papua New Guinea	054	Melanesia	Country	PNG	1	145.8587761	-6.756057077	PERCENT	Percentage			G	Global		Indicator for the whole deposit-taking sector	http://data.imf.org/FSI		C: Country data									11.66219	9.47547	10.52785	9.70451	10.17449	11.8584	13.18632	13.3086	13.26074	14.20996		14.20996	2017
10	10.5	10.5.1	FI_FSI_FSKA	Regulatory capital to assets (%)	2019.Q2.G.01	600	Paraguay	005	South America	Country	PRY	1	-60.54854225	-21.70216237	PERCENT	Percentage			G	Global		Indicator for the whole deposit-taking sector	http://data.imf.org/FSI		C: Country data						0.0	0.0	0.0	0.0	0.0	5.76868	7.33094	7.50883	7.00299	6.96611	7.17881	7.93653	8.15646	8.42261	8.42261	2018
10	10.5	10.5.1	FI_FSI_FSKA	Regulatory capital to assets (%)	2019.Q2.G.01	604	Peru	005	South America	Country	PER	1	-71.82093277	-13.58939705	PERCENT	Percentage			G	Global		Indicator for the whole deposit-taking sector	http://data.imf.org/FSI		C: Country data											9.97965	10.56033	10.41555	10.14693	10.66863	10.08673	11.41751	12.07586		12.07586	2017
10	10.5	10.5.1	FI_FSI_FSKA	Regulatory capital to assets (%)	2019.Q2.G.01	608	Philippines	035	South-Eastern Asia	Country	PHL	1	120.8601418	14.16591706	PERCENT	Percentage			G	Global		Indicator for the whole deposit-taking sector	http://data.imf.org/FSI		C: Country data										9.53218	10.23386	11.09064	11.70292	9.70417	9.94815	9.98739	9.73959	10.02353		10.02353	2017
10	10.5	10.5.1	FI_FSI_FSKA	Regulatory capital to assets (%)	2019.Q2.G.01	612	Pitcairn	061	Polynesia	Country	PCN	0	-128.3225873	-24.37538456																																
10	10.5	10.5.1	FI_FSI_FSKA	Regulatory capital to assets (%)	2019.Q2.G.01	616	Poland	151	Eastern Europe	Country	POL	1	19.40660158	52.1226733	PERCENT	Percentage			G	Global		Indicator for the whole deposit-taking sector	http://data.imf.org/FSI		C: Country data									7.54272	8.08424	8.19848	7.81802	8.69343	9.09819	8.93798	9.3697	9.51434	10.01776		10.01776	2017
10	10.5	10.5.1	FI_FSI_FSKA	Regulatory capital to assets (%)	2019.Q2.G.01	620	Portugal	039	Southern Europe	Country	PRT	1	-7.961599811	39.68509315	PERCENT	Percentage			G	Global		Indicator for the whole deposit-taking sector	http://data.imf.org/FSI		C: Country data						6.17598	6.50538	4.61443	4.43289	5.08801	5.14877	5.07929	6.65728	6.77072	6.43941	7.20607	6.53487	7.65795		7.65795	2017
10	10.5	10.5.1	FI_FSI_FSKA	Regulatory capital to assets (%)	2019.Q2.G.01	624	Guinea-Bissau	011	Western Africa	Country	GNB	1	-14.40182514	12.11760394																																
10	10.5	10.5.1	FI_FSI_FSKA	Regulatory capital to assets (%)	2019.Q2.G.01	626	Timor-Leste	035	South-Eastern Asia	Country	TLS	1	125.9451052	-8.797497247																																
10	10.5	10.5.1	FI_FSI_FSKA	Regulatory capital to assets (%)	2019.Q2.G.01	630	Puerto Rico	029	Caribbean	Country	PRI	0	-66.47591017	18.22753799																																
10	10.5	10.5.1	FI_FSI_FSKA	Regulatory capital to assets (%)	2019.Q2.G.01	634	Qatar	145	Western Asia	Country	QAT	1	51.19152467	25.28355379																																
10	10.5	10.5.1	FI_FSI_FSKA	Regulatory capital to assets (%)	2019.Q2.G.01	638	Réunion	014	Eastern Africa	Country	REU	0	55.53171398	-21.13183266																																
10	10.5	10.5.1	FI_FSI_FSKA	Regulatory capital to assets (%)	2019.Q2.G.01	642	Romania	151	Eastern Europe	Country	ROU	1	24.98481009	45.83893563	PERCENT	Percentage			G	Global		Indicator for the whole deposit-taking sector	http://data.imf.org/FSI		C: Country data								10.68374	9.04564	8.56724	8.87857	8.07237	8.01953	7.95697	7.38359	8.17832	8.92436	8.88865		8.88865	2017
10	10.5	10.5.1	FI_FSI_FSKA	Regulatory capital to assets (%)	2019.Q2.G.01	643	Russian Federation	151	Eastern Europe	Country	RUS	1	99.01404926	61.61899849	PERCENT	Percentage			G	Global		Indicator for the whole deposit-taking sector	http://data.imf.org/FSI		C: Country data									10.80098	13.0688	12.89558	11.82983	11.78208	11.48521	8.53662	8.92084	10.36027	10.51411		10.51411	2017
10	10.5	10.5.1	FI_FSI_FSKA	Regulatory capital to assets (%)	2019.Q2.G.01	646	Rwanda	014	Eastern Africa	Country	RWA	1	29.92310194	-1.999842114	PERCENT	Percentage			G	Global		Indicator for the whole deposit-taking sector	http://data.imf.org/FSI		[2008-2016]: C: Country data // [2017]: NA: Data nature not available									17.00392	17.39968	15.04531	16.96425	17.16073	15.10411	15.41211	15.95399	16.6744	14.77989		14.77989	2017
10	10.5	10.5.1	FI_FSI_FSKA	Regulatory capital to assets (%)	2019.Q2.G.01	652	Saint Barthélemy	029	Caribbean	Country	BLM	0	-62.83173536	17.89513362																																
10	10.5	10.5.1	FI_FSI_FSKA	Regulatory capital to assets (%)	2019.Q2.G.01	654	Saint Helena	011	Western Africa	Country	SHN	0	-5.705752501	-15.96503946																																
10	10.5	10.5.1	FI_FSI_FSKA	Regulatory capital to assets (%)	2019.Q2.G.01	659	Saint Kitts and Nevis	029	Caribbean	Country	KNA	1	-62.76628613	17.33994219	PERCENT	Percentage			G	Global		Indicator for the whole deposit-taking sector	http://data.imf.org/FSI		C: Country data																7.4151	7.8451	8.38478		8.38478	2017
10	10.5	10.5.1	FI_FSI_FSKA	Regulatory capital to assets (%)	2019.Q2.G.01	660	Anguilla	029	Caribbean	Country	AIA	0	-63.05651612	18.21525315	PERCENT	Percentage			G	Global		Indicator for the whole deposit-taking sector	http://data.imf.org/FSI		C: Country data																-2.85119	3.15213	1.20771		1.20771	2017
10	10.5	10.5.1	FI_FSI_FSKA	Regulatory capital to assets (%)	2019.Q2.G.01	662	Saint Lucia	029	Caribbean	Country	LCA	1	-60.96529553	13.89405601	PERCENT	Percentage			G	Global		Indicator for the whole deposit-taking sector	http://data.imf.org/FSI		C: Country data																3.52974	3.42571	5.1014		5.1014	2017
10	10.5	10.5.1	FI_FSI_FSKA	Regulatory capital to assets (%)	2019.Q2.G.01	663	Saint Martin (French Part)	029	Caribbean	Country	MAF	0	-63.04505461	18.0882685																																
10	10.5	10.5.1	FI_FSI_FSKA	Regulatory capital to assets (%)	2019.Q2.G.01	666	Saint Pierre and Miquelon	021	Northern America	Country	SPM	0	-56.33682442	46.85812735																																
10	10.5	10.5.1	FI_FSI_FSKA	Regulatory capital to assets (%)	2019.Q2.G.01	670	Saint Vincent and the Grenadines	029	Caribbean	Country	VCT	1	-61.19024321	13.24627968	PERCENT	Percentage			G	Global		Indicator for the whole deposit-taking sector	http://data.imf.org/FSI		C: Country data																7.44881	7.28609	7.00306		7.00306	2017
10	10.5	10.5.1	FI_FSI_FSKA	Regulatory capital to assets (%)	2019.Q2.G.01	674	San Marino	039	Southern Europe	Country	SMR	1	12.46329038	43.93841766	PERCENT	Percentage			G	Global		Indicator for the whole deposit-taking sector	http://data.imf.org/FSI		C: Country data									10.18728	10.56625	9.6067	8.64063	6.34333	7.27513	6.21694	6.92818	6.24182	6.53212		6.53212	2017
10	10.5	10.5.1	FI_FSI_FSKA	Regulatory capital to assets (%)	2019.Q2.G.01	678	Sao Tome and Principe	017	Middle Africa	Country	STP	1	6.609772265	0.241554875																																
10	10.5	10.5.1	FI_FSI_FSKA	Regulatory capital to assets (%)	2019.Q2.G.01	682	Saudi Arabia	145	Western Asia	Country	SAU	1	44.54763347	24.12594211	PERCENT	Percentage			G	Global		Indicator for the whole deposit-taking sector	http://data.imf.org/FSI		C: Country data										11.53305	12.22858	12.01016	12.6535	13.54331	13.67733	13.90255	14.79819	15.41638		15.41638	2017
10	10.5	10.5.1	FI_FSI_FSKA	Regulatory capital to assets (%)	2019.Q2.G.01	686	Senegal	011	Western Africa	Country	SEN	1	-14.46636926	14.35920905																																
10	10.5	10.5.1	FI_FSI_FSKA	Regulatory capital to assets (%)	2019.Q2.G.01	688	Serbia	039	Southern Europe	Country	SRB	1	20.805876	44.03145697																																
10	10.5	10.5.1	FI_FSI_FSKA	Regulatory capital to assets (%)	2019.Q2.G.01	690	Seychelles	014	Eastern Africa	Country	SYC	1	55.46561591	-4.678053059	PERCENT	Percentage			G	Global		Indicator for the whole deposit-taking sector	http://data.imf.org/FSI		[2006-2016]: C: Country data // [2017]: NA: Data nature not available							6.66836	6.95223	8.60158	9.89045	9.23247	9.02567	9.9414	9.22807	8.25517	11.10726	11.87989	11.01365		11.01365	2017
10	10.5	10.5.1	FI_FSI_FSKA	Regulatory capital to assets (%)	2019.Q2.G.01	694	Sierra Leone	011	Western Africa	Country	SLE	1	-11.78306584	8.568604164																																
10	10.5	10.5.1	FI_FSI_FSKA	Regulatory capital to assets (%)	2019.Q2.G.01	702	Singapore	035	South-Eastern Asia	Country	SGP	1	103.8107883	1.361009155	PERCENT	Percentage			G	Global		Indicator for the whole deposit-taking sector	http://data.imf.org/FSI		C: Country data									7.19672	9.17031	8.96767	8.32237	8.92159	8.21692	8.41271	9.00075	9.22995	9.17755		9.17755	2017
10	10.5	10.5.1	FI_FSI_FSKA	Regulatory capital to assets (%)	2019.Q2.G.01	703	Slovakia	151	Eastern Europe	Country	SVK	1	19.48495604	48.70741446	PERCENT	Percentage			G	Global		Indicator for the whole deposit-taking sector	http://data.imf.org/FSI		C: Country data									8.19382	9.57798	9.71664	10.75072	11.68705	12.11667	11.8638	11.12241	10.97713	10.77232		10.77232	2017
10	10.5	10.5.1	FI_FSI_FSKA	Regulatory capital to assets (%)	2019.Q2.G.01	704	Viet Nam	035	South-Eastern Asia	Country	VNM	1	105.802499	10.09643079	PERCENT	Percentage			G	Global		Indicator for the whole deposit-taking sector	http://data.imf.org/FSI		[2008-2016]: C: Country data // [2017]: NA: Data nature not available									8.97065	8.60262	8.86694	9.29887	9.93053	9.53804	8.77159	8.26245	7.76781	7.36246		7.36246	2017
10	10.5	10.5.1	FI_FSI_FSKA	Regulatory capital to assets (%)	2019.Q2.G.01	705	Slovenia	039	Southern Europe	Country	SVN	1	14.82209486	46.11958061																																
10	10.5	10.5.1	FI_FSI_FSKA	Regulatory capital to assets (%)	2019.Q2.G.01	706	Somalia	014	Eastern Africa	Country	SOM	1	46.20367477	4.406485729																																
10	10.5	10.5.1	FI_FSI_FSKA	Regulatory capital to assets (%)	2019.Q2.G.01	710	South Africa	018	Southern Africa	Country	ZAF	1	24.67184355	-29.99957544	PERCENT	Percentage			G	Global		Indicator for the whole deposit-taking sector	http://data.imf.org/FSI		C: Country data									5.67964	6.65465	7.046	7.22688	7.78936	7.92026	7.57738	7.03824	8.19802	8.79616		8.79616	2017
10	10.5	10.5.1	FI_FSI_FSKA	Regulatory capital to assets (%)	2019.Q2.G.01	716	Zimbabwe	014	Eastern Africa	Country	ZWE	1	29.86909584	-19.00075492																																
10	10.5	10.5.1	FI_FSI_FSKA	Regulatory capital to assets (%)	2019.Q2.G.01	724	Spain	039	Southern Europe	Country	ESP	1	-3.554078296	40.39211472	PERCENT	Percentage			G	Global		Indicator for the whole deposit-taking sector	http://data.imf.org/FSI		C: Country data						6.25546	6.36815	6.69067	5.86535	6.41803	6.0946	5.9238	5.75651	6.79162	7.24161	7.44301	7.78872	7.62		7.62	2017
10	10.5	10.5.1	FI_FSI_FSKA	Regulatory capital to assets (%)	2019.Q2.G.01	728	South Sudan	014	Eastern Africa	Country	SSD	1	30.32618773	7.290839152																																
10	10.5	10.5.1	FI_FSI_FSKA	Regulatory capital to assets (%)	2019.Q2.G.01	729	Sudan	015	Northern Africa	Country	SDN	0	29.95650159	16.02643066																																
10	10.5	10.5.1	FI_FSI_FSKA	Regulatory capital to assets (%)	2019.Q2.G.01	732	Western Sahara	015	Northern Africa	Country	ESH	0	-13.13515523	24.66265342																																
10	10.5	10.5.1	FI_FSI_FSKA	Regulatory capital to assets (%)	2019.Q2.G.01	740	Suriname	005	South America	Country	SUR	1	-55.90626394	4.132603197																																
10	10.5	10.5.1	FI_FSI_FSKA	Regulatory capital to assets (%)	2019.Q2.G.01	744	Svalbard and Jan Mayen Islands	154	Northern Europe	Country	SJM	0	13.38071013	78.82894131																																
10	10.5	10.5.1	FI_FSI_FSKA	Regulatory capital to assets (%)	2019.Q2.G.01	748	Eswatini	018	Southern Africa	Country	SWZ	1	31.50149288	-26.56471011	PERCENT	Percentage			G	Global		Indicator for the whole deposit-taking sector	http://data.imf.org/FSI		C: Country data										10.69063	12.34857	12.23258	12.54701	11.9474	12.61292	12.91105	12.9805	13.44908	13.11153	13.11153	2018
10	10.5	10.5.1	FI_FSI_FSKA	Regulatory capital to assets (%)	2019.Q2.G.01	752	Sweden	154	Northern Europe	Country	SWE	1	14.3775338	60.60103109	PERCENT	Percentage			G	Global		Indicator for the whole deposit-taking sector	http://data.imf.org/FSI		C: Country data																	6.12264	6.12829		6.12829	2017
10	10.5	10.5.1	FI_FSI_FSKA	Regulatory capital to assets (%)	2019.Q2.G.01	756	Switzerland	155	Western Europe	Country	CHE	1	8.223158	46.96617097	PERCENT	Percentage			G	Global		Indicator for the whole deposit-taking sector	http://data.imf.org/FSI		[2005-2016]: C: Country data // [2017]: NA: Data nature not available						5.08331	4.87525	4.55372	4.83682	5.55129	5.40141	5.54787	5.50258	6.12923	6.8529	7.29081	7.12063	8.01919		8.01919	2017
10	10.5	10.5.1	FI_FSI_FSKA	Regulatory capital to assets (%)	2019.Q2.G.01	760	Syrian Arab Republic	145	Western Asia	Country	SYR	1	38.50466565	35.01676176																																
10	10.5	10.5.1	FI_FSI_FSKA	Regulatory capital to assets (%)	2019.Q2.G.01	762	Tajikistan	143	Central Asia	Country	TJK	1	69.294998	38.43069666	PERCENT	Percentage			G	Global		Indicator for the whole deposit-taking sector	http://data.imf.org/FSI		C: Country data									24.42178	21.95588	18.90272	19.26391	20.4935	19.28212	13.82238					13.82238	2014
10	10.5	10.5.1	FI_FSI_FSKA	Regulatory capital to assets (%)	2019.Q2.G.01	764	Thailand	035	South-Eastern Asia	Country	THA	1	101.0202951	15.13089239	PERCENT	Percentage			G	Global		Indicator for the whole deposit-taking sector	http://data.imf.org/FSI		C: Country data							7.49836	8.12577	8.01713	8.4116	8.52695	7.83667	7.80676	8.52311	9.21213	10.03389	10.45776	10.72781		10.72781	2017
10	10.5	10.5.1	FI_FSI_FSKA	Regulatory capital to assets (%)	2019.Q2.G.01	768	Togo	011	Western Africa	Country	TGO	1	0.97835765	8.532096072																																
10	10.5	10.5.1	FI_FSI_FSKA	Regulatory capital to assets (%)	2019.Q2.G.01	772	Tokelau	061	Polynesia	Country	TKL	0	-171.8154473	-9.214545558																																
10	10.5	10.5.1	FI_FSI_FSKA	Regulatory capital to assets (%)	2019.Q2.G.01	776	Tonga	061	Polynesia	Country	TON	1	-175.1959991	-21.19511329	PERCENT	Percentage			G	Global		Indicator for the whole deposit-taking sector	http://data.imf.org/FSI		C: Country data										8.42696	8.26288	8.13532	22.9361	23.68483	24.84934	24.11875	21.18956	19.99268	20.54162	20.54162	2018
10	10.5	10.5.1	FI_FSI_FSKA	Regulatory capital to assets (%)	2019.Q2.G.01	780	Trinidad and Tobago	029	Caribbean	Country	TTO	1	-61.29389504	10.41877263	PERCENT	Percentage			G	Global		Indicator for the whole deposit-taking sector	http://data.imf.org/FSI		C: Country data							12.16412	13.2534	14.13654	12.9085	14.23413	13.85658	14.25568	14.16247	13.238	14.08252	12.87889	13.20667		13.20667	2017
10	10.5	10.5.1	FI_FSI_FSKA	Regulatory capital to assets (%)	2019.Q2.G.01	784	United Arab Emirates	145	Western Asia	Country	ARE	1	53.98279159	23.43322219																																
10	10.5	10.5.1	FI_FSI_FSKA	Regulatory capital to assets (%)	2019.Q2.G.01	788	Tunisia	015	Northern Africa	Country	TUN	1	9.572737411	34.11439971																																
10	10.5	10.5.1	FI_FSI_FSKA	Regulatory capital to assets (%)	2019.Q2.G.01	792	Turkey	145	Western Asia	Country	TUR	1	35.42890329	38.9899684	PERCENT	Percentage			G	Global		Indicator for the whole deposit-taking sector	http://data.imf.org/FSI		C: Country data						12.31242	11.71578	12.83339	12.09171	12.49294	12.27945	11.71008	12.10321	10.94559	11.59204	11.00131	10.72799	10.71992		10.71992	2017
10	10.5	10.5.1	FI_FSI_FSKA	Regulatory capital to assets (%)	2019.Q2.G.01	795	Turkmenistan	143	Central Asia	Country	TKM	1	58.9787665	40.0912346																																
10	10.5	10.5.1	FI_FSI_FSKA	Regulatory capital to assets (%)	2019.Q2.G.01	796	Turks and Caicos Islands	029	Caribbean	Country	TCA	0	-71.745121	21.80780585																																
10	10.5	10.5.1	FI_FSI_FSKA	Regulatory capital to assets (%)	2019.Q2.G.01	798	Tuvalu	061	Polynesia	Country	TUV	1	178.6679611	-7.460048071																																
10	10.5	10.5.1	FI_FSI_FSKA	Regulatory capital to assets (%)	2019.Q2.G.01	800	Uganda	014	Eastern Africa	Country	UGA	1	32.39100438	1.279557331	PERCENT	Percentage			G	Global		Indicator for the whole deposit-taking sector	http://data.imf.org/FSI		C: Country data						9.43329	9.95713	9.37567	11.77888	11.94555	11.33823	12.83479	12.73266	12.36847	13.4119	13.0391	11.69436	13.80647		13.80647	2017
10	10.5	10.5.1	FI_FSI_FSKA	Regulatory capital to assets (%)	2019.Q2.G.01	804	Ukraine	151	Eastern Europe	Country	UKR	1	31.40270802	49.00735945	PERCENT	Percentage			G	Global		Indicator for the whole deposit-taking sector	http://data.imf.org/FSI		C: Country data						11.89939	12.46581	11.57931	12.85591	13.09968	14.63005	14.76006	15.03099	15.05637	11.22766	8.01648	9.78122	11.90291	10.76597	10.76597	2018
10	10.5	10.5.1	FI_FSI_FSKA	Regulatory capital to assets (%)	2019.Q2.G.01	807	North Macedonia	039	Southern Europe	Country	MKD	1	21.7007909	41.60048068	PERCENT	Percentage			G	Global		Indicator for the whole deposit-taking sector	http://data.imf.org/FSI		C: Country data							13.31142	11.38557	11.54046	11.39832	10.56563	11.0484	11.16339	11.27371	10.81965	10.837	10.61231	10.84024		10.84024	2017
10	10.5	10.5.1	FI_FSI_FSKA	Regulatory capital to assets (%)	2019.Q2.G.01	818	Egypt	015	Northern Africa	Country	EGY	1	29.77468534	26.57438204																																
10	10.5	10.5.1	FI_FSI_FSKA	Regulatory capital to assets (%)	2019.Q2.G.01	826	United Kingdom of Great Britain and Northern Ireland	154	Northern Europe	Country	GBR	1	-2.23830539	53.27691757	PERCENT	Percentage			G	Global		Indicator for the whole deposit-taking sector	http://data.imf.org/FSI		C: Country data									4.41328	5.39305	5.36612	5.09957	5.50896	6.34549	5.62132	6.83823	7.02517	6.78469		6.78469	2017
10	10.5	10.5.1	FI_FSI_FSKA	Regulatory capital to assets (%)	2019.Q2.G.01	831	Guernsey	830	Channel Islands	Country	GGY	0	-2.200712402	49.71561166																																
10	10.5	10.5.1	FI_FSI_FSKA	Regulatory capital to assets (%)	2019.Q2.G.01	832	Jersey	830	Channel Islands	Country	JEY	0	-2.136773508	49.22353354																																
10	10.5	10.5.1	FI_FSI_FSKA	Regulatory capital to assets (%)	2019.Q2.G.01	833	Isle of Man	154	Northern Europe	Country	IMN	0	-4.538190305	54.22880901																																
10	10.5	10.5.1	FI_FSI_FSKA	Regulatory capital to assets (%)	2019.Q2.G.01	834	United Republic of Tanzania	014	Eastern Africa	Country	TZA	1	34.80521182	-6.265332606	PERCENT	Percentage			G	Global		Indicator for the whole deposit-taking sector	http://data.imf.org/FSI		C: Country data											10.30422	10.01981	10.06173	10.61353	10.34619	11.10887	12.51694	12.25736		12.25736	2017
10	10.5	10.5.1	FI_FSI_FSKA	Regulatory capital to assets (%)	2019.Q2.G.01	840	United States of America	021	Northern America	Country	USA	1	-99.13830311	39.5277871	PERCENT	Percentage			G	Global		Indicator for the whole deposit-taking sector	http://data.imf.org/FSI		C: Country data										12.37489	12.73931	12.22888	11.96341	11.77605	11.65662	11.71105	11.58549	11.65001		11.65001	2017
10	10.5	10.5.1	FI_FSI_FSKA	Regulatory capital to assets (%)	2019.Q2.G.01	850	United States Virgin Islands	029	Caribbean	Country	VIR	0	-64.76960113	17.73297693																																
10	10.5	10.5.1	FI_FSI_FSKA	Regulatory capital to assets (%)	2019.Q2.G.01	854	Burkina Faso	011	Western Africa	Country	BFA	1	-1.742843829	12.27491081																																
10	10.5	10.5.1	FI_FSI_FSKA	Regulatory capital to assets (%)	2019.Q2.G.01	858	Uruguay	005	South America	Country	URY	1	-56.01387025	-32.8002838	PERCENT	Percentage			G	Global		Indicator for the whole deposit-taking sector	http://data.imf.org/FSI		[2008-2016]: C: Country data // [2017]: NA: Data nature not available									8.65692	11.47756	10.82463	10.07231	10.04828	9.30406	9.19111	8.53264	9.17399	10.14518		10.14518	2017
10	10.5	10.5.1	FI_FSI_FSKA	Regulatory capital to assets (%)	2019.Q2.G.01	860	Uzbekistan	143	Central Asia	Country	UZB	1	63.11944558	41.77560518	PERCENT	Percentage			G	Global		Indicator for the whole deposit-taking sector	http://data.imf.org/FSI		[2010-2016]: C: Country data // [2017-2018]: NA: Data nature not available											13.29556	12.23948	11.41604	11.23216	11.65602	11.25149	10.68245	12.40828	12.4424	12.4424	2018
10	10.5	10.5.1	FI_FSI_FSKA	Regulatory capital to assets (%)	2019.Q2.G.01	862	Venezuela (Bolivarian Republic of)	005	South America	Country	VEN	1	-66.15642084	7.121324748																																
10	10.5	10.5.1	FI_FSI_FSKA	Regulatory capital to assets (%)	2019.Q2.G.01	876	Wallis and Futuna Islands	061	Polynesia	Country	WLF	0	-176.2034788	-13.28471201																																
10	10.5	10.5.1	FI_FSI_FSKA	Regulatory capital to assets (%)	2019.Q2.G.01	882	Samoa	061	Polynesia	Country	WSM	1	-172.4430749	-13.61541469	PERCENT	Percentage			G	Global		Indicator for the whole deposit-taking sector	http://data.imf.org/FSI		C: Country data																	16.34537	15.77275		15.77275	2017
10	10.5	10.5.1	FI_FSI_FSKA	Regulatory capital to assets (%)	2019.Q2.G.01	887	Yemen	145	Western Asia	Country	YEM	1	45.22389143	15.22242099																																
10	10.5	10.5.1	FI_FSI_FSKA	Regulatory capital to assets (%)	2019.Q2.G.01	894	Zambia	014	Eastern Africa	Country	ZMB	1	27.850329	-14.59701056	PERCENT	Percentage			G	Global		Indicator for the whole deposit-taking sector	http://data.imf.org/FSI		C: Country data											8.99	8.92	10.98	13.48	13.09	10.4	11.88	10.85	10.44	10.44	2018
