goal	target	indicator	seriesCode	seriesDesc	release	geoAreaCode	geoAreaName	parentCode	parentName	type	ISO3	UN_Member	X	Y	unitsCode	unitsDesc	unitmultiplierCode	unitmultiplierDesc	reportingTypeCode	reportingTypeDesc	valueDetails	footnotes	sources	timeDetails	nature	value_2000	value_2005	value_2010	value_2013	value_2014	value_2015	value_2016	value_2017	value_latest_year	latest_year
17	17.1	17.1.2	GC_GOB_TAXD	Proportion of domestic budget funded by domestic taxes (% of GDP)	2019.Q2.G.01	004	Afghanistan	034	Southern Asia	Country	AFG	1	66.02688198	33.83160199	PERCENT	Percentage			G	Global		Budgetary Central Government	Source: Government Finance Statistics (GFS) Database classified according to the Government Finance Statistics Manual 2014 (GFSM 2014) revenue classification, International Monetary Fund (IMF).		NA: Data nature not available		26.98993	43.2227	29.20733	26.70679	29.3846	33.37022	36.88105	36.88105	2017
17	17.1	17.1.2	GC_GOB_TAXD	Proportion of domestic budget funded by domestic taxes (% of GDP)	2019.Q2.G.01	008	Albania	039	Southern Europe	Country	ALB	1	20.06660928	41.13897007																					
17	17.1	17.1.2	GC_GOB_TAXD	Proportion of domestic budget funded by domestic taxes (% of GDP)	2019.Q2.G.01	010	Antarctica	001	World	Country	ATA	0	21.47585697	-80.40897662																					
17	17.1	17.1.2	GC_GOB_TAXD	Proportion of domestic budget funded by domestic taxes (% of GDP)	2019.Q2.G.01	012	Algeria	015	Northern Africa	Country	DZA	1	2.678164227	28.15940032	PERCENT	Percentage			G	Global		Budgetary Central Government	Source: Government Finance Statistics (GFS) Database classified according to the Government Finance Statistics Manual 2014 (GFSM 2014) revenue classification, International Monetary Fund (IMF).		NA: Data nature not available	129.25138	110.79494	93.87712						93.87712	2010
17	17.1	17.1.2	GC_GOB_TAXD	Proportion of domestic budget funded by domestic taxes (% of GDP)	2019.Q2.G.01	016	American Samoa	061	Polynesia	Country	ASM	0	-170.7187269	-14.30587306																					
17	17.1	17.1.2	GC_GOB_TAXD	Proportion of domestic budget funded by domestic taxes (% of GDP)	2019.Q2.G.01	020	Andorra	039	Southern Europe	Country	AND	1	1.576257417	42.54548611																					
17	17.1	17.1.2	GC_GOB_TAXD	Proportion of domestic budget funded by domestic taxes (% of GDP)	2019.Q2.G.01	024	Angola	017	Middle Africa	Country	AGO	1	17.57817062	-12.33724746	PERCENT	Percentage			G	Global		Budgetary Central Government	Source: Government Finance Statistics (GFS) Database classified according to the Government Finance Statistics Manual 2014 (GFSM 2014) revenue classification, International Monetary Fund (IMF).		NA: Data nature not available	108.32074	72.07412	48.61119	35.61787	32.81191	44.19696	45.60986	39.85606	39.85606	2017
17	17.1	17.1.2	GC_GOB_TAXD	Proportion of domestic budget funded by domestic taxes (% of GDP)	2019.Q2.G.01	028	Antigua and Barbuda	029	Caribbean	Country	ATG	1	-61.7999755	17.07761471	PERCENT	Percentage			G	Global		Budgetary Central Government	Source: Government Finance Statistics (GFS) Database classified according to the Government Finance Statistics Manual 2014 (GFSM 2014) revenue classification, International Monetary Fund (IMF).		NA: Data nature not available	55.64163	71.15945	79.30316	74.8144	74.05951				74.05951	2014
17	17.1	17.1.2	GC_GOB_TAXD	Proportion of domestic budget funded by domestic taxes (% of GDP)	2019.Q2.G.01	031	Azerbaijan	145	Western Asia	Country	AZE	1	50.01064725	40.39229544	PERCENT	Percentage			G	Global		Budgetary Central Government	Source: Government Finance Statistics (GFS) Database classified according to the Government Finance Statistics Manual 2014 (GFSM 2014) revenue classification, International Monetary Fund (IMF).		NA: Data nature not available			44.31132	42.78636	45.81076	49.37445	54.08739	56.92086	56.92086	2017
17	17.1	17.1.2	GC_GOB_TAXD	Proportion of domestic budget funded by domestic taxes (% of GDP)	2019.Q2.G.01	032	Argentina	005	South America	Country	ARG	1	-65.14563274	-35.19446255																					
17	17.1	17.1.2	GC_GOB_TAXD	Proportion of domestic budget funded by domestic taxes (% of GDP)	2019.Q2.G.01	036	Australia	053	Australia and New Zealand	Country	AUS	1	134.3499412	-25.57717202																					
17	17.1	17.1.2	GC_GOB_TAXD	Proportion of domestic budget funded by domestic taxes (% of GDP)	2019.Q2.G.01	040	Austria	155	Western Europe	Country	AUT	1	14.14172472	47.58704857																					
17	17.1	17.1.2	GC_GOB_TAXD	Proportion of domestic budget funded by domestic taxes (% of GDP)	2019.Q2.G.01	044	Bahamas	029	Caribbean	Country	BHS	1	-78.05111663	24.69546597	PERCENT	Percentage			G	Global		Budgetary Central Government	Source: Government Finance Statistics (GFS) Database classified according to the Government Finance Statistics Manual 2014 (GFSM 2014) revenue classification, International Monetary Fund (IMF).		NA: Data nature not available	93.97805	81.04585	70.88195	67.6901	67.45236	75.48463	75.14518	67.88662	67.88662	2017
17	17.1	17.1.2	GC_GOB_TAXD	Proportion of domestic budget funded by domestic taxes (% of GDP)	2019.Q2.G.01	048	Bahrain	145	Western Asia	Country	BHR	1	50.5490754	26.04407747	PERCENT	Percentage			G	Global		Budgetary Central Government	Source: Government Finance Statistics (GFS) Database classified according to the Government Finance Statistics Manual 2014 (GFSM 2014) revenue classification, International Monetary Fund (IMF).		NA: Data nature not available	17.00535	5.45754	4.31132	3.88561					3.88561	2013
17	17.1	17.1.2	GC_GOB_TAXD	Proportion of domestic budget funded by domestic taxes (% of GDP)	2019.Q2.G.01	050	Bangladesh	034	Southern Asia	Country	BGD	1	89.17660788	22.86961622	PERCENT	Percentage			G	Global		Budgetary Central Government	Source: Government Finance Statistics (GFS) Database classified according to the Government Finance Statistics Manual 2014 (GFSM 2014) revenue classification, International Monetary Fund (IMF).		NA: Data nature not available		69.033	71.47072	76.83116	71.52577	74.92928	74.29041		74.29041	2016
17	17.1	17.1.2	GC_GOB_TAXD	Proportion of domestic budget funded by domestic taxes (% of GDP)	2019.Q2.G.01	051	Armenia	145	Western Asia	Country	ARM	1	44.93839317	40.29499741	PERCENT	Percentage			G	Global		Budgetary Central Government	Source: Government Finance Statistics (GFS) Database classified according to the Government Finance Statistics Manual 2014 (GFSM 2014) revenue classification, International Monetary Fund (IMF).		NA: Data nature not available		82.01699	62.25387	86.03623	84.78277	75.17346	74.50943	79.11636	79.11636	2017
17	17.1	17.1.2	GC_GOB_TAXD	Proportion of domestic budget funded by domestic taxes (% of GDP)	2019.Q2.G.01	052	Barbados	029	Caribbean	Country	BRB	1	-59.5346489	13.13648273	PERCENT	Percentage			G	Global		Budgetary Central Government	Source: Government Finance Statistics (GFS) Database classified according to the Government Finance Statistics Manual 2014 (GFSM 2014) revenue classification, International Monetary Fund (IMF).		NA: Data nature not available		87.98861	71.80406	64.21999	69.58325	71.27695			71.27695	2015
17	17.1	17.1.2	GC_GOB_TAXD	Proportion of domestic budget funded by domestic taxes (% of GDP)	2019.Q2.G.01	056	Belgium	155	Western Europe	Country	BEL	1	4.660976456	50.64104975																					
17	17.1	17.1.2	GC_GOB_TAXD	Proportion of domestic budget funded by domestic taxes (% of GDP)	2019.Q2.G.01	060	Bermuda	021	Northern America	Country	BMU	0	-64.78155012	32.27881922																					
17	17.1	17.1.2	GC_GOB_TAXD	Proportion of domestic budget funded by domestic taxes (% of GDP)	2019.Q2.G.01	064	Bhutan	034	Southern Asia	Country	BTN	1	90.45098484	27.39598568	PERCENT	Percentage			G	Global		Budgetary Central Government	Source: Government Finance Statistics (GFS) Database classified according to the Government Finance Statistics Manual 2014 (GFSM 2014) revenue classification, International Monetary Fund (IMF).		NA: Data nature not available	23.92743	27.92006	37.69597	42.12587	49.49223	46.58866	42.48539	40.30179	40.30179	2017
17	17.1	17.1.2	GC_GOB_TAXD	Proportion of domestic budget funded by domestic taxes (% of GDP)	2019.Q2.G.01	068	Bolivia (Plurinational State of)	005	South America	Country	BOL	1	-64.66224284	-16.71273412	PERCENT	Percentage			G	Global		Budgetary Central Government	Source: Government Finance Statistics (GFS) Database classified according to the Government Finance Statistics Manual 2014 (GFSM 2014) revenue classification, International Monetary Fund (IMF).		NA: Data nature not available	65.59802	60.09926							60.09926	2005
17	17.1	17.1.2	GC_GOB_TAXD	Proportion of domestic budget funded by domestic taxes (% of GDP)	2019.Q2.G.01	070	Bosnia and Herzegovina	039	Southern Europe	Country	BIH	1	17.78584332	44.16845548																					
17	17.1	17.1.2	GC_GOB_TAXD	Proportion of domestic budget funded by domestic taxes (% of GDP)	2019.Q2.G.01	072	Botswana	018	Southern Africa	Country	BWA	1	23.81380223	-22.18810073	PERCENT	Percentage			G	Global		Budgetary Central Government	Source: Government Finance Statistics (GFS) Database classified according to the Government Finance Statistics Manual 2014 (GFSM 2014) revenue classification, International Monetary Fund (IMF).		NA: Data nature not available			53.41067	76.17048	74.35969	67.86729	62.66022	68.4948	68.4948	2017
17	17.1	17.1.2	GC_GOB_TAXD	Proportion of domestic budget funded by domestic taxes (% of GDP)	2019.Q2.G.01	074	Bouvet Island	005	South America	Country	BVT	0	3.410732868	-54.43295905																					
17	17.1	17.1.2	GC_GOB_TAXD	Proportion of domestic budget funded by domestic taxes (% of GDP)	2019.Q2.G.01	076	Brazil	005	South America	Country	BRA	1	-53.08432878	-10.77668561																					
17	17.1	17.1.2	GC_GOB_TAXD	Proportion of domestic budget funded by domestic taxes (% of GDP)	2019.Q2.G.01	084	Belize	013	Central America	Country	BLZ	1	-88.70199554	17.19965901	PERCENT	Percentage			G	Global		Budgetary Central Government	Source: Government Finance Statistics (GFS) Database classified according to the Government Finance Statistics Manual 2014 (GFSM 2014) revenue classification, International Monetary Fund (IMF).		NA: Data nature not available	64.75472	76.10426	82.84746	75.87926	79.06433	74.61524	76.99814	83.28969	83.28969	2017
17	17.1	17.1.2	GC_GOB_TAXD	Proportion of domestic budget funded by domestic taxes (% of GDP)	2019.Q2.G.01	086	British Indian Ocean Territory	014	Eastern Africa	Country	IOT	0	72.38715553	-7.299281071																					
17	17.1	17.1.2	GC_GOB_TAXD	Proportion of domestic budget funded by domestic taxes (% of GDP)	2019.Q2.G.01	090	Solomon Islands	054	Melanesia	Country	SLB	1	160.1584117	-9.622391719	PERCENT	Percentage			G	Global		Budgetary Central Government	Source: Government Finance Statistics (GFS) Database classified according to the Government Finance Statistics Manual 2014 (GFSM 2014) revenue classification, International Monetary Fund (IMF).		NA: Data nature not available				63.67549	64.24455	62.08374	60.19685	61.32627	61.32627	2017
17	17.1	17.1.2	GC_GOB_TAXD	Proportion of domestic budget funded by domestic taxes (% of GDP)	2019.Q2.G.01	092	British Virgin Islands	029	Caribbean	Country	VGB	0	-64.63294223	18.42256578																					
17	17.1	17.1.2	GC_GOB_TAXD	Proportion of domestic budget funded by domestic taxes (% of GDP)	2019.Q2.G.01	096	Brunei Darussalam	035	South-Eastern Asia	Country	BRN	1	114.6288563	4.49736984																					
17	17.1	17.1.2	GC_GOB_TAXD	Proportion of domestic budget funded by domestic taxes (% of GDP)	2019.Q2.G.01	100	Bulgaria	151	Eastern Europe	Country	BGR	1	25.23763153	42.75731323																					
17	17.1	17.1.2	GC_GOB_TAXD	Proportion of domestic budget funded by domestic taxes (% of GDP)	2019.Q2.G.01	104	Myanmar	035	South-Eastern Asia	Country	MMR	1	96.51752295	21.19332882	PERCENT	Percentage			G	Global		Budgetary Central Government	Source: Government Finance Statistics (GFS) Database classified according to the Government Finance Statistics Manual 2014 (GFSM 2014) revenue classification, International Monetary Fund (IMF).		NA: Data nature not available				55.52063	52.73419	49.05247	54.19945	47.00673	47.00673	2017
17	17.1	17.1.2	GC_GOB_TAXD	Proportion of domestic budget funded by domestic taxes (% of GDP)	2019.Q2.G.01	108	Burundi	014	Eastern Africa	Country	BDI	1	29.89080992	-3.366387428																					
17	17.1	17.1.2	GC_GOB_TAXD	Proportion of domestic budget funded by domestic taxes (% of GDP)	2019.Q2.G.01	112	Belarus	151	Eastern Europe	Country	BLR	1	28.04940161	53.54193075																					
17	17.1	17.1.2	GC_GOB_TAXD	Proportion of domestic budget funded by domestic taxes (% of GDP)	2019.Q2.G.01	116	Cambodia	035	South-Eastern Asia	Country	KHM	1	104.922836	12.71163737	PERCENT	Percentage			G	Global		Budgetary Central Government	Source: Government Finance Statistics (GFS) Database classified according to the Government Finance Statistics Manual 2014 (GFSM 2014) revenue classification, International Monetary Fund (IMF).		NA: Data nature not available		65.07023	49.90685	58.5686	71.46477	75.235	73.30023	73.55134	73.55134	2017
17	17.1	17.1.2	GC_GOB_TAXD	Proportion of domestic budget funded by domestic taxes (% of GDP)	2019.Q2.G.01	120	Cameroon	017	Middle Africa	Country	CMR	1	12.7419827	5.692387031	PERCENT	Percentage			G	Global		Budgetary Central Government	Source: Government Finance Statistics (GFS) Database classified according to the Government Finance Statistics Manual 2014 (GFSM 2014) revenue classification, International Monetary Fund (IMF).		NA: Data nature not available				60.70529	63.31612	67.7228	58.38564	64.96425	64.96425	2017
17	17.1	17.1.2	GC_GOB_TAXD	Proportion of domestic budget funded by domestic taxes (% of GDP)	2019.Q2.G.01	124	Canada	021	Northern America	Country	CAN	1	-101.6575058	57.72360191																					
17	17.1	17.1.2	GC_GOB_TAXD	Proportion of domestic budget funded by domestic taxes (% of GDP)	2019.Q2.G.01	132	Cabo Verde	011	Western Africa	Country	CPV	1	-23.63544151	15.07791834	PERCENT	Percentage			G	Global		Budgetary Central Government	Source: Government Finance Statistics (GFS) Database classified according to the Government Finance Statistics Manual 2014 (GFSM 2014) revenue classification, International Monetary Fund (IMF).		NA: Data nature not available		58.84828	52.68981	60.69284	65.93543	70.26858	75.69456	75.06442	75.06442	2017
17	17.1	17.1.2	GC_GOB_TAXD	Proportion of domestic budget funded by domestic taxes (% of GDP)	2019.Q2.G.01	136	Cayman Islands	029	Caribbean	Country	CYM	0	-81.16740559	19.32266656																					
17	17.1	17.1.2	GC_GOB_TAXD	Proportion of domestic budget funded by domestic taxes (% of GDP)	2019.Q2.G.01	140	Central African Republic	017	Middle Africa	Country	CAF	1	20.93559492	7.003720791																					
17	17.1	17.1.2	GC_GOB_TAXD	Proportion of domestic budget funded by domestic taxes (% of GDP)	2019.Q2.G.01	144	Sri Lanka	034	Southern Asia	Country	LKA	1	80.70489654	7.614693343	PERCENT	Percentage			G	Global		Budgetary Central Government	Source: Government Finance Statistics (GFS) Database classified according to the Government Finance Statistics Manual 2014 (GFSM 2014) revenue classification, International Monetary Fund (IMF).		NA: Data nature not available	56.64172	57.73324	58.4973	60.61459	59.50562	59.20692	62.70058	65.08788	65.08788	2017
17	17.1	17.1.2	GC_GOB_TAXD	Proportion of domestic budget funded by domestic taxes (% of GDP)	2019.Q2.G.01	148	Chad	017	Middle Africa	Country	TCD	1	18.66618401	15.36279341																					
17	17.1	17.1.2	GC_GOB_TAXD	Proportion of domestic budget funded by domestic taxes (% of GDP)	2019.Q2.G.01	152	Chile	005	South America	Country	CHL	1	-71.23029019	-35.2652885																					
17	17.1	17.1.2	GC_GOB_TAXD	Proportion of domestic budget funded by domestic taxes (% of GDP)	2019.Q2.G.01	156	China	030	Eastern Asia	Country	CHN	1	104.1403375	32.30955217																					
17	17.1	17.1.2	GC_GOB_TAXD	Proportion of domestic budget funded by domestic taxes (% of GDP)	2019.Q2.G.01	162	Christmas Island	053	Australia and New Zealand	Country	CXR	0	105.6426067	-10.4882473																					
17	17.1	17.1.2	GC_GOB_TAXD	Proportion of domestic budget funded by domestic taxes (% of GDP)	2019.Q2.G.01	166	Cocos (Keeling) Islands	053	Australia and New Zealand	Country	CCK	0	96.82633757	-12.18600682																					
17	17.1	17.1.2	GC_GOB_TAXD	Proportion of domestic budget funded by domestic taxes (% of GDP)	2019.Q2.G.01	170	Colombia	005	South America	Country	COL	1	-73.07446751	3.888209046																					
17	17.1	17.1.2	GC_GOB_TAXD	Proportion of domestic budget funded by domestic taxes (% of GDP)	2019.Q2.G.01	174	Comoros	014	Eastern Africa	Country	COM	1	43.34234565	-11.66121732																					
17	17.1	17.1.2	GC_GOB_TAXD	Proportion of domestic budget funded by domestic taxes (% of GDP)	2019.Q2.G.01	175	Mayotte	014	Eastern Africa	Country	MYT	0	45.14015057	-12.82217691																					
17	17.1	17.1.2	GC_GOB_TAXD	Proportion of domestic budget funded by domestic taxes (% of GDP)	2019.Q2.G.01	178	Congo	011	Western Africa	Country	COG	1	15.22052612	-0.840544119	PERCENT	Percentage			G	Global		Budgetary Central Government	Source: Government Finance Statistics (GFS) Database classified according to the Government Finance Statistics Manual 2014 (GFSM 2014) revenue classification, International Monetary Fund (IMF).		NA: Data nature not available		20.37824	36.18202	30.15359	26.50803	41.82136	50.82763		50.82763	2016
17	17.1	17.1.2	GC_GOB_TAXD	Proportion of domestic budget funded by domestic taxes (% of GDP)	2019.Q2.G.01	180	Democratic Republic of the Congo	017	Middle Africa	Country	COD	1	23.65496507	-2.877154732	PERCENT	Percentage			G	Global		Budgetary Central Government	Source: Government Finance Statistics (GFS) Database classified according to the Government Finance Statistics Manual 2014 (GFSM 2014) revenue classification, International Monetary Fund (IMF).		NA: Data nature not available	34.51459	28.60779	45.55533						45.55533	2010
17	17.1	17.1.2	GC_GOB_TAXD	Proportion of domestic budget funded by domestic taxes (% of GDP)	2019.Q2.G.01	184	Cook Islands	061	Polynesia	Country	COK	0	-159.7711391	-21.22696458																					
17	17.1	17.1.2	GC_GOB_TAXD	Proportion of domestic budget funded by domestic taxes (% of GDP)	2019.Q2.G.01	188	Costa Rica	013	Central America	Country	CRI	1	-84.19712782	9.970998683																					
17	17.1	17.1.2	GC_GOB_TAXD	Proportion of domestic budget funded by domestic taxes (% of GDP)	2019.Q2.G.01	191	Croatia	039	Southern Europe	Country	HRV	1	17.95874553	45.45172212																					
17	17.1	17.1.2	GC_GOB_TAXD	Proportion of domestic budget funded by domestic taxes (% of GDP)	2019.Q2.G.01	192	Cuba	029	Caribbean	Country	CUB	1	-79.54460144	22.10030366																					
17	17.1	17.1.2	GC_GOB_TAXD	Proportion of domestic budget funded by domestic taxes (% of GDP)	2019.Q2.G.01	196	Cyprus	145	Western Asia	Country	CYP	1	33.22285964	35.05659437																					
17	17.1	17.1.2	GC_GOB_TAXD	Proportion of domestic budget funded by domestic taxes (% of GDP)	2019.Q2.G.01	203	Czechia	151	Eastern Europe	Country	CZE	1	15.33151382	49.73913871																					
17	17.1	17.1.2	GC_GOB_TAXD	Proportion of domestic budget funded by domestic taxes (% of GDP)	2019.Q2.G.01	204	Benin	011	Western Africa	Country	BEN	1	2.339933594	9.65401646	PERCENT	Percentage			G	Global		Budgetary Central Government	Source: Government Finance Statistics (GFS) Database classified according to the Government Finance Statistics Manual 2014 (GFSM 2014) revenue classification, International Monetary Fund (IMF).		NA: Data nature not available		80.10126	92.25084	102.38305					102.38305	2013
17	17.1	17.1.2	GC_GOB_TAXD	Proportion of domestic budget funded by domestic taxes (% of GDP)	2019.Q2.G.01	208	Denmark	154	Northern Europe	Country	DNK	1	9.326571283	56.03829721																					
17	17.1	17.1.2	GC_GOB_TAXD	Proportion of domestic budget funded by domestic taxes (% of GDP)	2019.Q2.G.01	212	Dominica	029	Caribbean	Country	DMA	1	-61.3493756	15.43391378	PERCENT	Percentage			G	Global		Budgetary Central Government	Source: Government Finance Statistics (GFS) Database classified according to the Government Finance Statistics Manual 2014 (GFSM 2014) revenue classification, International Monetary Fund (IMF).		NA: Data nature not available	63.53803	82.45866	69.14243	59.18025	65.95883	71.84825	63.03494	46.15716	46.15716	2017
17	17.1	17.1.2	GC_GOB_TAXD	Proportion of domestic budget funded by domestic taxes (% of GDP)	2019.Q2.G.01	214	Dominican Republic	029	Caribbean	Country	DOM	1	-70.49847576	18.89832088	PERCENT	Percentage			G	Global		Budgetary Central Government	Source: Government Finance Statistics (GFS) Database classified according to the Government Finance Statistics Manual 2014 (GFSM 2014) revenue classification, International Monetary Fund (IMF).		NA: Data nature not available	104.63318	86.75659	77.5468	78.54949	78.62107	76.69052	77.33901	75.76355	75.76355	2017
17	17.1	17.1.2	GC_GOB_TAXD	Proportion of domestic budget funded by domestic taxes (% of GDP)	2019.Q2.G.01	218	Ecuador	005	South America	Country	ECU	1	-78.37005241	-1.447785891																					
17	17.1	17.1.2	GC_GOB_TAXD	Proportion of domestic budget funded by domestic taxes (% of GDP)	2019.Q2.G.01	222	El Salvador	013	Central America	Country	SLV	1	-88.86862995	13.73603564																					
17	17.1	17.1.2	GC_GOB_TAXD	Proportion of domestic budget funded by domestic taxes (% of GDP)	2019.Q2.G.01	226	Equatorial Guinea	017	Middle Africa	Country	GNQ	1	10.46535826	1.565792376	PERCENT	Percentage			G	Global		Budgetary Central Government	Source: Government Finance Statistics (GFS) Database classified according to the Government Finance Statistics Manual 2014 (GFSM 2014) revenue classification, International Monetary Fund (IMF).		NA: Data nature not available			24.33106	27.73203	28.76524	38.55686	30.62863	30.66378	30.66378	2017
17	17.1	17.1.2	GC_GOB_TAXD	Proportion of domestic budget funded by domestic taxes (% of GDP)	2019.Q2.G.01	231	Ethiopia	014	Eastern Africa	Country	ETH	1	39.63505296	8.631223181	PERCENT	Percentage			G	Global		Budgetary Central Government	Source: Government Finance Statistics (GFS) Database classified according to the Government Finance Statistics Manual 2014 (GFSM 2014) revenue classification, International Monetary Fund (IMF).		NA: Data nature not available		42.78844	44.40998	61.11425	60.40495	58.46793	54.46726	51.04451	51.04451	2017
17	17.1	17.1.2	GC_GOB_TAXD	Proportion of domestic budget funded by domestic taxes (% of GDP)	2019.Q2.G.01	232	Eritrea	014	Eastern Africa	Country	ERI	1	38.11074289	16.12894644																					
17	17.1	17.1.2	GC_GOB_TAXD	Proportion of domestic budget funded by domestic taxes (% of GDP)	2019.Q2.G.01	233	Estonia	154	Northern Europe	Country	EST	1	25.84093481	58.68487172																					
17	17.1	17.1.2	GC_GOB_TAXD	Proportion of domestic budget funded by domestic taxes (% of GDP)	2019.Q2.G.01	234	Faroe Islands	154	Northern Europe	Country	FRO	0	-7.122044325	62.21228119																					
17	17.1	17.1.2	GC_GOB_TAXD	Proportion of domestic budget funded by domestic taxes (% of GDP)	2019.Q2.G.01	238	Falkland Islands (Malvinas)	005	South America	Country	FLK	0	-58.75246778	-51.74562601																					
17	17.1	17.1.2	GC_GOB_TAXD	Proportion of domestic budget funded by domestic taxes (% of GDP)	2019.Q2.G.01	239	South Georgia and the South Sandwich Islands	005	South America	Country	SGS	0	-36.90662765	-54.20736749																					
17	17.1	17.1.2	GC_GOB_TAXD	Proportion of domestic budget funded by domestic taxes (% of GDP)	2019.Q2.G.01	242	Fiji	054	Melanesia	Country	FJI	1	177.9660884	-17.83301566	PERCENT	Percentage			G	Global		Budgetary Central Government	Source: Government Finance Statistics (GFS) Database classified according to the Government Finance Statistics Manual 2014 (GFSM 2014) revenue classification, International Monetary Fund (IMF).		NA: Data nature not available		78.06158	80.79882	87.7676	80.03319	80.76828	87.21133	86.66573	86.66573	2017
17	17.1	17.1.2	GC_GOB_TAXD	Proportion of domestic budget funded by domestic taxes (% of GDP)	2019.Q2.G.01	246	Finland	154	Northern Europe	Country	FIN	1	23.308447	61.91586738																					
17	17.1	17.1.2	GC_GOB_TAXD	Proportion of domestic budget funded by domestic taxes (% of GDP)	2019.Q2.G.01	248	Åland Islands	154	Northern Europe	Country	ALA	0	19.80945969	60.1544901																					
17	17.1	17.1.2	GC_GOB_TAXD	Proportion of domestic budget funded by domestic taxes (% of GDP)	2019.Q2.G.01	250	France	155	Western Europe	Country	FRA	1	2.457288129	46.62660861																					
17	17.1	17.1.2	GC_GOB_TAXD	Proportion of domestic budget funded by domestic taxes (% of GDP)	2019.Q2.G.01	254	French Guiana	005	South America	Country	GUF	0	-53.23619089	3.922673437																					
17	17.1	17.1.2	GC_GOB_TAXD	Proportion of domestic budget funded by domestic taxes (% of GDP)	2019.Q2.G.01	258	French Polynesia	061	Polynesia	Country	PYF	0	-149.4052367	-17.67709294																					
17	17.1	17.1.2	GC_GOB_TAXD	Proportion of domestic budget funded by domestic taxes (% of GDP)	2019.Q2.G.01	260	French Southern Territories	014	Eastern Africa	Country	ATF	0	69.64849091	-49.6068576																					
17	17.1	17.1.2	GC_GOB_TAXD	Proportion of domestic budget funded by domestic taxes (% of GDP)	2019.Q2.G.01	262	Djibouti	014	Eastern Africa	Country	DJI	1	42.18274707	11.56004161																					
17	17.1	17.1.2	GC_GOB_TAXD	Proportion of domestic budget funded by domestic taxes (% of GDP)	2019.Q2.G.01	266	Gabon	017	Middle Africa	Country	GAB	1	11.78727747	-0.60687619	PERCENT	Percentage			G	Global		Budgetary Central Government	Source: Government Finance Statistics (GFS) Database classified according to the Government Finance Statistics Manual 2014 (GFSM 2014) revenue classification, International Monetary Fund (IMF).		NA: Data nature not available				57.08151	67.81347	57.35413	51.67137		51.67137	2016
17	17.1	17.1.2	GC_GOB_TAXD	Proportion of domestic budget funded by domestic taxes (% of GDP)	2019.Q2.G.01	268	Georgia	145	Western Asia	Country	GEO	1	43.3713615	42.04813028																					
17	17.1	17.1.2	GC_GOB_TAXD	Proportion of domestic budget funded by domestic taxes (% of GDP)	2019.Q2.G.01	270	Gambia	011	Western Africa	Country	GMB	1	-15.39944785	13.45295927																					
17	17.1	17.1.2	GC_GOB_TAXD	Proportion of domestic budget funded by domestic taxes (% of GDP)	2019.Q2.G.01	275	State of Palestine	145	Western Asia	Country	PSE	0	35.25694122	31.94347933	PERCENT	Percentage			G	Global		Budgetary Central Government	Source: Government Finance Statistics (GFS) Database classified according to the Government Finance Statistics Manual 2014 (GFSM 2014) revenue classification, International Monetary Fund (IMF).		NA: Data nature not available		55.6393	58.56207	61.50577	67.1852	70.51417	76.52336	74.16798	74.16798	2017
17	17.1	17.1.2	GC_GOB_TAXD	Proportion of domestic budget funded by domestic taxes (% of GDP)	2019.Q2.G.01	276	Germany	155	Western Europe	Country	DEU	1	10.3806066	51.08862743																					
17	17.1	17.1.2	GC_GOB_TAXD	Proportion of domestic budget funded by domestic taxes (% of GDP)	2019.Q2.G.01	288	Ghana	011	Western Africa	Country	GHA	1	-1.205623522	7.964825185	PERCENT	Percentage			G	Global		Budgetary Central Government	Source: Government Finance Statistics (GFS) Database classified according to the Government Finance Statistics Manual 2014 (GFSM 2014) revenue classification, International Monetary Fund (IMF).		NA: Data nature not available		67.54101	50.6356		48.33794	48.87205			48.87205	2015
17	17.1	17.1.2	GC_GOB_TAXD	Proportion of domestic budget funded by domestic taxes (% of GDP)	2019.Q2.G.01	292	Gibraltar	039	Southern Europe	Country	GIB	0	-5.347561686	36.13895036																					
17	17.1	17.1.2	GC_GOB_TAXD	Proportion of domestic budget funded by domestic taxes (% of GDP)	2019.Q2.G.01	296	Kiribati	057	Micronesia	Country	KIR	1	-157.5643005	1.768837732																					
17	17.1	17.1.2	GC_GOB_TAXD	Proportion of domestic budget funded by domestic taxes (% of GDP)	2019.Q2.G.01	300	Greece	039	Southern Europe	Country	GRC	1	22.58307827	39.47301873																					
17	17.1	17.1.2	GC_GOB_TAXD	Proportion of domestic budget funded by domestic taxes (% of GDP)	2019.Q2.G.01	304	Greenland	021	Northern America	Country	GRL	0	-41.39371316	74.75625681																					
17	17.1	17.1.2	GC_GOB_TAXD	Proportion of domestic budget funded by domestic taxes (% of GDP)	2019.Q2.G.01	308	Grenada	029	Caribbean	Country	GRD	1	-61.68248568	12.11238395	PERCENT	Percentage			G	Global		Budgetary Central Government	Source: Government Finance Statistics (GFS) Database classified according to the Government Finance Statistics Manual 2014 (GFSM 2014) revenue classification, International Monetary Fund (IMF).		NA: Data nature not available	72.65627	74.04415	75.51314	67.9728	66.5982	76.77612	90.01167	98.34708	98.34708	2017
17	17.1	17.1.2	GC_GOB_TAXD	Proportion of domestic budget funded by domestic taxes (% of GDP)	2019.Q2.G.01	312	Guadeloupe	029	Caribbean	Country	GLP	0	-61.64762115	16.14416917																					
17	17.1	17.1.2	GC_GOB_TAXD	Proportion of domestic budget funded by domestic taxes (% of GDP)	2019.Q2.G.01	316	Guam	057	Micronesia	Country	GUM	0	144.7029305	13.35485404																					
17	17.1	17.1.2	GC_GOB_TAXD	Proportion of domestic budget funded by domestic taxes (% of GDP)	2019.Q2.G.01	320	Guatemala	013	Central America	Country	GTM	1	-91.2312746	15.00273719	PERCENT	Percentage			G	Global		Budgetary Central Government	Source: Government Finance Statistics (GFS) Database classified according to the Government Finance Statistics Manual 2014 (GFSM 2014) revenue classification, International Monetary Fund (IMF).		NA: Data nature not available	82.71777	82.14947	71.99433	91.05564	80.91418	83.24797	85.99632		85.99632	2016
17	17.1	17.1.2	GC_GOB_TAXD	Proportion of domestic budget funded by domestic taxes (% of GDP)	2019.Q2.G.01	324	Guinea	011	Western Africa	Country	GIN	1	-11.28173419	11.00210343																					
17	17.1	17.1.2	GC_GOB_TAXD	Proportion of domestic budget funded by domestic taxes (% of GDP)	2019.Q2.G.01	328	Guyana	005	South America	Country	GUY	1	-58.97322037	4.788012784																					
17	17.1	17.1.2	GC_GOB_TAXD	Proportion of domestic budget funded by domestic taxes (% of GDP)	2019.Q2.G.01	332	Haiti	029	Caribbean	Country	HTI	1	-72.33640958	18.40426539																					
17	17.1	17.1.2	GC_GOB_TAXD	Proportion of domestic budget funded by domestic taxes (% of GDP)	2019.Q2.G.01	334	Heard Island and McDonald Islands	053	Australia and New Zealand	Country	HMD	0	73.52633626	-53.09106147																					
17	17.1	17.1.2	GC_GOB_TAXD	Proportion of domestic budget funded by domestic taxes (% of GDP)	2019.Q2.G.01	336	Holy See	039	Southern Europe	Country	VAT	0	12.45315803	41.90343751																					
17	17.1	17.1.2	GC_GOB_TAXD	Proportion of domestic budget funded by domestic taxes (% of GDP)	2019.Q2.G.01	340	Honduras	013	Central America	Country	HND	1	-86.59974381	14.82243161																					
17	17.1	17.1.2	GC_GOB_TAXD	Proportion of domestic budget funded by domestic taxes (% of GDP)	2019.Q2.G.01	344	China, Hong Kong Special Administrative Region	030	Eastern Asia	Country	HKG	0	114.0266445	22.41749934																					
17	17.1	17.1.2	GC_GOB_TAXD	Proportion of domestic budget funded by domestic taxes (% of GDP)	2019.Q2.G.01	348	Hungary	151	Eastern Europe	Country	HUN	1	19.41221519	47.1651448																					
17	17.1	17.1.2	GC_GOB_TAXD	Proportion of domestic budget funded by domestic taxes (% of GDP)	2019.Q2.G.01	352	Iceland	154	Northern Europe	Country	ISL	1	-19.02116966	64.79134763																					
17	17.1	17.1.2	GC_GOB_TAXD	Proportion of domestic budget funded by domestic taxes (% of GDP)	2019.Q2.G.01	356	India	034	Southern Asia	Country	IND	1	79.3608464	22.34642074	PERCENT	Percentage			G	Global		Budgetary Central Government	Source: Government Finance Statistics (GFS) Database classified according to the Government Finance Statistics Manual 2014 (GFSM 2014) revenue classification, International Monetary Fund (IMF).		NA: Data nature not available	56.65044	64.41575	62.2069	65.9266	67.41427	69.51617	71.29625	75.73019	75.73019	2017
17	17.1	17.1.2	GC_GOB_TAXD	Proportion of domestic budget funded by domestic taxes (% of GDP)	2019.Q2.G.01	360	Indonesia	035	South-Eastern Asia	Country	IDN	1	113.9174	-0.994582204																					
17	17.1	17.1.2	GC_GOB_TAXD	Proportion of domestic budget funded by domestic taxes (% of GDP)	2019.Q2.G.01	364	Iran (Islamic Republic of)	034	Southern Asia	Country	IRN	1	54.19766348	32.74370885	PERCENT	Percentage			G	Global		Budgetary Central Government	Source: Government Finance Statistics (GFS) Database classified according to the Government Finance Statistics Manual 2014 (GFSM 2014) revenue classification, International Monetary Fund (IMF).		NA: Data nature not available	34.97456	30.06767							30.06767	2005
17	17.1	17.1.2	GC_GOB_TAXD	Proportion of domestic budget funded by domestic taxes (% of GDP)	2019.Q2.G.01	368	Iraq	145	Western Asia	Country	IRQ	1	43.76606267	33.05013795	PERCENT	Percentage			G	Global		Budgetary Central Government	Source: Government Finance Statistics (GFS) Database classified according to the Government Finance Statistics Manual 2014 (GFSM 2014) revenue classification, International Monetary Fund (IMF).		NA: Data nature not available					2.18146	3.60897	5.99501		5.99501	2016
17	17.1	17.1.2	GC_GOB_TAXD	Proportion of domestic budget funded by domestic taxes (% of GDP)	2019.Q2.G.01	372	Ireland	154	Northern Europe	Country	IRL	1	-7.121425272	53.25274054																					
17	17.1	17.1.2	GC_GOB_TAXD	Proportion of domestic budget funded by domestic taxes (% of GDP)	2019.Q2.G.01	376	Israel	145	Western Asia	Country	ISR	1	34.62277992	31.06164552																					
17	17.1	17.1.2	GC_GOB_TAXD	Proportion of domestic budget funded by domestic taxes (% of GDP)	2019.Q2.G.01	380	Italy	039	Southern Europe	Country	ITA	1	12.57022427	42.79917282																					
17	17.1	17.1.2	GC_GOB_TAXD	Proportion of domestic budget funded by domestic taxes (% of GDP)	2019.Q2.G.01	384	Côte d'Ivoire	011	Western Africa	Country	CIV	1	-5.552690016	7.62211586	PERCENT	Percentage			G	Global		Budgetary Central Government	Source: Government Finance Statistics (GFS) Database classified according to the Government Finance Statistics Manual 2014 (GFSM 2014) revenue classification, International Monetary Fund (IMF).		NA: Data nature not available		79.7654	81.01652	74.26818	76.09434	71.48909	71.6451	72.07949	72.07949	2017
17	17.1	17.1.2	GC_GOB_TAXD	Proportion of domestic budget funded by domestic taxes (% of GDP)	2019.Q2.G.01	388	Jamaica	029	Caribbean	Country	JAM	1	-77.31068409	18.15616857	PERCENT	Percentage			G	Global		Budgetary Central Government	Source: Government Finance Statistics (GFS) Database classified according to the Government Finance Statistics Manual 2014 (GFSM 2014) revenue classification, International Monetary Fund (IMF).		NA: Data nature not available	83.46376	78.26529	71.99003	86.99387	88.51769	89.39366	91.05352	90.00897	90.00897	2017
17	17.1	17.1.2	GC_GOB_TAXD	Proportion of domestic budget funded by domestic taxes (% of GDP)	2019.Q2.G.01	392	Japan	030	Eastern Asia	Country	JPN	1	139.2716103	36.6554539																					
17	17.1	17.1.2	GC_GOB_TAXD	Proportion of domestic budget funded by domestic taxes (% of GDP)	2019.Q2.G.01	398	Kazakhstan	143	Central Asia	Country	KAZ	1	66.65359159	48.01963494																					
17	17.1	17.1.2	GC_GOB_TAXD	Proportion of domestic budget funded by domestic taxes (% of GDP)	2019.Q2.G.01	400	Jordan	145	Western Asia	Country	JOR	1	37.13024774	30.65365973	PERCENT	Percentage			G	Global		Budgetary Central Government	Source: Government Finance Statistics (GFS) Database classified according to the Government Finance Statistics Manual 2014 (GFSM 2014) revenue classification, International Monetary Fund (IMF).		NA: Data nature not available	61.09294	61.88764	53.25403	51.60944	51.42209	53.03768	53.52658	53.14465	53.14465	2017
17	17.1	17.1.2	GC_GOB_TAXD	Proportion of domestic budget funded by domestic taxes (% of GDP)	2019.Q2.G.01	404	Kenya	014	Eastern Africa	Country	KEN	1	37.86096816	0.534797278	PERCENT	Percentage			G	Global		Budgetary Central Government	Source: Government Finance Statistics (GFS) Database classified according to the Government Finance Statistics Manual 2014 (GFSM 2014) revenue classification, International Monetary Fund (IMF).		NA: Data nature not available	94.84902	94.35477	72.39358	69.37172	69.50552	60.11314	63.91033	62.34414	62.34414	2017
17	17.1	17.1.2	GC_GOB_TAXD	Proportion of domestic budget funded by domestic taxes (% of GDP)	2019.Q2.G.01	408	Democratic People's Republic of Korea	030	Eastern Asia	Country	PRK	1	127.1803633	40.1462645																					
17	17.1	17.1.2	GC_GOB_TAXD	Proportion of domestic budget funded by domestic taxes (% of GDP)	2019.Q2.G.01	410	Republic of Korea	030	Eastern Asia	Country	KOR	1	127.8610254	36.45201023																					
17	17.1	17.1.2	GC_GOB_TAXD	Proportion of domestic budget funded by domestic taxes (% of GDP)	2019.Q2.G.01	414	Kuwait	145	Western Asia	Country	KWT	1	47.49305029	29.53949468	PERCENT	Percentage			G	Global		Budgetary Central Government	Source: Government Finance Statistics (GFS) Database classified according to the Government Finance Statistics Manual 2014 (GFSM 2014) revenue classification, International Monetary Fund (IMF).		NA: Data nature not available		3.62687	2.15856	2.31535	2.12843	2.61352			2.61352	2015
17	17.1	17.1.2	GC_GOB_TAXD	Proportion of domestic budget funded by domestic taxes (% of GDP)	2019.Q2.G.01	417	Kyrgyzstan	143	Central Asia	Country	KGZ	1	74.52324839	41.46204516																					
17	17.1	17.1.2	GC_GOB_TAXD	Proportion of domestic budget funded by domestic taxes (% of GDP)	2019.Q2.G.01	418	Lao People's Democratic Republic	035	South-Eastern Asia	Country	LAO	1	101.9901968	20.27482773	PERCENT	Percentage			G	Global		Budgetary Central Government	Source: Government Finance Statistics (GFS) Database classified according to the Government Finance Statistics Manual 2014 (GFSM 2014) revenue classification, International Monetary Fund (IMF).		NA: Data nature not available			60.72834	53.37528	57.14594	56.07012	61.46	57.46344	57.46344	2017
17	17.1	17.1.2	GC_GOB_TAXD	Proportion of domestic budget funded by domestic taxes (% of GDP)	2019.Q2.G.01	422	Lebanon	145	Western Asia	Country	LBN	1	35.89391711	33.92152458	PERCENT	Percentage			G	Global		Budgetary Central Government	Source: Government Finance Statistics (GFS) Database classified according to the Government Finance Statistics Manual 2014 (GFSM 2014) revenue classification, International Monetary Fund (IMF).		NA: Data nature not available	34.56177	52.1019	60.94817	49.23816	50.06529	54.60932	49.01617	54.71179	54.71179	2017
17	17.1	17.1.2	GC_GOB_TAXD	Proportion of domestic budget funded by domestic taxes (% of GDP)	2019.Q2.G.01	426	Lesotho	018	Southern Africa	Country	LSO	1	28.25362195	-29.58041814	PERCENT	Percentage			G	Global		Budgetary Central Government	Source: Government Finance Statistics (GFS) Database classified according to the Government Finance Statistics Manual 2014 (GFSM 2014) revenue classification, International Monetary Fund (IMF).		NA: Data nature not available	56.25101	73.40793	51.55777	58.70164	70.11533	64.72255	54.28081	64.39902	64.39902	2017
17	17.1	17.1.2	GC_GOB_TAXD	Proportion of domestic budget funded by domestic taxes (% of GDP)	2019.Q2.G.01	428	Latvia	154	Northern Europe	Country	LVA	1	26.42461876	56.64196636																					
17	17.1	17.1.2	GC_GOB_TAXD	Proportion of domestic budget funded by domestic taxes (% of GDP)	2019.Q2.G.01	430	Liberia	011	Western Africa	Country	LBR	1	-9.311879038	6.448381009	PERCENT	Percentage			G	Global		Budgetary Central Government	Source: Government Finance Statistics (GFS) Database classified according to the Government Finance Statistics Manual 2014 (GFSM 2014) revenue classification, International Monetary Fund (IMF).		NA: Data nature not available		96.16791	75.29901	74.63475					74.63475	2013
17	17.1	17.1.2	GC_GOB_TAXD	Proportion of domestic budget funded by domestic taxes (% of GDP)	2019.Q2.G.01	434	Libya	015	Northern Africa	Country	LBY	1	18.0295985	27.04042819																					
17	17.1	17.1.2	GC_GOB_TAXD	Proportion of domestic budget funded by domestic taxes (% of GDP)	2019.Q2.G.01	438	Liechtenstein	155	Western Europe	Country	LIE	1	9.552985019	47.14167005																					
17	17.1	17.1.2	GC_GOB_TAXD	Proportion of domestic budget funded by domestic taxes (% of GDP)	2019.Q2.G.01	440	Lithuania	154	Northern Europe	Country	LTU	1	23.90517807	55.33680309																					
17	17.1	17.1.2	GC_GOB_TAXD	Proportion of domestic budget funded by domestic taxes (% of GDP)	2019.Q2.G.01	442	Luxembourg	155	Western Europe	Country	LUX	1	6.092656563	49.77679538																					
17	17.1	17.1.2	GC_GOB_TAXD	Proportion of domestic budget funded by domestic taxes (% of GDP)	2019.Q2.G.01	446	China, Macao Special Administrative Region	030	Eastern Asia	Country	MAC	0	113.5665388	22.1237259																					
17	17.1	17.1.2	GC_GOB_TAXD	Proportion of domestic budget funded by domestic taxes (% of GDP)	2019.Q2.G.01	450	Madagascar	014	Eastern Africa	Country	MDG	1	46.6982339	-19.38514785	PERCENT	Percentage			G	Global		Budgetary Central Government	Source: Government Finance Statistics (GFS) Database classified according to the Government Finance Statistics Manual 2014 (GFSM 2014) revenue classification, International Monetary Fund (IMF).		NA: Data nature not available		47.34472	70.37167	78.58627	70.66828	69.1998	69.71436	69.97975	69.97975	2017
17	17.1	17.1.2	GC_GOB_TAXD	Proportion of domestic budget funded by domestic taxes (% of GDP)	2019.Q2.G.01	454	Malawi	014	Eastern Africa	Country	MWI	1	33.4884625	-13.40819859	PERCENT	Percentage			G	Global		Budgetary Central Government	Source: Government Finance Statistics (GFS) Database classified according to the Government Finance Statistics Manual 2014 (GFSM 2014) revenue classification, International Monetary Fund (IMF).		NA: Data nature not available			62.90575	58.02632	64.04292	64.60811	67.51957	69.87569	69.87569	2017
17	17.1	17.1.2	GC_GOB_TAXD	Proportion of domestic budget funded by domestic taxes (% of GDP)	2019.Q2.G.01	458	Malaysia	035	South-Eastern Asia	Country	MYS	1	116.8346314	5.452415309	PERCENT	Percentage			G	Global		Budgetary Central Government	Source: Government Finance Statistics (GFS) Database classified according to the Government Finance Statistics Manual 2014 (GFSM 2014) revenue classification, International Monetary Fund (IMF).		NA: Data nature not available	63.26699	63.58623	54.55867	61.94871	63.83994	64.72799	67.67628	68.33777	68.33777	2017
17	17.1	17.1.2	GC_GOB_TAXD	Proportion of domestic budget funded by domestic taxes (% of GDP)	2019.Q2.G.01	462	Maldives	034	Southern Asia	Country	MDV	1	73.09672546	-0.614385021	PERCENT	Percentage			G	Global		Budgetary Central Government	Source: Government Finance Statistics (GFS) Database classified according to the Government Finance Statistics Manual 2014 (GFSM 2014) revenue classification, International Monetary Fund (IMF).		NA: Data nature not available	37.05816	30.01185	26.77537						26.77537	2010
17	17.1	17.1.2	GC_GOB_TAXD	Proportion of domestic budget funded by domestic taxes (% of GDP)	2019.Q2.G.01	466	Mali	011	Western Africa	Country	MLI	1	-3.522016039	17.35311254	PERCENT	Percentage			G	Global		Budgetary Central Government	Source: Government Finance Statistics (GFS) Database classified according to the Government Finance Statistics Manual 2014 (GFSM 2014) revenue classification, International Monetary Fund (IMF).		NA: Data nature not available	59.70544	63.70407	64.68972	67.8819	80.26777	73.98968	71.65976	76.04508	76.04508	2017
17	17.1	17.1.2	GC_GOB_TAXD	Proportion of domestic budget funded by domestic taxes (% of GDP)	2019.Q2.G.01	470	Malta	039	Southern Europe	Country	MLT	1	14.44617519	35.89194275																					
17	17.1	17.1.2	GC_GOB_TAXD	Proportion of domestic budget funded by domestic taxes (% of GDP)	2019.Q2.G.01	474	Martinique	029	Caribbean	Country	MTQ	0	-60.91544135	14.56086108																					
17	17.1	17.1.2	GC_GOB_TAXD	Proportion of domestic budget funded by domestic taxes (% of GDP)	2019.Q2.G.01	478	Mauritania	011	Western Africa	Country	MRT	1	-10.33187259	20.26089546																					
17	17.1	17.1.2	GC_GOB_TAXD	Proportion of domestic budget funded by domestic taxes (% of GDP)	2019.Q2.G.01	480	Mauritius	014	Eastern Africa	Country	MUS	1	57.568022	-20.28581998	PERCENT	Percentage			G	Global		Budgetary Central Government	Source: Government Finance Statistics (GFS) Database classified according to the Government Finance Statistics Manual 2014 (GFSM 2014) revenue classification, International Monetary Fund (IMF).		NA: Data nature not available	105.06116	74.35386	76.53891	77.95778	81.34415	82.3281	79.24941	80.45186	80.45186	2017
17	17.1	17.1.2	GC_GOB_TAXD	Proportion of domestic budget funded by domestic taxes (% of GDP)	2019.Q2.G.01	484	Mexico	013	Central America	Country	MEX	1	-102.5148166	23.93378032																					
17	17.1	17.1.2	GC_GOB_TAXD	Proportion of domestic budget funded by domestic taxes (% of GDP)	2019.Q2.G.01	492	Monaco	155	Western Europe	Country	MCO	1	7.424214814	43.73532918																					
17	17.1	17.1.2	GC_GOB_TAXD	Proportion of domestic budget funded by domestic taxes (% of GDP)	2019.Q2.G.01	496	Mongolia	030	Eastern Asia	Country	MNG	1	103.0728057	46.83892054																					
17	17.1	17.1.2	GC_GOB_TAXD	Proportion of domestic budget funded by domestic taxes (% of GDP)	2019.Q2.G.01	498	Republic of Moldova	151	Eastern Europe	Country	MDA	1	28.4650624	47.20236795																					
17	17.1	17.1.2	GC_GOB_TAXD	Proportion of domestic budget funded by domestic taxes (% of GDP)	2019.Q2.G.01	499	Montenegro	039	Southern Europe	Country	MNE	1	19.25214024	42.78717043																					
17	17.1	17.1.2	GC_GOB_TAXD	Proportion of domestic budget funded by domestic taxes (% of GDP)	2019.Q2.G.01	500	Montserrat	029	Caribbean	Country	MSR	0	-62.19261223	16.73558313	PERCENT	Percentage			G	Global		Budgetary Central Government	Source: Government Finance Statistics (GFS) Database classified according to the Government Finance Statistics Manual 2014 (GFSM 2014) revenue classification, International Monetary Fund (IMF).		NA: Data nature not available	37.39385	31.22771	28.47771	19.69818	25.27819				25.27819	2014
17	17.1	17.1.2	GC_GOB_TAXD	Proportion of domestic budget funded by domestic taxes (% of GDP)	2019.Q2.G.01	504	Morocco	015	Northern Africa	Country	MAR	1	-6.281942841	31.8440131	PERCENT	Percentage			G	Global		Budgetary Central Government	Source: Government Finance Statistics (GFS) Database classified according to the Government Finance Statistics Manual 2014 (GFSM 2014) revenue classification, International Monetary Fund (IMF).		NA: Data nature not available		67.67499	73.98587	67.86266	67.00309	83.5363	70.93282	73.21887	73.21887	2017
17	17.1	17.1.2	GC_GOB_TAXD	Proportion of domestic budget funded by domestic taxes (% of GDP)	2019.Q2.G.01	508	Mozambique	014	Eastern Africa	Country	MOZ	1	38.18479941	-14.27963886	PERCENT	Percentage			G	Global		Budgetary Central Government	Source: Government Finance Statistics (GFS) Database classified according to the Government Finance Statistics Manual 2014 (GFSM 2014) revenue classification, International Monetary Fund (IMF).		NA: Data nature not available			54.95818				79.87511	92.08664	92.08664	2017
17	17.1	17.1.2	GC_GOB_TAXD	Proportion of domestic budget funded by domestic taxes (% of GDP)	2019.Q2.G.01	512	Oman	145	Western Asia	Country	OMN	1	57.87743482	21.98805614	PERCENT	Percentage			G	Global		Budgetary Central Government	Source: Government Finance Statistics (GFS) Database classified according to the Government Finance Statistics Manual 2014 (GFSM 2014) revenue classification, International Monetary Fund (IMF).		NA: Data nature not available	4.70815	5.71299	7.52399	5.64165					5.64165	2013
17	17.1	17.1.2	GC_GOB_TAXD	Proportion of domestic budget funded by domestic taxes (% of GDP)	2019.Q2.G.01	516	Namibia	018	Southern Africa	Country	NAM	1	17.21907885	-22.13817068	PERCENT	Percentage			G	Global		Budgetary Central Government	Source: Government Finance Statistics (GFS) Database classified according to the Government Finance Statistics Manual 2014 (GFSM 2014) revenue classification, International Monetary Fund (IMF).		NA: Data nature not available	87.06876	91.61112	78.53449	82.86365	79.47368	75.59961	76.33562	80.77419	80.77419	2017
17	17.1	17.1.2	GC_GOB_TAXD	Proportion of domestic budget funded by domestic taxes (% of GDP)	2019.Q2.G.01	520	Nauru	057	Micronesia	Country	NRU	1	166.92313	-0.528742623	PERCENT	Percentage			G	Global		Budgetary Central Government	Source: Government Finance Statistics (GFS) Database classified according to the Government Finance Statistics Manual 2014 (GFSM 2014) revenue classification, International Monetary Fund (IMF).		NA: Data nature not available					21.84117	16.85263	27.36915	24.14344	24.14344	2017
17	17.1	17.1.2	GC_GOB_TAXD	Proportion of domestic budget funded by domestic taxes (% of GDP)	2019.Q2.G.01	524	Nepal	034	Southern Asia	Country	NPL	1	83.94678863	28.25866332	PERCENT	Percentage			G	Global		Budgetary Central Government	Source: Government Finance Statistics (GFS) Database classified according to the Government Finance Statistics Manual 2014 (GFSM 2014) revenue classification, International Monetary Fund (IMF).		NA: Data nature not available	54.5317	60.94152	68.68619	85.93593	84.50524	83.26422	85.34704	76.25712	76.25712	2017
17	17.1	17.1.2	GC_GOB_TAXD	Proportion of domestic budget funded by domestic taxes (% of GDP)	2019.Q2.G.01	528	Netherlands	155	Western Europe	Country	NLD	1	5.331480568	51.86728884																					
17	17.1	17.1.2	GC_GOB_TAXD	Proportion of domestic budget funded by domestic taxes (% of GDP)	2019.Q2.G.01	530	Netherlands Antilles	029	Caribbean	Country	ANT	0	-68.30676179	12.22720635																					
17	17.1	17.1.2	GC_GOB_TAXD	Proportion of domestic budget funded by domestic taxes (% of GDP)	2019.Q2.G.01	531	Curaçao	029	Caribbean	Country	CUW	0	-68.95033464	12.15058042																					
17	17.1	17.1.2	GC_GOB_TAXD	Proportion of domestic budget funded by domestic taxes (% of GDP)	2019.Q2.G.01	533	Aruba	029	Caribbean	Country	ABW	0	-69.97050586	12.50878756																					
17	17.1	17.1.2	GC_GOB_TAXD	Proportion of domestic budget funded by domestic taxes (% of GDP)	2019.Q2.G.01	534	Sint Maarten (Dutch part)	029	Caribbean	Country	SXM	0	-63.06198692	18.03926508																					
17	17.1	17.1.2	GC_GOB_TAXD	Proportion of domestic budget funded by domestic taxes (% of GDP)	2019.Q2.G.01	540	New Caledonia	054	Melanesia	Country	NCL	0	165.5067368	-21.41742531																					
17	17.1	17.1.2	GC_GOB_TAXD	Proportion of domestic budget funded by domestic taxes (% of GDP)	2019.Q2.G.01	548	Vanuatu	054	Melanesia	Country	VUT	1	167.0679779	-15.34445547	PERCENT	Percentage			G	Global		Budgetary Central Government	Source: Government Finance Statistics (GFS) Database classified according to the Government Finance Statistics Manual 2014 (GFSM 2014) revenue classification, International Monetary Fund (IMF).		NA: Data nature not available			57.15667	79.57933	76.14409	66.6138	57.5252	45.97987	45.97987	2017
17	17.1	17.1.2	GC_GOB_TAXD	Proportion of domestic budget funded by domestic taxes (% of GDP)	2019.Q2.G.01	554	New Zealand	053	Australia and New Zealand	Country	NZL	1	170.4755673	-43.98721568																					
17	17.1	17.1.2	GC_GOB_TAXD	Proportion of domestic budget funded by domestic taxes (% of GDP)	2019.Q2.G.01	558	Nicaragua	013	Central America	Country	NIC	1	-85.03060315	12.84210839	PERCENT	Percentage			G	Global		Budgetary Central Government	Source: Government Finance Statistics (GFS) Database classified according to the Government Finance Statistics Manual 2014 (GFSM 2014) revenue classification, International Monetary Fund (IMF).		NA: Data nature not available	61.47148	72.1004	80.55887	87.66352	86.37922	85.17441	84.63339	85.83304	85.83304	2017
17	17.1	17.1.2	GC_GOB_TAXD	Proportion of domestic budget funded by domestic taxes (% of GDP)	2019.Q2.G.01	562	Niger	011	Western Africa	Country	NER	1	9.400167877	17.42143036	PERCENT	Percentage			G	Global		Budgetary Central Government	Source: Government Finance Statistics (GFS) Database classified according to the Government Finance Statistics Manual 2014 (GFSM 2014) revenue classification, International Monetary Fund (IMF).		NA: Data nature not available		50.80596							50.80596	2005
17	17.1	17.1.2	GC_GOB_TAXD	Proportion of domestic budget funded by domestic taxes (% of GDP)	2019.Q2.G.01	566	Nigeria	011	Western Africa	Country	NGA	1	8.097363256	9.585789025	PERCENT	Percentage			G	Global		Budgetary Central Government	Source: Government Finance Statistics (GFS) Database classified according to the Government Finance Statistics Manual 2014 (GFSM 2014) revenue classification, International Monetary Fund (IMF).		NA: Data nature not available		22.0648	29.99738	23.16208					23.16208	2013
17	17.1	17.1.2	GC_GOB_TAXD	Proportion of domestic budget funded by domestic taxes (% of GDP)	2019.Q2.G.01	570	Niue	061	Polynesia	Country	NIU	0	-169.8601693	-19.05000475																					
17	17.1	17.1.2	GC_GOB_TAXD	Proportion of domestic budget funded by domestic taxes (% of GDP)	2019.Q2.G.01	574	Norfolk Island	053	Australia and New Zealand	Country	NFK	0	167.9515548	-29.03230018																					
17	17.1	17.1.2	GC_GOB_TAXD	Proportion of domestic budget funded by domestic taxes (% of GDP)	2019.Q2.G.01	578	Norway	154	Northern Europe	Country	NOR	1	11.47846389	61.34311134																					
17	17.1	17.1.2	GC_GOB_TAXD	Proportion of domestic budget funded by domestic taxes (% of GDP)	2019.Q2.G.01	580	Northern Mariana Islands	057	Micronesia	Country	MNP	0	145.7582114	15.19099517																					
17	17.1	17.1.2	GC_GOB_TAXD	Proportion of domestic budget funded by domestic taxes (% of GDP)	2019.Q2.G.01	581	United States Minor Outlying Islands	057	Micronesia	Country	UMI	0	-162.4343752	5.874443968																					
17	17.1	17.1.2	GC_GOB_TAXD	Proportion of domestic budget funded by domestic taxes (% of GDP)	2019.Q2.G.01	583	Micronesia (Federated States of)	057	Micronesia	Country	FSM	1	158.225216	6.880670092																					
17	17.1	17.1.2	GC_GOB_TAXD	Proportion of domestic budget funded by domestic taxes (% of GDP)	2019.Q2.G.01	584	Marshall Islands	057	Micronesia	Country	MHL	1	171.0839119	7.110213497	PERCENT	Percentage			G	Global		Budgetary Central Government	Source: Government Finance Statistics (GFS) Database classified according to the Government Finance Statistics Manual 2014 (GFSM 2014) revenue classification, International Monetary Fund (IMF).		NA: Data nature not available			29.61141	29.93166	31.82561	30.4127	30.21284	27.2474	27.2474	2017
17	17.1	17.1.2	GC_GOB_TAXD	Proportion of domestic budget funded by domestic taxes (% of GDP)	2019.Q2.G.01	585	Palau	057	Micronesia	Country	PLW	1	134.5733878	7.502307591	PERCENT	Percentage			G	Global		Budgetary Central Government	Source: Government Finance Statistics (GFS) Database classified according to the Government Finance Statistics Manual 2014 (GFSM 2014) revenue classification, International Monetary Fund (IMF).		NA: Data nature not available			34.96218	44.86701	47.27153	55.28497	52.17059	56.25853	56.25853	2017
17	17.1	17.1.2	GC_GOB_TAXD	Proportion of domestic budget funded by domestic taxes (% of GDP)	2019.Q2.G.01	586	Pakistan	034	Southern Asia	Country	PAK	1	68.80479684	29.36491634	PERCENT	Percentage			G	Global		Budgetary Central Government	Source: Government Finance Statistics (GFS) Database classified according to the Government Finance Statistics Manual 2014 (GFSM 2014) revenue classification, International Monetary Fund (IMF).		NA: Data nature not available	53.19648	58.25464	50.7638	55.42046	47.53287				47.53287	2014
17	17.1	17.1.2	GC_GOB_TAXD	Proportion of domestic budget funded by domestic taxes (% of GDP)	2019.Q2.G.01	591	Panama	013	Central America	Country	PAN	1	-81.26616623	8.450965746																					
17	17.1	17.1.2	GC_GOB_TAXD	Proportion of domestic budget funded by domestic taxes (% of GDP)	2019.Q2.G.01	598	Papua New Guinea	054	Melanesia	Country	PNG	1	145.8587761	-6.756057077	PERCENT	Percentage			G	Global		Budgetary Central Government	Source: Government Finance Statistics (GFS) Database classified according to the Government Finance Statistics Manual 2014 (GFSM 2014) revenue classification, International Monetary Fund (IMF).		NA: Data nature not available	62.67778				66.20961	65.07032	62.07104	68.63004	68.63004	2017
17	17.1	17.1.2	GC_GOB_TAXD	Proportion of domestic budget funded by domestic taxes (% of GDP)	2019.Q2.G.01	600	Paraguay	005	South America	Country	PRY	1	-60.54854225	-21.70216237																					
17	17.1	17.1.2	GC_GOB_TAXD	Proportion of domestic budget funded by domestic taxes (% of GDP)	2019.Q2.G.01	604	Peru	005	South America	Country	PER	1	-71.82093277	-13.58939705																					
17	17.1	17.1.2	GC_GOB_TAXD	Proportion of domestic budget funded by domestic taxes (% of GDP)	2019.Q2.G.01	608	Philippines	035	South-Eastern Asia	Country	PHL	1	120.8601418	14.16591706	PERCENT	Percentage			G	Global		Budgetary Central Government	Source: Government Finance Statistics (GFS) Database classified according to the Government Finance Statistics Manual 2014 (GFSM 2014) revenue classification, International Monetary Fund (IMF).		NA: Data nature not available	68.86285	66.11396	71.973	82.8597	87.2859	81.61228	78.39828	79.73637	79.73637	2017
17	17.1	17.1.2	GC_GOB_TAXD	Proportion of domestic budget funded by domestic taxes (% of GDP)	2019.Q2.G.01	612	Pitcairn	061	Polynesia	Country	PCN	0	-128.3225873	-24.37538456																					
17	17.1	17.1.2	GC_GOB_TAXD	Proportion of domestic budget funded by domestic taxes (% of GDP)	2019.Q2.G.01	616	Poland	151	Eastern Europe	Country	POL	1	19.40660158	52.1226733																					
17	17.1	17.1.2	GC_GOB_TAXD	Proportion of domestic budget funded by domestic taxes (% of GDP)	2019.Q2.G.01	620	Portugal	039	Southern Europe	Country	PRT	1	-7.961599811	39.68509315																					
17	17.1	17.1.2	GC_GOB_TAXD	Proportion of domestic budget funded by domestic taxes (% of GDP)	2019.Q2.G.01	624	Guinea-Bissau	011	Western Africa	Country	GNB	1	-14.40182514	12.11760394	PERCENT	Percentage			G	Global		Budgetary Central Government	Source: Government Finance Statistics (GFS) Database classified according to the Government Finance Statistics Manual 2014 (GFSM 2014) revenue classification, International Monetary Fund (IMF).		NA: Data nature not available								52.40906	52.40906	2017
17	17.1	17.1.2	GC_GOB_TAXD	Proportion of domestic budget funded by domestic taxes (% of GDP)	2019.Q2.G.01	626	Timor-Leste	035	South-Eastern Asia	Country	TLS	1	125.9451052	-8.797497247	PERCENT	Percentage			G	Global		Budgetary Central Government	Source: Government Finance Statistics (GFS) Database classified according to the Government Finance Statistics Manual 2014 (GFSM 2014) revenue classification, International Monetary Fund (IMF).		NA: Data nature not available				10.00845	9.46734	9.37224	9.65079	11.96816	11.96816	2017
17	17.1	17.1.2	GC_GOB_TAXD	Proportion of domestic budget funded by domestic taxes (% of GDP)	2019.Q2.G.01	630	Puerto Rico	029	Caribbean	Country	PRI	0	-66.47591017	18.22753799																					
17	17.1	17.1.2	GC_GOB_TAXD	Proportion of domestic budget funded by domestic taxes (% of GDP)	2019.Q2.G.01	634	Qatar	145	Western Asia	Country	QAT	1	51.19152467	25.28355379	PERCENT	Percentage			G	Global		Budgetary Central Government	Source: Government Finance Statistics (GFS) Database classified according to the Government Finance Statistics Manual 2014 (GFSM 2014) revenue classification, International Monetary Fund (IMF).		NA: Data nature not available		65.96235	46.84935						46.84935	2010
17	17.1	17.1.2	GC_GOB_TAXD	Proportion of domestic budget funded by domestic taxes (% of GDP)	2019.Q2.G.01	638	Réunion	014	Eastern Africa	Country	REU	0	55.53171398	-21.13183266																					
17	17.1	17.1.2	GC_GOB_TAXD	Proportion of domestic budget funded by domestic taxes (% of GDP)	2019.Q2.G.01	642	Romania	151	Eastern Europe	Country	ROU	1	24.98481009	45.83893563																					
17	17.1	17.1.2	GC_GOB_TAXD	Proportion of domestic budget funded by domestic taxes (% of GDP)	2019.Q2.G.01	643	Russian Federation	151	Eastern Europe	Country	RUS	1	99.01404926	61.61899849																					
17	17.1	17.1.2	GC_GOB_TAXD	Proportion of domestic budget funded by domestic taxes (% of GDP)	2019.Q2.G.01	646	Rwanda	014	Eastern Africa	Country	RWA	1	29.92310194	-1.999842114	PERCENT	Percentage			G	Global		Budgetary Central Government	Source: Government Finance Statistics (GFS) Database classified according to the Government Finance Statistics Manual 2014 (GFSM 2014) revenue classification, International Monetary Fund (IMF).		NA: Data nature not available			47.83494		47.07348	49.50112	57.23728	53.90042	53.90042	2017
17	17.1	17.1.2	GC_GOB_TAXD	Proportion of domestic budget funded by domestic taxes (% of GDP)	2019.Q2.G.01	652	Saint Barthélemy	029	Caribbean	Country	BLM	0	-62.83173536	17.89513362																					
17	17.1	17.1.2	GC_GOB_TAXD	Proportion of domestic budget funded by domestic taxes (% of GDP)	2019.Q2.G.01	654	Saint Helena	011	Western Africa	Country	SHN	0	-5.705752501	-15.96503946																					
17	17.1	17.1.2	GC_GOB_TAXD	Proportion of domestic budget funded by domestic taxes (% of GDP)	2019.Q2.G.01	659	Saint Kitts and Nevis	029	Caribbean	Country	KNA	1	-62.76628613	17.33994219	PERCENT	Percentage			G	Global		Budgetary Central Government	Source: Government Finance Statistics (GFS) Database classified according to the Government Finance Statistics Manual 2014 (GFSM 2014) revenue classification, International Monetary Fund (IMF).		NA: Data nature not available	48.29181	72.68813	53.94935	62.18077	66.25417	65.5807	61.79053	63.31851	63.31851	2017
17	17.1	17.1.2	GC_GOB_TAXD	Proportion of domestic budget funded by domestic taxes (% of GDP)	2019.Q2.G.01	660	Anguilla	029	Caribbean	Country	AIA	0	-63.05651612	18.21525315	PERCENT	Percentage			G	Global		Budgetary Central Government	Source: Government Finance Statistics (GFS) Database classified according to the Government Finance Statistics Manual 2014 (GFSM 2014) revenue classification, International Monetary Fund (IMF).		NA: Data nature not available	67.41635	69.72497	61.20031	80.12322	86.07692	85.27148	82.57034	75.4193	75.4193	2017
17	17.1	17.1.2	GC_GOB_TAXD	Proportion of domestic budget funded by domestic taxes (% of GDP)	2019.Q2.G.01	662	Saint Lucia	029	Caribbean	Country	LCA	1	-60.96529553	13.89405601	PERCENT	Percentage			G	Global		Budgetary Central Government	Source: Government Finance Statistics (GFS) Database classified according to the Government Finance Statistics Manual 2014 (GFSM 2014) revenue classification, International Monetary Fund (IMF).		NA: Data nature not available	82.70521	75.71683	84.69833	72.45755	77.88267	82.51427	91.11379	84.31386	84.31386	2017
17	17.1	17.1.2	GC_GOB_TAXD	Proportion of domestic budget funded by domestic taxes (% of GDP)	2019.Q2.G.01	663	Saint Martin (French Part)	029	Caribbean	Country	MAF	0	-63.04505461	18.0882685																					
17	17.1	17.1.2	GC_GOB_TAXD	Proportion of domestic budget funded by domestic taxes (% of GDP)	2019.Q2.G.01	666	Saint Pierre and Miquelon	021	Northern America	Country	SPM	0	-56.33682442	46.85812735																					
17	17.1	17.1.2	GC_GOB_TAXD	Proportion of domestic budget funded by domestic taxes (% of GDP)	2019.Q2.G.01	670	Saint Vincent and the Grenadines	029	Caribbean	Country	VCT	1	-61.19024321	13.24627968	PERCENT	Percentage			G	Global		Budgetary Central Government	Source: Government Finance Statistics (GFS) Database classified according to the Government Finance Statistics Manual 2014 (GFSM 2014) revenue classification, International Monetary Fund (IMF).		NA: Data nature not available	82.96513	76.25636	76.5553	69.10127	76.13598	83.97522	93.5165	83.90236	83.90236	2017
17	17.1	17.1.2	GC_GOB_TAXD	Proportion of domestic budget funded by domestic taxes (% of GDP)	2019.Q2.G.01	674	San Marino	039	Southern Europe	Country	SMR	1	12.46329038	43.93841766																					
17	17.1	17.1.2	GC_GOB_TAXD	Proportion of domestic budget funded by domestic taxes (% of GDP)	2019.Q2.G.01	678	Sao Tome and Principe	017	Middle Africa	Country	STP	1	6.609772265	0.241554875	PERCENT	Percentage			G	Global		Budgetary Central Government	Source: Government Finance Statistics (GFS) Database classified according to the Government Finance Statistics Manual 2014 (GFSM 2014) revenue classification, International Monetary Fund (IMF).		NA: Data nature not available		29.02637	35.01618						35.01618	2010
17	17.1	17.1.2	GC_GOB_TAXD	Proportion of domestic budget funded by domestic taxes (% of GDP)	2019.Q2.G.01	682	Saudi Arabia	145	Western Asia	Country	SAU	1	44.54763347	24.12594211	PERCENT	Percentage			G	Global		Budgetary Central Government	Source: Government Finance Statistics (GFS) Database classified according to the Government Finance Statistics Manual 2014 (GFSM 2014) revenue classification, International Monetary Fund (IMF).		NA: Data nature not available			7.66281	7.69532	6.89153	8.17044	9.87184	9.3982	9.3982	2017
17	17.1	17.1.2	GC_GOB_TAXD	Proportion of domestic budget funded by domestic taxes (% of GDP)	2019.Q2.G.01	686	Senegal	011	Western Africa	Country	SEN	1	-14.46636926	14.35920905	PERCENT	Percentage			G	Global		Budgetary Central Government	Source: Government Finance Statistics (GFS) Database classified according to the Government Finance Statistics Manual 2014 (GFSM 2014) revenue classification, International Monetary Fund (IMF).		NA: Data nature not available	83.8116		69.02863	0.0	65.36975	67.09011	66.14703	67.36526	67.36526	2017
17	17.1	17.1.2	GC_GOB_TAXD	Proportion of domestic budget funded by domestic taxes (% of GDP)	2019.Q2.G.01	688	Serbia	039	Southern Europe	Country	SRB	1	20.805876	44.03145697																					
17	17.1	17.1.2	GC_GOB_TAXD	Proportion of domestic budget funded by domestic taxes (% of GDP)	2019.Q2.G.01	690	Seychelles	014	Eastern Africa	Country	SYC	1	55.46561591	-4.678053059																					
17	17.1	17.1.2	GC_GOB_TAXD	Proportion of domestic budget funded by domestic taxes (% of GDP)	2019.Q2.G.01	694	Sierra Leone	011	Western Africa	Country	SLE	1	-11.78306584	8.568604164	PERCENT	Percentage			G	Global		Budgetary Central Government	Source: Government Finance Statistics (GFS) Database classified according to the Government Finance Statistics Manual 2014 (GFSM 2014) revenue classification, International Monetary Fund (IMF).		NA: Data nature not available			42.54808	57.92408	50.32372				50.32372	2014
17	17.1	17.1.2	GC_GOB_TAXD	Proportion of domestic budget funded by domestic taxes (% of GDP)	2019.Q2.G.01	702	Singapore	035	South-Eastern Asia	Country	SGP	1	103.8107883	1.361009155	PERCENT	Percentage			G	Global		Budgetary Central Government	Source: Government Finance Statistics (GFS) Database classified according to the Government Finance Statistics Manual 2014 (GFSM 2014) revenue classification, International Monetary Fund (IMF).		NA: Data nature not available	117.97368	97.31965	123.58215	129.5209	113.64096	87.99689	90.82079	106.93061	106.93061	2017
17	17.1	17.1.2	GC_GOB_TAXD	Proportion of domestic budget funded by domestic taxes (% of GDP)	2019.Q2.G.01	703	Slovakia	151	Eastern Europe	Country	SVK	1	19.48495604	48.70741446																					
17	17.1	17.1.2	GC_GOB_TAXD	Proportion of domestic budget funded by domestic taxes (% of GDP)	2019.Q2.G.01	704	Viet Nam	035	South-Eastern Asia	Country	VNM	1	105.802499	10.09643079	PERCENT	Percentage			G	Global		Budgetary Central Government	Source: Government Finance Statistics (GFS) Database classified according to the Government Finance Statistics Manual 2014 (GFSM 2014) revenue classification, International Monetary Fund (IMF).		NA: Data nature not available	70.69054	89.40534	90.08103	69.37979					69.37979	2013
17	17.1	17.1.2	GC_GOB_TAXD	Proportion of domestic budget funded by domestic taxes (% of GDP)	2019.Q2.G.01	705	Slovenia	039	Southern Europe	Country	SVN	1	14.82209486	46.11958061																					
17	17.1	17.1.2	GC_GOB_TAXD	Proportion of domestic budget funded by domestic taxes (% of GDP)	2019.Q2.G.01	706	Somalia	014	Eastern Africa	Country	SOM	1	46.20367477	4.406485729	PERCENT	Percentage			G	Global		Budgetary Central Government	Source: Government Finance Statistics (GFS) Database classified according to the Government Finance Statistics Manual 2014 (GFSM 2014) revenue classification, International Monetary Fund (IMF).		NA: Data nature not available								47.11709	47.11709	2017
17	17.1	17.1.2	GC_GOB_TAXD	Proportion of domestic budget funded by domestic taxes (% of GDP)	2019.Q2.G.01	710	South Africa	018	Southern Africa	Country	ZAF	1	24.67184355	-29.99957544	PERCENT	Percentage			G	Global		Budgetary Central Government	Source: Government Finance Statistics (GFS) Database classified according to the Government Finance Statistics Manual 2014 (GFSM 2014) revenue classification, International Monetary Fund (IMF).		NA: Data nature not available	89.74165	94.23339	82.84981	80.39414	83.51752	83.05507	85.50901	83.83474	83.83474	2017
17	17.1	17.1.2	GC_GOB_TAXD	Proportion of domestic budget funded by domestic taxes (% of GDP)	2019.Q2.G.01	716	Zimbabwe	014	Eastern Africa	Country	ZWE	1	29.86909584	-19.00075492	PERCENT	Percentage			G	Global		Budgetary Central Government	Source: Government Finance Statistics (GFS) Database classified according to the Government Finance Statistics Manual 2014 (GFSM 2014) revenue classification, International Monetary Fund (IMF).		NA: Data nature not available			104.21075			92.6229	66.67499	57.99463	57.99463	2017
17	17.1	17.1.2	GC_GOB_TAXD	Proportion of domestic budget funded by domestic taxes (% of GDP)	2019.Q2.G.01	724	Spain	039	Southern Europe	Country	ESP	1	-3.554078296	40.39211472																					
17	17.1	17.1.2	GC_GOB_TAXD	Proportion of domestic budget funded by domestic taxes (% of GDP)	2019.Q2.G.01	728	South Sudan	014	Eastern Africa	Country	SSD	1	30.32618773	7.290839152																					
17	17.1	17.1.2	GC_GOB_TAXD	Proportion of domestic budget funded by domestic taxes (% of GDP)	2019.Q2.G.01	729	Sudan	015	Northern Africa	Country	SDN	0	29.95650159	16.02643066	PERCENT	Percentage			G	Global		Budgetary Central Government	Source: Government Finance Statistics (GFS) Database classified according to the Government Finance Statistics Manual 2014 (GFSM 2014) revenue classification, International Monetary Fund (IMF).		NA: Data nature not available			35.72258	60.17394	63.70841	68.94307	68.50005		68.50005	2016
17	17.1	17.1.2	GC_GOB_TAXD	Proportion of domestic budget funded by domestic taxes (% of GDP)	2019.Q2.G.01	732	Western Sahara	015	Northern Africa	Country	ESH	0	-13.13515523	24.66265342																					
17	17.1	17.1.2	GC_GOB_TAXD	Proportion of domestic budget funded by domestic taxes (% of GDP)	2019.Q2.G.01	740	Suriname	005	South America	Country	SUR	1	-55.90626394	4.132603197	PERCENT	Percentage			G	Global		Budgetary Central Government	Source: Government Finance Statistics (GFS) Database classified according to the Government Finance Statistics Manual 2014 (GFSM 2014) revenue classification, International Monetary Fund (IMF).		NA: Data nature not available		70.12629	65.7636						65.7636	2010
17	17.1	17.1.2	GC_GOB_TAXD	Proportion of domestic budget funded by domestic taxes (% of GDP)	2019.Q2.G.01	744	Svalbard and Jan Mayen Islands	154	Northern Europe	Country	SJM	0	13.38071013	78.82894131																					
17	17.1	17.1.2	GC_GOB_TAXD	Proportion of domestic budget funded by domestic taxes (% of GDP)	2019.Q2.G.01	748	Eswatini	018	Southern Africa	Country	SWZ	1	31.50149288	-26.56471011	PERCENT	Percentage			G	Global		Budgetary Central Government	Source: Government Finance Statistics (GFS) Database classified according to the Government Finance Statistics Manual 2014 (GFSM 2014) revenue classification, International Monetary Fund (IMF).		NA: Data nature not available	83.67149	80.52613	52.33613						52.33613	2010
17	17.1	17.1.2	GC_GOB_TAXD	Proportion of domestic budget funded by domestic taxes (% of GDP)	2019.Q2.G.01	752	Sweden	154	Northern Europe	Country	SWE	1	14.3775338	60.60103109																					
17	17.1	17.1.2	GC_GOB_TAXD	Proportion of domestic budget funded by domestic taxes (% of GDP)	2019.Q2.G.01	756	Switzerland	155	Western Europe	Country	CHE	1	8.223158	46.96617097																					
17	17.1	17.1.2	GC_GOB_TAXD	Proportion of domestic budget funded by domestic taxes (% of GDP)	2019.Q2.G.01	760	Syrian Arab Republic	145	Western Asia	Country	SYR	1	38.50466565	35.01676176																					
17	17.1	17.1.2	GC_GOB_TAXD	Proportion of domestic budget funded by domestic taxes (% of GDP)	2019.Q2.G.01	762	Tajikistan	143	Central Asia	Country	TJK	1	69.294998	38.43069666	PERCENT	Percentage			G	Global		Budgetary Central Government	Source: Government Finance Statistics (GFS) Database classified according to the Government Finance Statistics Manual 2014 (GFSM 2014) revenue classification, International Monetary Fund (IMF).		NA: Data nature not available	81.88227								81.88227	2000
17	17.1	17.1.2	GC_GOB_TAXD	Proportion of domestic budget funded by domestic taxes (% of GDP)	2019.Q2.G.01	764	Thailand	035	South-Eastern Asia	Country	THA	1	101.0202951	15.13089239	PERCENT	Percentage			G	Global		Budgetary Central Government	Source: Government Finance Statistics (GFS) Database classified according to the Government Finance Statistics Manual 2014 (GFSM 2014) revenue classification, International Monetary Fund (IMF).		NA: Data nature not available	76.37262	93.38996	76.08793	81.09179	76.86035	77.47052	80.5462	74.34826	74.34826	2017
17	17.1	17.1.2	GC_GOB_TAXD	Proportion of domestic budget funded by domestic taxes (% of GDP)	2019.Q2.G.01	768	Togo	011	Western Africa	Country	TGO	1	0.97835765	8.532096072	PERCENT	Percentage			G	Global		Budgetary Central Government	Source: Government Finance Statistics (GFS) Database classified according to the Government Finance Statistics Manual 2014 (GFSM 2014) revenue classification, International Monetary Fund (IMF).		NA: Data nature not available		68.1011	67.7546	66.17605	72.65382	65.29488	62.50923	80.52658	80.52658	2017
17	17.1	17.1.2	GC_GOB_TAXD	Proportion of domestic budget funded by domestic taxes (% of GDP)	2019.Q2.G.01	772	Tokelau	061	Polynesia	Country	TKL	0	-171.8154473	-9.214545558																					
17	17.1	17.1.2	GC_GOB_TAXD	Proportion of domestic budget funded by domestic taxes (% of GDP)	2019.Q2.G.01	776	Tonga	061	Polynesia	Country	TON	1	-175.1959991	-21.19511329	PERCENT	Percentage			G	Global		Budgetary Central Government	Source: Government Finance Statistics (GFS) Database classified according to the Government Finance Statistics Manual 2014 (GFSM 2014) revenue classification, International Monetary Fund (IMF).		NA: Data nature not available				50.55125	56.42364	50.63362	49.28624	52.45707	52.45707	2017
17	17.1	17.1.2	GC_GOB_TAXD	Proportion of domestic budget funded by domestic taxes (% of GDP)	2019.Q2.G.01	780	Trinidad and Tobago	029	Caribbean	Country	TTO	1	-61.29389504	10.41877263																					
17	17.1	17.1.2	GC_GOB_TAXD	Proportion of domestic budget funded by domestic taxes (% of GDP)	2019.Q2.G.01	784	United Arab Emirates	145	Western Asia	Country	ARE	1	53.98279159	23.43322219	PERCENT	Percentage			G	Global		Budgetary Central Government	Source: Government Finance Statistics (GFS) Database classified according to the Government Finance Statistics Manual 2014 (GFSM 2014) revenue classification, International Monetary Fund (IMF).		NA: Data nature not available				2.58845	2.18395	1.92444	1.45272	1.24834	1.24834	2017
17	17.1	17.1.2	GC_GOB_TAXD	Proportion of domestic budget funded by domestic taxes (% of GDP)	2019.Q2.G.01	788	Tunisia	015	Northern Africa	Country	TUN	1	9.572737411	34.11439971	PERCENT	Percentage			G	Global		Budgetary Central Government	Source: Government Finance Statistics (GFS) Database classified according to the Government Finance Statistics Manual 2014 (GFSM 2014) revenue classification, International Monetary Fund (IMF).		NA: Data nature not available	80.46935	81.65243	86.81854						86.81854	2010
17	17.1	17.1.2	GC_GOB_TAXD	Proportion of domestic budget funded by domestic taxes (% of GDP)	2019.Q2.G.01	792	Turkey	145	Western Asia	Country	TUR	1	35.42890329	38.9899684																					
17	17.1	17.1.2	GC_GOB_TAXD	Proportion of domestic budget funded by domestic taxes (% of GDP)	2019.Q2.G.01	795	Turkmenistan	143	Central Asia	Country	TKM	1	58.9787665	40.0912346																					
17	17.1	17.1.2	GC_GOB_TAXD	Proportion of domestic budget funded by domestic taxes (% of GDP)	2019.Q2.G.01	796	Turks and Caicos Islands	029	Caribbean	Country	TCA	0	-71.745121	21.80780585																					
17	17.1	17.1.2	GC_GOB_TAXD	Proportion of domestic budget funded by domestic taxes (% of GDP)	2019.Q2.G.01	798	Tuvalu	061	Polynesia	Country	TUV	1	178.6679611	-7.460048071																					
17	17.1	17.1.2	GC_GOB_TAXD	Proportion of domestic budget funded by domestic taxes (% of GDP)	2019.Q2.G.01	800	Uganda	014	Eastern Africa	Country	UGA	1	32.39100438	1.279557331	PERCENT	Percentage			G	Global		Budgetary Central Government	Source: Government Finance Statistics (GFS) Database classified according to the Government Finance Statistics Manual 2014 (GFSM 2014) revenue classification, International Monetary Fund (IMF).		NA: Data nature not available	55.20228	58.70756	61.98063	71.14477	68.97827	76.57458	74.16394	75.35249	75.35249	2017
17	17.1	17.1.2	GC_GOB_TAXD	Proportion of domestic budget funded by domestic taxes (% of GDP)	2019.Q2.G.01	804	Ukraine	151	Eastern Europe	Country	UKR	1	31.40270802	49.00735945																					
17	17.1	17.1.2	GC_GOB_TAXD	Proportion of domestic budget funded by domestic taxes (% of GDP)	2019.Q2.G.01	807	North Macedonia	039	Southern Europe	Country	MKD	1	21.7007909	41.60048068																					
17	17.1	17.1.2	GC_GOB_TAXD	Proportion of domestic budget funded by domestic taxes (% of GDP)	2019.Q2.G.01	818	Egypt	015	Northern Africa	Country	EGY	1	29.77468534	26.57438204	PERCENT	Percentage			G	Global		Budgetary Central Government	Source: Government Finance Statistics (GFS) Database classified according to the Government Finance Statistics Manual 2014 (GFSM 2014) revenue classification, International Monetary Fund (IMF).		NA: Data nature not available	58.1437	55.06145	46.5846	42.72996	37.10389	41.72046			41.72046	2015
17	17.1	17.1.2	GC_GOB_TAXD	Proportion of domestic budget funded by domestic taxes (% of GDP)	2019.Q2.G.01	826	United Kingdom of Great Britain and Northern Ireland	154	Northern Europe	Country	GBR	1	-2.23830539	53.27691757																					
17	17.1	17.1.2	GC_GOB_TAXD	Proportion of domestic budget funded by domestic taxes (% of GDP)	2019.Q2.G.01	831	Guernsey	830	Channel Islands	Country	GGY	0	-2.200712402	49.71561166																					
17	17.1	17.1.2	GC_GOB_TAXD	Proportion of domestic budget funded by domestic taxes (% of GDP)	2019.Q2.G.01	832	Jersey	830	Channel Islands	Country	JEY	0	-2.136773508	49.22353354																					
17	17.1	17.1.2	GC_GOB_TAXD	Proportion of domestic budget funded by domestic taxes (% of GDP)	2019.Q2.G.01	833	Isle of Man	154	Northern Europe	Country	IMN	0	-4.538190305	54.22880901																					
17	17.1	17.1.2	GC_GOB_TAXD	Proportion of domestic budget funded by domestic taxes (% of GDP)	2019.Q2.G.01	834	United Republic of Tanzania	014	Eastern Africa	Country	TZA	1	34.80521182	-6.265332606	PERCENT	Percentage			G	Global		Budgetary Central Government	Source: Government Finance Statistics (GFS) Database classified according to the Government Finance Statistics Manual 2014 (GFSM 2014) revenue classification, International Monetary Fund (IMF).		NA: Data nature not available			63.01803	63.50385	67.67627	68.64903	83.98857	74.05195	74.05195	2017
17	17.1	17.1.2	GC_GOB_TAXD	Proportion of domestic budget funded by domestic taxes (% of GDP)	2019.Q2.G.01	840	United States of America	021	Northern America	Country	USA	1	-99.13830311	39.5277871																					
17	17.1	17.1.2	GC_GOB_TAXD	Proportion of domestic budget funded by domestic taxes (% of GDP)	2019.Q2.G.01	850	United States Virgin Islands	029	Caribbean	Country	VIR	0	-64.76960113	17.73297693																					
17	17.1	17.1.2	GC_GOB_TAXD	Proportion of domestic budget funded by domestic taxes (% of GDP)	2019.Q2.G.01	854	Burkina Faso	011	Western Africa	Country	BFA	1	-1.742843829	12.27491081	PERCENT	Percentage			G	Global		Budgetary Central Government	Source: Government Finance Statistics (GFS) Database classified according to the Government Finance Statistics Manual 2014 (GFSM 2014) revenue classification, International Monetary Fund (IMF).		NA: Data nature not available		51.80365	52.27226	59.17502	65.2906	65.23095	65.36381	59.90623	59.90623	2017
17	17.1	17.1.2	GC_GOB_TAXD	Proportion of domestic budget funded by domestic taxes (% of GDP)	2019.Q2.G.01	858	Uruguay	005	South America	Country	URY	1	-56.01387025	-32.8002838																					
17	17.1	17.1.2	GC_GOB_TAXD	Proportion of domestic budget funded by domestic taxes (% of GDP)	2019.Q2.G.01	860	Uzbekistan	143	Central Asia	Country	UZB	1	63.11944558	41.77560518																					
17	17.1	17.1.2	GC_GOB_TAXD	Proportion of domestic budget funded by domestic taxes (% of GDP)	2019.Q2.G.01	862	Venezuela (Bolivarian Republic of)	005	South America	Country	VEN	1	-66.15642084	7.121324748																					
17	17.1	17.1.2	GC_GOB_TAXD	Proportion of domestic budget funded by domestic taxes (% of GDP)	2019.Q2.G.01	876	Wallis and Futuna Islands	061	Polynesia	Country	WLF	0	-176.2034788	-13.28471201																					
17	17.1	17.1.2	GC_GOB_TAXD	Proportion of domestic budget funded by domestic taxes (% of GDP)	2019.Q2.G.01	882	Samoa	061	Polynesia	Country	WSM	1	-172.4430749	-13.61541469	PERCENT	Percentage			G	Global		Budgetary Central Government	Source: Government Finance Statistics (GFS) Database classified according to the Government Finance Statistics Manual 2014 (GFSM 2014) revenue classification, International Monetary Fund (IMF).		NA: Data nature not available			69.7801	72.46985	65.7932	72.46095	82.48347	78.22691	78.22691	2017
17	17.1	17.1.2	GC_GOB_TAXD	Proportion of domestic budget funded by domestic taxes (% of GDP)	2019.Q2.G.01	887	Yemen	145	Western Asia	Country	YEM	1	45.22389143	15.22242099																					
17	17.1	17.1.2	GC_GOB_TAXD	Proportion of domestic budget funded by domestic taxes (% of GDP)	2019.Q2.G.01	894	Zambia	014	Eastern Africa	Country	ZMB	1	27.850329	-14.59701056	PERCENT	Percentage			G	Global		Budgetary Central Government	Source: Government Finance Statistics (GFS) Database classified according to the Government Finance Statistics Manual 2014 (GFSM 2014) revenue classification, International Monetary Fund (IMF).		NA: Data nature not available		58.13293	73.13534	65.30166	65.05587	51.8394	52.63133	60.87323	60.87323	2017
