goal	target	indicator	seriesCode	seriesDesc	release	geoAreaCode	geoAreaName	parentCode	parentName	type	ISO3	UN_Member	X	Y	unitsCode	unitsDesc	unitmultiplierCode	unitmultiplierDesc	reportingTypeCode	reportingTypeDesc	valueDetails	footnotes	sources	timeDetails	nature	value_2000	value_2001	value_2002	value_2003	value_2004	value_2005	value_2006	value_2007	value_2008	value_2009	value_2010	value_2011	value_2012	value_2013	value_2014	value_2015	value_2016	value_2017	value_2018	value_latest_year	latest_year
10	10.5	10.5.1	FI_FSI_FSKNL	Non-performing loans net of provisions to capital (%)	2019.Q2.G.01	004	Afghanistan	034	Southern Asia	Country	AFG	1	66.02688198	33.83160199	PERCENT	Percentage			G	Global		Indicator for the whole deposit-taking sector	http://data.imf.org/FSI		C: Country data												4.76126	6.55592	2.47678	3.35189	8.2541	2.54368	7.37727		7.37727	2017
10	10.5	10.5.1	FI_FSI_FSKNL	Non-performing loans net of provisions to capital (%)	2019.Q2.G.01	008	Albania	039	Southern Europe	Country	ALB	1	20.06660928	41.13897007	PERCENT	Percentage			G	Global		Indicator for the whole deposit-taking sector	http://data.imf.org/FSI		C: Country data											34.79599	52.6355	56.85711	44.81895	40.22064	24.90519	23.62078	15.31287	15.00846	15.00846	2018
10	10.5	10.5.1	FI_FSI_FSKNL	Non-performing loans net of provisions to capital (%)	2019.Q2.G.01	010	Antarctica	001	World	Country	ATA	0	21.47585697	-80.40897662																																
10	10.5	10.5.1	FI_FSI_FSKNL	Non-performing loans net of provisions to capital (%)	2019.Q2.G.01	012	Algeria	015	Northern Africa	Country	DZA	1	2.678164227	28.15940032	PERCENT	Percentage			G	Global		Indicator for the whole deposit-taking sector	http://data.imf.org/FSI		C: Country data										33.88	21.06	17.89201	16.11013	17.12296	21.40495	25.38608	32.89017			32.89017	2016
10	10.5	10.5.1	FI_FSI_FSKNL	Non-performing loans net of provisions to capital (%)	2019.Q2.G.01	016	American Samoa	061	Polynesia	Country	ASM	0	-170.7187269	-14.30587306																																
10	10.5	10.5.1	FI_FSI_FSKNL	Non-performing loans net of provisions to capital (%)	2019.Q2.G.01	020	Andorra	039	Southern Europe	Country	AND	1	1.576257417	42.54548611																																
10	10.5	10.5.1	FI_FSI_FSKNL	Non-performing loans net of provisions to capital (%)	2019.Q2.G.01	024	Angola	017	Middle Africa	Country	AGO	1	17.57817062	-12.33724746	PERCENT	Percentage			G	Global		Indicator for the whole deposit-taking sector	http://data.imf.org/FSI		C: Country data											-14.3514	-28.97128	-8.88052	29.37881	44.25352	18.11587				18.11587	2015
10	10.5	10.5.1	FI_FSI_FSKNL	Non-performing loans net of provisions to capital (%)	2019.Q2.G.01	028	Antigua and Barbuda	029	Caribbean	Country	ATG	1	-61.7999755	17.07761471	PERCENT	Percentage			G	Global		Indicator for the whole deposit-taking sector	http://data.imf.org/FSI		C: Country data																49.02238	40.66443	33.99025		33.99025	2017
10	10.5	10.5.1	FI_FSI_FSKNL	Non-performing loans net of provisions to capital (%)	2019.Q2.G.01	031	Azerbaijan	145	Western Asia	Country	AZE	1	50.01064725	40.39229544																																
10	10.5	10.5.1	FI_FSI_FSKNL	Non-performing loans net of provisions to capital (%)	2019.Q2.G.01	032	Argentina	005	South America	Country	ARG	1	-65.14563274	-35.19446255	PERCENT	Percentage			G	Global		Indicator for the whole deposit-taking sector	http://data.imf.org/FSI		C: Country data						-2.48935	-0.8421	-1.47142	-1.71156	-1.27313	-3.24763	-4.25972	-3.09212	-3.51822	-2.92059	-3.15906	-2.53782	-2.994		-2.994	2017
10	10.5	10.5.1	FI_FSI_FSKNL	Non-performing loans net of provisions to capital (%)	2019.Q2.G.01	036	Australia	053	Australia and New Zealand	Country	AUS	1	134.3499412	-25.57717202	PERCENT	Percentage			G	Global		Indicator for the whole deposit-taking sector	http://data.imf.org/FSI		C: Country data						4.621	4.75	4.733	11.448	17.139	19.842	18.672	16.814	13.545	10.0	7.91759	7.80758	7.27792		7.27792	2017
10	10.5	10.5.1	FI_FSI_FSKNL	Non-performing loans net of provisions to capital (%)	2019.Q2.G.01	040	Austria	155	Western Europe	Country	AUT	1	14.14172472	47.58704857	PERCENT	Percentage			G	Global		Indicator for the whole deposit-taking sector	http://data.imf.org/FSI		C: Country data							9.51722	6.00453	8.58603	6.27895	8.15437	8.04638	6.9094	5.79266	13.77093	13.23879	11.16538	10.91551		10.91551	2017
10	10.5	10.5.1	FI_FSI_FSKNL	Non-performing loans net of provisions to capital (%)	2019.Q2.G.01	044	Bahamas	029	Caribbean	Country	BHS	1	-78.05111663	24.69546597																																
10	10.5	10.5.1	FI_FSI_FSKNL	Non-performing loans net of provisions to capital (%)	2019.Q2.G.01	048	Bahrain	145	Western Asia	Country	BHR	1	50.5490754	26.04407747																																
10	10.5	10.5.1	FI_FSI_FSKNL	Non-performing loans net of provisions to capital (%)	2019.Q2.G.01	050	Bangladesh	034	Southern Asia	Country	BGD	1	89.17660788	22.86961622	PERCENT	Percentage			G	Global		Indicator for the whole deposit-taking sector	http://data.imf.org/FSI		[2011-2015]: C: Country data // [2016-2017]: NA: Data nature not available												14.41167	60.05202	37.20402	42.19679	44.19191	44.07656	49.65514		49.65514	2017
10	10.5	10.5.1	FI_FSI_FSKNL	Non-performing loans net of provisions to capital (%)	2019.Q2.G.01	051	Armenia	145	Western Asia	Country	ARM	1	44.93839317	40.29499741	PERCENT	Percentage			G	Global		Indicator for the whole deposit-taking sector	http://data.imf.org/FSI		C: Country data						3.38569	3.92059	4.5742	10.04248	9.73961	7.0197	9.25546	11.25877	13.4912	24.00517	24.38207	17.25051	14.66877		14.66877	2017
10	10.5	10.5.1	FI_FSI_FSKNL	Non-performing loans net of provisions to capital (%)	2019.Q2.G.01	052	Barbados	029	Caribbean	Country	BRB	1	-59.5346489	13.13648273																																
10	10.5	10.5.1	FI_FSI_FSKNL	Non-performing loans net of provisions to capital (%)	2019.Q2.G.01	056	Belgium	155	Western Europe	Country	BEL	1	4.660976456	50.64104975	PERCENT	Percentage			G	Global		Indicator for the whole deposit-taking sector	http://data.imf.org/FSI		C: Country data							8.93671	9.39508	7.31213	15.54367	14.1655	17.33764	19.88234	23.79603	25.96189	21.85972	18.33004	16.23815		16.23815	2017
10	10.5	10.5.1	FI_FSI_FSKNL	Non-performing loans net of provisions to capital (%)	2019.Q2.G.01	060	Bermuda	021	Northern America	Country	BMU	0	-64.78155012	32.27881922																																
10	10.5	10.5.1	FI_FSI_FSKNL	Non-performing loans net of provisions to capital (%)	2019.Q2.G.01	064	Bhutan	034	Southern Asia	Country	BTN	1	90.45098484	27.39598568	PERCENT	Percentage			G	Global		Indicator for the whole deposit-taking sector	http://data.imf.org/FSI		C: Country data										9.59879	4.83642	1.73887	4.03082	4.08485	3.76609	5.12401	4.41024	7.64573		7.64573	2017
10	10.5	10.5.1	FI_FSI_FSKNL	Non-performing loans net of provisions to capital (%)	2019.Q2.G.01	068	Bolivia (Plurinational State of)	005	South America	Country	BOL	1	-64.66224284	-16.71273412	PERCENT	Percentage			G	Global		Indicator for the whole deposit-taking sector	http://data.imf.org/FSI		C: Country data											-4.49725	-4.41846	-3.52596	-2.05607	-1.89633	-1.43448	-0.65715	0.00908		0.00908	2017
10	10.5	10.5.1	FI_FSI_FSKNL	Non-performing loans net of provisions to capital (%)	2019.Q2.G.01	070	Bosnia and Herzegovina	039	Southern Europe	Country	BIH	1	17.78584332	44.16845548	PERCENT	Percentage			G	Global		Indicator for the whole deposit-taking sector	http://data.imf.org/FSI		C: Country data	32.46934	37.60906	27.51471	25.20087	19.68594	20.49385	15.42064	12.95985	14.30221	25.46449	42.00969	25.91736	30.04639	30.9745	27.92203	26.88419	18.47987	14.35452		14.35452	2017
10	10.5	10.5.1	FI_FSI_FSKNL	Non-performing loans net of provisions to capital (%)	2019.Q2.G.01	072	Botswana	018	Southern Africa	Country	BWA	1	23.81380223	-22.18810073	PERCENT	Percentage			G	Global		Indicator for the whole deposit-taking sector	http://data.imf.org/FSI		C: Country data													1.65402	6.93794	10.60859	9.96126	12.83627	13.39655		13.39655	2017
10	10.5	10.5.1	FI_FSI_FSKNL	Non-performing loans net of provisions to capital (%)	2019.Q2.G.01	074	Bouvet Island	005	South America	Country	BVT	0	3.410732868	-54.43295905																																
10	10.5	10.5.1	FI_FSI_FSKNL	Non-performing loans net of provisions to capital (%)	2019.Q2.G.01	076	Brazil	005	South America	Country	BRA	1	-53.08432878	-10.77668561	PERCENT	Percentage			G	Global		Indicator for the whole deposit-taking sector	http://data.imf.org/FSI		C: Country data						-10.90469	-10.90471	-10.35098	-12.9761	-11.06479	-10.83404	-10.17493	-9.85166	-11.46993	-11.04582	-12.95311	-13.05872	-12.99465		-12.99465	2017
10	10.5	10.5.1	FI_FSI_FSKNL	Non-performing loans net of provisions to capital (%)	2019.Q2.G.01	084	Belize	013	Central America	Country	BLZ	1	-88.70199554	17.19965901																																
10	10.5	10.5.1	FI_FSI_FSKNL	Non-performing loans net of provisions to capital (%)	2019.Q2.G.01	086	British Indian Ocean Territory	014	Eastern Africa	Country	IOT	0	72.38715553	-7.299281071																																
10	10.5	10.5.1	FI_FSI_FSKNL	Non-performing loans net of provisions to capital (%)	2019.Q2.G.01	090	Solomon Islands	054	Melanesia	Country	SLB	1	160.1584117	-9.622391719	PERCENT	Percentage			G	Global		Indicator for the whole deposit-taking sector	http://data.imf.org/FSI		C: Country data											18.12037	6.49693	4.30398	11.98444	8.13265	7.28141	6.60781			6.60781	2016
10	10.5	10.5.1	FI_FSI_FSKNL	Non-performing loans net of provisions to capital (%)	2019.Q2.G.01	092	British Virgin Islands	029	Caribbean	Country	VGB	0	-64.63294223	18.42256578																																
10	10.5	10.5.1	FI_FSI_FSKNL	Non-performing loans net of provisions to capital (%)	2019.Q2.G.01	096	Brunei Darussalam	035	South-Eastern Asia	Country	BRN	1	114.6288563	4.49736984	PERCENT	Percentage			G	Global		Indicator for the whole deposit-taking sector	http://data.imf.org/FSI		C: Country data										11.61701	8.24874	4.96529	4.99753	4.3126	5.64136	5.70023	7.21245	3.79287	3.78574	3.78574	2018
10	10.5	10.5.1	FI_FSI_FSKNL	Non-performing loans net of provisions to capital (%)	2019.Q2.G.01	100	Bulgaria	151	Eastern Europe	Country	BGR	1	25.23763153	42.75731323	PERCENT	Percentage			G	Global		Indicator for the whole deposit-taking sector	http://data.imf.org/FSI		C: Country data									3.4871	15.08681	28.01676	36.92032	38.93702	36.21105	43.50624	49.84582	44.65878	36.56956		36.56956	2017
10	10.5	10.5.1	FI_FSI_FSKNL	Non-performing loans net of provisions to capital (%)	2019.Q2.G.01	104	Myanmar	035	South-Eastern Asia	Country	MMR	1	96.51752295	21.19332882																																
10	10.5	10.5.1	FI_FSI_FSKNL	Non-performing loans net of provisions to capital (%)	2019.Q2.G.01	108	Burundi	014	Eastern Africa	Country	BDI	1	29.89080992	-3.366387428	PERCENT	Percentage			G	Global		Indicator for the whole deposit-taking sector	http://data.imf.org/FSI		[2010-2016]: C: Country data // [2017]: NA: Data nature not available											4.33799	5.77194	7.06338	5.209	3.29912	14.44091	7.09261	6.54147		6.54147	2017
10	10.5	10.5.1	FI_FSI_FSKNL	Non-performing loans net of provisions to capital (%)	2019.Q2.G.01	112	Belarus	151	Eastern Europe	Country	BLR	1	28.04940161	53.54193075	PERCENT	Percentage			G	Global		Indicator for the whole deposit-taking sector	http://data.imf.org/FSI		C: Country data											12.39831	11.79255	17.64797	13.97699	14.5813	21.17564	38.87746	37.17203		37.17203	2017
10	10.5	10.5.1	FI_FSI_FSKNL	Non-performing loans net of provisions to capital (%)	2019.Q2.G.01	116	Cambodia	035	South-Eastern Asia	Country	KHM	1	104.922836	12.71163737	PERCENT	Percentage			G	Global		Indicator for the whole deposit-taking sector	http://data.imf.org/FSI		C: Country data											3.96417	3.45541	3.47623	3.91841	3.27604	3.44907	4.49256	4.62239		4.62239	2017
10	10.5	10.5.1	FI_FSI_FSKNL	Non-performing loans net of provisions to capital (%)	2019.Q2.G.01	120	Cameroon	017	Middle Africa	Country	CMR	1	12.7419827	5.692387031	PERCENT	Percentage			G	Global		Indicator for the whole deposit-taking sector	http://data.imf.org/FSI		C: Country data											15.28622	6.03951	5.89838	18.63721	10.27169	8.91697	12.11676	5.98049		5.98049	2017
10	10.5	10.5.1	FI_FSI_FSKNL	Non-performing loans net of provisions to capital (%)	2019.Q2.G.01	124	Canada	021	Northern America	Country	CAN	1	-101.6575058	57.72360191	PERCENT	Percentage			G	Global		Indicator for the whole deposit-taking sector	http://data.imf.org/FSI		C: Country data						3.62538	2.87988	3.71387	7.84456	11.23072	10.44275	6.63584	6.38543	6.1651	5.49877	5.30773	6.04593	4.71332		4.71332	2017
10	10.5	10.5.1	FI_FSI_FSKNL	Non-performing loans net of provisions to capital (%)	2019.Q2.G.01	132	Cabo Verde	011	Western Africa	Country	CPV	1	-23.63544151	15.07791834																																
10	10.5	10.5.1	FI_FSI_FSKNL	Non-performing loans net of provisions to capital (%)	2019.Q2.G.01	136	Cayman Islands	029	Caribbean	Country	CYM	0	-81.16740559	19.32266656																																
10	10.5	10.5.1	FI_FSI_FSKNL	Non-performing loans net of provisions to capital (%)	2019.Q2.G.01	140	Central African Republic	017	Middle Africa	Country	CAF	1	20.93559492	7.003720791	PERCENT	Percentage			G	Global		Indicator for the whole deposit-taking sector	http://data.imf.org/FSI		C: Country data											1.47253	3.29603	1.59651	49.96179	44.413	34.91644	18.74773	4.25961		4.25961	2017
10	10.5	10.5.1	FI_FSI_FSKNL	Non-performing loans net of provisions to capital (%)	2019.Q2.G.01	144	Sri Lanka	034	Southern Asia	Country	LKA	1	80.70489654	7.614693343	PERCENT	Percentage			G	Global		Indicator for the whole deposit-taking sector	http://data.imf.org/FSI		C: Country data												11.49014	11.91061	23.2464	14.29747	9.04174	6.19063	5.58669		5.58669	2017
10	10.5	10.5.1	FI_FSI_FSKNL	Non-performing loans net of provisions to capital (%)	2019.Q2.G.01	148	Chad	017	Middle Africa	Country	TCD	1	18.66618401	15.36279341	PERCENT	Percentage			G	Global		Indicator for the whole deposit-taking sector	http://data.imf.org/FSI		C: Country data											10.93237	3.71985	11.51386	15.56795	23.90287	40.25658	53.2423	63.58794		63.58794	2017
10	10.5	10.5.1	FI_FSI_FSKNL	Non-performing loans net of provisions to capital (%)	2019.Q2.G.01	152	Chile	005	South America	Country	CHL	1	-71.23029019	-35.2652885	PERCENT	Percentage			G	Global		Indicator for the whole deposit-taking sector	http://data.imf.org/FSI		C: Country data		-6.77919	-4.42442	-4.41133	-7.4222	-7.22943	-8.06709	-8.54138	-7.07022	4.73059	1.66425	0.19223	-0.60004	-1.5584	-2.10761	-3.26996	-5.24094	-4.55083		-4.55083	2017
10	10.5	10.5.1	FI_FSI_FSKNL	Non-performing loans net of provisions to capital (%)	2019.Q2.G.01	156	China	030	Eastern Asia	Country	CHN	1	104.1403375	32.30955217	PERCENT	Percentage			G	Global		Indicator for the whole deposit-taking sector	http://data.imf.org/FSI		C: Country data											-2.14474	-3.99733	-4.46101	-11.62003	-9.7945	-7.86843	-7.80893	-8.24812		-8.24812	2017
10	10.5	10.5.1	FI_FSI_FSKNL	Non-performing loans net of provisions to capital (%)	2019.Q2.G.01	162	Christmas Island	053	Australia and New Zealand	Country	CXR	0	105.6426067	-10.4882473																																
10	10.5	10.5.1	FI_FSI_FSKNL	Non-performing loans net of provisions to capital (%)	2019.Q2.G.01	166	Cocos (Keeling) Islands	053	Australia and New Zealand	Country	CCK	0	96.82633757	-12.18600682																																
10	10.5	10.5.1	FI_FSI_FSKNL	Non-performing loans net of provisions to capital (%)	2019.Q2.G.01	170	Colombia	005	South America	Country	COL	1	-73.07446751	3.888209046	PERCENT	Percentage			G	Global		Indicator for the whole deposit-taking sector	http://data.imf.org/FSI		C: Country data						-6.73908	-6.58293	-5.47829	-4.98064	-7.04438	-9.56622	-9.28936	-7.78383	-7.32262	-6.58898	-7.46237	-7.04253	-6.13249		-6.13249	2017
10	10.5	10.5.1	FI_FSI_FSKNL	Non-performing loans net of provisions to capital (%)	2019.Q2.G.01	174	Comoros	014	Eastern Africa	Country	COM	1	43.34234565	-11.66121732	PERCENT	Percentage			G	Global		Indicator for the whole deposit-taking sector	http://data.imf.org/FSI		[2010-2015]: C: Country data // [2016]: NA: Data nature not available											15.34685	17.92115	26.15666	26.99279	33.33203	36.00468	38.72698			38.72698	2016
10	10.5	10.5.1	FI_FSI_FSKNL	Non-performing loans net of provisions to capital (%)	2019.Q2.G.01	175	Mayotte	014	Eastern Africa	Country	MYT	0	45.14015057	-12.82217691																																
10	10.5	10.5.1	FI_FSI_FSKNL	Non-performing loans net of provisions to capital (%)	2019.Q2.G.01	178	Congo	011	Western Africa	Country	COG	1	15.22052612	-0.840544119	PERCENT	Percentage			G	Global		Indicator for the whole deposit-taking sector	http://data.imf.org/FSI		C: Country data											-0.2641	0.3461	0.99847	0.3076	4.70124	4.58662	7.936	33.04522		33.04522	2017
10	10.5	10.5.1	FI_FSI_FSKNL	Non-performing loans net of provisions to capital (%)	2019.Q2.G.01	180	Democratic Republic of the Congo	017	Middle Africa	Country	COD	1	23.65496507	-2.877154732																																
10	10.5	10.5.1	FI_FSI_FSKNL	Non-performing loans net of provisions to capital (%)	2019.Q2.G.01	184	Cook Islands	061	Polynesia	Country	COK	0	-159.7711391	-21.22696458																																
10	10.5	10.5.1	FI_FSI_FSKNL	Non-performing loans net of provisions to capital (%)	2019.Q2.G.01	188	Costa Rica	013	Central America	Country	CRI	1	-84.19712782	9.970998683	PERCENT	Percentage			G	Global		Indicator for the whole deposit-taking sector	http://data.imf.org/FSI		C: Country data									-2.10765	-0.03935	-0.2263	-0.21779	-0.376	0.24651	-0.92446	-1.99374	-4.09574	-5.1053		-5.1053	2017
10	10.5	10.5.1	FI_FSI_FSKNL	Non-performing loans net of provisions to capital (%)	2019.Q2.G.01	191	Croatia	039	Southern Europe	Country	HRV	1	17.95874553	45.45172212	PERCENT	Percentage			G	Global		Indicator for the whole deposit-taking sector	http://data.imf.org/FSI		C: Country data							13.91976	11.24906	12.78114	22.01287	34.52661	37.78976	39.24905	42.75964	41.09408	34.18068	19.37412	14.16261		14.16261	2017
10	10.5	10.5.1	FI_FSI_FSKNL	Non-performing loans net of provisions to capital (%)	2019.Q2.G.01	192	Cuba	029	Caribbean	Country	CUB	1	-79.54460144	22.10030366																																
10	10.5	10.5.1	FI_FSI_FSKNL	Non-performing loans net of provisions to capital (%)	2019.Q2.G.01	196	Cyprus	145	Western Asia	Country	CYP	1	33.22285964	35.05659437	PERCENT	Percentage			G	Global		Indicator for the whole deposit-taking sector	http://data.imf.org/FSI		C: Country data									16.11991	23.49061	37.97317	93.82188	186.63613	413.55529	276.50437	263.56125	210.71605	184.35538		184.35538	2017
10	10.5	10.5.1	FI_FSI_FSKNL	Non-performing loans net of provisions to capital (%)	2019.Q2.G.01	203	Czechia	151	Eastern Europe	Country	CZE	1	15.33151382	49.73913871	PERCENT	Percentage			G	Global		Indicator for the whole deposit-taking sector	http://data.imf.org/FSI		C: Country data								9.94442	12.85725	21.89986	25.62419	24.54414	23.57345	21.22997	22.9923	22.18567	17.66454	14.07538		14.07538	2017
10	10.5	10.5.1	FI_FSI_FSKNL	Non-performing loans net of provisions to capital (%)	2019.Q2.G.01	204	Benin	011	Western Africa	Country	BEN	1	2.339933594	9.65401646																																
10	10.5	10.5.1	FI_FSI_FSKNL	Non-performing loans net of provisions to capital (%)	2019.Q2.G.01	208	Denmark	154	Northern Europe	Country	DNK	1	9.326571283	56.03829721	PERCENT	Percentage			G	Global		Indicator for the whole deposit-taking sector	http://data.imf.org/FSI		C: Country data											23.67745	24.83193	32.07101	33.59053	32.75217	25.948	21.85511	14.95165		14.95165	2017
10	10.5	10.5.1	FI_FSI_FSKNL	Non-performing loans net of provisions to capital (%)	2019.Q2.G.01	212	Dominica	029	Caribbean	Country	DMA	1	-61.3493756	15.43391378	PERCENT	Percentage			G	Global		Indicator for the whole deposit-taking sector	http://data.imf.org/FSI		C: Country data																103.87606	93.72628	72.22925		72.22925	2017
10	10.5	10.5.1	FI_FSI_FSKNL	Non-performing loans net of provisions to capital (%)	2019.Q2.G.01	214	Dominican Republic	029	Caribbean	Country	DOM	1	-70.49847576	18.89832088	PERCENT	Percentage			G	Global		Indicator for the whole deposit-taking sector	http://data.imf.org/FSI		C: Country data									-5.18322	-1.78667	-4.94154	-3.46332	-0.64964	-5.66254	-8.83308	-6.62943	-6.42358	-6.25298		-6.25298	2017
10	10.5	10.5.1	FI_FSI_FSKNL	Non-performing loans net of provisions to capital (%)	2019.Q2.G.01	218	Ecuador	005	South America	Country	ECU	1	-78.37005241	-1.447785891	PERCENT	Percentage			G	Global		Indicator for the whole deposit-taking sector	http://data.imf.org/FSI		C: Country data			-3.22154	11.2984	10.9752	7.16324	1.78022	0.86587	-0.99684	-0.7383	-1.8923	-2.71003	-1.31004	-1.84348	-2.77274	-0.73925	1.98031	-1.86622		-1.86622	2017
10	10.5	10.5.1	FI_FSI_FSKNL	Non-performing loans net of provisions to capital (%)	2019.Q2.G.01	222	El Salvador	013	Central America	Country	SLV	1	-88.86862995	13.73603564	PERCENT	Percentage			G	Global		Indicator for the whole deposit-taking sector	http://data.imf.org/FSI		C: Country data						-2.99112	-1.83314	-2.37864	-1.57206	-1.83096	-1.44872	-1.36786	-1.83212	-2.48351	-2.28874	-1.93297	-2.01071	-2.19259		-2.19259	2017
10	10.5	10.5.1	FI_FSI_FSKNL	Non-performing loans net of provisions to capital (%)	2019.Q2.G.01	226	Equatorial Guinea	017	Middle Africa	Country	GNQ	1	10.46535826	1.565792376	PERCENT	Percentage			G	Global		Indicator for the whole deposit-taking sector	http://data.imf.org/FSI		C: Country data											-3.18382	-4.82822	-8.095	42.92325	40.47632	34.92715	69.26451	71.90716		71.90716	2017
10	10.5	10.5.1	FI_FSI_FSKNL	Non-performing loans net of provisions to capital (%)	2019.Q2.G.01	231	Ethiopia	014	Eastern Africa	Country	ETH	1	39.63505296	8.631223181																																
10	10.5	10.5.1	FI_FSI_FSKNL	Non-performing loans net of provisions to capital (%)	2019.Q2.G.01	232	Eritrea	014	Eastern Africa	Country	ERI	1	38.11074289	16.12894644																																
10	10.5	10.5.1	FI_FSI_FSKNL	Non-performing loans net of provisions to capital (%)	2019.Q2.G.01	233	Estonia	154	Northern Europe	Country	EST	1	25.84093481	58.68487172	PERCENT	Percentage			G	Global		Indicator for the whole deposit-taking sector	http://data.imf.org/FSI		C: Country data									16.52882	28.05232	25.63208	22.39403	14.54399	8.26323	6.98103	5.7472	4.61926	3.54483		3.54483	2017
10	10.5	10.5.1	FI_FSI_FSKNL	Non-performing loans net of provisions to capital (%)	2019.Q2.G.01	234	Faroe Islands	154	Northern Europe	Country	FRO	0	-7.122044325	62.21228119																																
10	10.5	10.5.1	FI_FSI_FSKNL	Non-performing loans net of provisions to capital (%)	2019.Q2.G.01	238	Falkland Islands (Malvinas)	005	South America	Country	FLK	0	-58.75246778	-51.74562601																																
10	10.5	10.5.1	FI_FSI_FSKNL	Non-performing loans net of provisions to capital (%)	2019.Q2.G.01	239	South Georgia and the South Sandwich Islands	005	South America	Country	SGS	0	-36.90662765	-54.20736749																																
10	10.5	10.5.1	FI_FSI_FSKNL	Non-performing loans net of provisions to capital (%)	2019.Q2.G.01	242	Fiji	054	Melanesia	Country	FJI	1	177.9660884	-17.83301566	PERCENT	Percentage			G	Global		Indicator for the whole deposit-taking sector	http://data.imf.org/FSI		C: Country data	45.56139	42.95254	38.78301	25.30108	23.91962	24.03713	16.19872	35.18589	14.66069	10.1711	14.68817	14.03298	17.21973	9.19503	6.32296	2.59156	7.00724	8.0306		8.0306	2017
10	10.5	10.5.1	FI_FSI_FSKNL	Non-performing loans net of provisions to capital (%)	2019.Q2.G.01	246	Finland	154	Northern Europe	Country	FIN	1	23.308447	61.91586738	PERCENT	Percentage			G	Global		Indicator for the whole deposit-taking sector	http://data.imf.org/FSI		C: Country data						1.64597	1.61606	2.09654	3.52745	5.41	5.07704	5.47557	5.71702	5.31714	11.21123	9.93847	9.50322	10.37166		10.37166	2017
10	10.5	10.5.1	FI_FSI_FSKNL	Non-performing loans net of provisions to capital (%)	2019.Q2.G.01	248	Åland Islands	154	Northern Europe	Country	ALA	0	19.80945969	60.1544901																																
10	10.5	10.5.1	FI_FSI_FSKNL	Non-performing loans net of provisions to capital (%)	2019.Q2.G.01	250	France	155	Western Europe	Country	FRA	1	2.457288129	46.62660861	PERCENT	Percentage			G	Global		Indicator for the whole deposit-taking sector	http://data.imf.org/FSI		C: Country data									10.28867	19.287	17.19273	20.75908	19.26408	19.79997	19.22542	18.05959	17.01775	14.97111		14.97111	2017
10	10.5	10.5.1	FI_FSI_FSKNL	Non-performing loans net of provisions to capital (%)	2019.Q2.G.01	254	French Guiana	005	South America	Country	GUF	0	-53.23619089	3.922673437																																
10	10.5	10.5.1	FI_FSI_FSKNL	Non-performing loans net of provisions to capital (%)	2019.Q2.G.01	258	French Polynesia	061	Polynesia	Country	PYF	0	-149.4052367	-17.67709294																																
10	10.5	10.5.1	FI_FSI_FSKNL	Non-performing loans net of provisions to capital (%)	2019.Q2.G.01	260	French Southern Territories	014	Eastern Africa	Country	ATF	0	69.64849091	-49.6068576																																
10	10.5	10.5.1	FI_FSI_FSKNL	Non-performing loans net of provisions to capital (%)	2019.Q2.G.01	262	Djibouti	014	Eastern Africa	Country	DJI	1	42.18274707	11.56004161	PERCENT	Percentage			G	Global		Indicator for the whole deposit-taking sector	http://data.imf.org/FSI		C: Country data													11.55314	83.4818	89.95223	86.70535	95.33697	68.75329	21.05111	21.05111	2018
10	10.5	10.5.1	FI_FSI_FSKNL	Non-performing loans net of provisions to capital (%)	2019.Q2.G.01	266	Gabon	017	Middle Africa	Country	GAB	1	11.78727747	-0.60687619	PERCENT	Percentage			G	Global		Indicator for the whole deposit-taking sector	http://data.imf.org/FSI		C: Country data											1.38186	-3.30503	-1.70738	-0.34642	0.19378	6.45379	8.9897	8.80354		8.80354	2017
10	10.5	10.5.1	FI_FSI_FSKNL	Non-performing loans net of provisions to capital (%)	2019.Q2.G.01	268	Georgia	145	Western Asia	Country	GEO	1	43.3713615	42.04813028	PERCENT	Percentage			G	Global		Indicator for the whole deposit-taking sector	http://data.imf.org/FSI		C: Country data				1.95653	1.12431	1.08349	0.64177	1.01	5.26738	6.08435	6.89654	4.90609	5.57501	4.58211	4.7409	5.55766	7.28611	6.3879	6.43263	6.43263	2018
10	10.5	10.5.1	FI_FSI_FSKNL	Non-performing loans net of provisions to capital (%)	2019.Q2.G.01	270	Gambia	011	Western Africa	Country	GMB	1	-15.39944785	13.45295927	PERCENT	Percentage			G	Global		Indicator for the whole deposit-taking sector	http://data.imf.org/FSI		C: Country data						11.09513	11.18985	8.16881	20.31051	21.9996	17.01084	13.79239	13.58477	8.19867	4.89604	2.53216				2.53216	2015
10	10.5	10.5.1	FI_FSI_FSKNL	Non-performing loans net of provisions to capital (%)	2019.Q2.G.01	275	State of Palestine	145	Western Asia	Country	PSE	0	35.25694122	31.94347933	PERCENT	Percentage			G	Global		Indicator for the whole deposit-taking sector	http://data.imf.org/FSI		C: Country data									6.38495	2.08834	2.85127	3.77382	4.86434	4.7451	3.96449	3.4126	3.63664	5.16037		5.16037	2017
10	10.5	10.5.1	FI_FSI_FSKNL	Non-performing loans net of provisions to capital (%)	2019.Q2.G.01	276	Germany	155	Western Europe	Country	DEU	1	10.3806066	51.08862743	PERCENT	Percentage			G	Global		Indicator for the whole deposit-taking sector	http://data.imf.org/FSI		C: Country data						34.97	28.66	21.58	25.33	36.85	34.22	31.63	27.41	24.98	21.28	17.36	14.68	11.89		11.89	2017
10	10.5	10.5.1	FI_FSI_FSKNL	Non-performing loans net of provisions to capital (%)	2019.Q2.G.01	288	Ghana	011	Western Africa	Country	GHA	1	-1.205623522	7.964825185	PERCENT	Percentage			G	Global		Indicator for the whole deposit-taking sector	http://data.imf.org/FSI		C: Country data									7.66156	19.87014	18.3473	10.37342	9.43547	8.33831	11.24003	14.70303	15.8091	14.87104		14.87104	2017
10	10.5	10.5.1	FI_FSI_FSKNL	Non-performing loans net of provisions to capital (%)	2019.Q2.G.01	292	Gibraltar	039	Southern Europe	Country	GIB	0	-5.347561686	36.13895036																																
10	10.5	10.5.1	FI_FSI_FSKNL	Non-performing loans net of provisions to capital (%)	2019.Q2.G.01	296	Kiribati	057	Micronesia	Country	KIR	1	-157.5643005	1.768837732																																
10	10.5	10.5.1	FI_FSI_FSKNL	Non-performing loans net of provisions to capital (%)	2019.Q2.G.01	300	Greece	039	Southern Europe	Country	GRC	1	22.58307827	39.47301873	PERCENT	Percentage			G	Global		Indicator for the whole deposit-taking sector	http://data.imf.org/FSI		C: Country data									22.62256	33.17915	41.9953		162.88823	138.92642	120.48313	80.76919	81.62331	172.38514		172.38514	2017
10	10.5	10.5.1	FI_FSI_FSKNL	Non-performing loans net of provisions to capital (%)	2019.Q2.G.01	304	Greenland	021	Northern America	Country	GRL	0	-41.39371316	74.75625681																																
10	10.5	10.5.1	FI_FSI_FSKNL	Non-performing loans net of provisions to capital (%)	2019.Q2.G.01	308	Grenada	029	Caribbean	Country	GRD	1	-61.68248568	12.11238395	PERCENT	Percentage			G	Global		Indicator for the whole deposit-taking sector	http://data.imf.org/FSI		C: Country data																67.99532	36.30281	17.4183		17.4183	2017
10	10.5	10.5.1	FI_FSI_FSKNL	Non-performing loans net of provisions to capital (%)	2019.Q2.G.01	312	Guadeloupe	029	Caribbean	Country	GLP	0	-61.64762115	16.14416917																																
10	10.5	10.5.1	FI_FSI_FSKNL	Non-performing loans net of provisions to capital (%)	2019.Q2.G.01	316	Guam	057	Micronesia	Country	GUM	0	144.7029305	13.35485404																																
10	10.5	10.5.1	FI_FSI_FSKNL	Non-performing loans net of provisions to capital (%)	2019.Q2.G.01	320	Guatemala	013	Central America	Country	GTM	1	-91.2312746	15.00273719	PERCENT	Percentage			G	Global		Indicator for the whole deposit-taking sector	http://data.imf.org/FSI		C: Country data										8.15983	4.44436	2.42774	2.13873	1.75311	2.22767	1.69599	5.22964	6.40737		6.40737	2017
10	10.5	10.5.1	FI_FSI_FSKNL	Non-performing loans net of provisions to capital (%)	2019.Q2.G.01	324	Guinea	011	Western Africa	Country	GIN	1	-11.28173419	11.00210343	PERCENT	Percentage			G	Global		Indicator for the whole deposit-taking sector	http://data.imf.org/FSI		C: Country data														8.17055	8.02161	6.81979	14.66389	11.30057	37.49711	37.49711	2018
10	10.5	10.5.1	FI_FSI_FSKNL	Non-performing loans net of provisions to capital (%)	2019.Q2.G.01	328	Guyana	005	South America	Country	GUY	1	-58.97322037	4.788012784																																
10	10.5	10.5.1	FI_FSI_FSKNL	Non-performing loans net of provisions to capital (%)	2019.Q2.G.01	332	Haiti	029	Caribbean	Country	HTI	1	-72.33640958	18.40426539																																
10	10.5	10.5.1	FI_FSI_FSKNL	Non-performing loans net of provisions to capital (%)	2019.Q2.G.01	334	Heard Island and McDonald Islands	053	Australia and New Zealand	Country	HMD	0	73.52633626	-53.09106147																																
10	10.5	10.5.1	FI_FSI_FSKNL	Non-performing loans net of provisions to capital (%)	2019.Q2.G.01	336	Holy See	039	Southern Europe	Country	VAT	0	12.45315803	41.90343751																																
10	10.5	10.5.1	FI_FSI_FSKNL	Non-performing loans net of provisions to capital (%)	2019.Q2.G.01	340	Honduras	013	Central America	Country	HND	1	-86.59974381	14.82243161	PERCENT	Percentage			G	Global		Indicator for the whole deposit-taking sector	http://data.imf.org/FSI		C: Country data							5.13118	2.08419	4.49837	4.19751	-4.20618	-6.38578	-4.71966	-5.31263	-5.19238	-5.0933	-3.58318	-5.81657		-5.81657	2017
10	10.5	10.5.1	FI_FSI_FSKNL	Non-performing loans net of provisions to capital (%)	2019.Q2.G.01	344	China, Hong Kong Special Administrative Region	030	Eastern Asia	Country	HKG	0	114.0266445	22.41749934	PERCENT	Percentage			G	Global		Indicator for the whole deposit-taking sector	http://data.imf.org/FSI		C: Country data									3.71	3.45	1.89	1.56	1.4	1.46	1.31	1.89	1.95945	1.64151		1.64151	2017
10	10.5	10.5.1	FI_FSI_FSKNL	Non-performing loans net of provisions to capital (%)	2019.Q2.G.01	348	Hungary	151	Eastern Europe	Country	HUN	1	19.41221519	47.1651448	PERCENT	Percentage			G	Global		Indicator for the whole deposit-taking sector	http://data.imf.org/FSI		C: Country data									16.56173	40.65098	49.71633	61.20742	55.43456	51.36063	33.84066	17.43619	9.41246	4.97571		4.97571	2017
10	10.5	10.5.1	FI_FSI_FSKNL	Non-performing loans net of provisions to capital (%)	2019.Q2.G.01	352	Iceland	154	Northern Europe	Country	ISL	1	-19.02116966	64.79134763	PERCENT	Percentage			G	Global		Indicator for the whole deposit-taking sector	http://data.imf.org/FSI		C: Country data																8.88866	6.67774	5.46318	6.56801	6.56801	2018
10	10.5	10.5.1	FI_FSI_FSKNL	Non-performing loans net of provisions to capital (%)	2019.Q2.G.01	356	India	034	Southern Asia	Country	IND	1	79.3608464	22.34642074	PERCENT	Percentage			G	Global		Indicator for the whole deposit-taking sector	http://data.imf.org/FSI		C: Country data									8.3598			12.48148	12.11713	16.70498	17.32193	24.00616	38.71041	41.62		41.62	2017
10	10.5	10.5.1	FI_FSI_FSKNL	Non-performing loans net of provisions to capital (%)	2019.Q2.G.01	360	Indonesia	035	South-Eastern Asia	Country	IDN	1	113.9174	-0.994582204	PERCENT	Percentage			G	Global		Indicator for the whole deposit-taking sector	http://data.imf.org/FSI		C: Country data						24.96046	15.35169	9.0256	8.32207	7.09207	6.0811	4.69825	4.67088	4.60987	5.47733	5.89369	5.65927	4.97771	4.37601	4.37601	2018
10	10.5	10.5.1	FI_FSI_FSKNL	Non-performing loans net of provisions to capital (%)	2019.Q2.G.01	364	Iran (Islamic Republic of)	034	Southern Asia	Country	IRN	1	54.19766348	32.74370885																																
10	10.5	10.5.1	FI_FSI_FSKNL	Non-performing loans net of provisions to capital (%)	2019.Q2.G.01	368	Iraq	145	Western Asia	Country	IRQ	1	43.76606267	33.05013795																																
10	10.5	10.5.1	FI_FSI_FSKNL	Non-performing loans net of provisions to capital (%)	2019.Q2.G.01	372	Ireland	154	Northern Europe	Country	IRL	1	-7.121425272	53.25274054	PERCENT	Percentage			G	Global		Indicator for the whole deposit-taking sector	http://data.imf.org/FSI		C: Country data						3.8762	4.96556	6.19233	19.89886	72.54784	80.82967	63.56356	81.76504	78.0784	56.01606	42.75286	40.20263	35.23115		35.23115	2017
10	10.5	10.5.1	FI_FSI_FSKNL	Non-performing loans net of provisions to capital (%)	2019.Q2.G.01	376	Israel	145	Western Asia	Country	ISR	1	34.62277992	31.06164552	PERCENT	Percentage			G	Global		Indicator for the whole deposit-taking sector	http://data.imf.org/FSI		C: Country data												12.33865	12.26685	8.94295	6.08044	3.35996	2.19105	0.75119		0.75119	2017
10	10.5	10.5.1	FI_FSI_FSKNL	Non-performing loans net of provisions to capital (%)	2019.Q2.G.01	380	Italy	039	Southern Europe	Country	ITA	1	12.57022427	42.79917282	PERCENT	Percentage			G	Global		Indicator for the whole deposit-taking sector	http://data.imf.org/FSI		C: Country data						36.92971	30.69772	23.46816	37.08854	54.8419	60.17266	64.57367	79.6723	89.87415	93.40646	89.00968	85.16705	57.99809		57.99809	2017
10	10.5	10.5.1	FI_FSI_FSKNL	Non-performing loans net of provisions to capital (%)	2019.Q2.G.01	384	Côte d'Ivoire	011	Western Africa	Country	CIV	1	-5.552690016	7.62211586																																
10	10.5	10.5.1	FI_FSI_FSKNL	Non-performing loans net of provisions to capital (%)	2019.Q2.G.01	388	Jamaica	029	Caribbean	Country	JAM	1	-77.31068409	18.15616857																																
10	10.5	10.5.1	FI_FSI_FSKNL	Non-performing loans net of provisions to capital (%)	2019.Q2.G.01	392	Japan	030	Eastern Asia	Country	JPN	1	139.2716103	36.6554539																																
10	10.5	10.5.1	FI_FSI_FSKNL	Non-performing loans net of provisions to capital (%)	2019.Q2.G.01	398	Kazakhstan	143	Central Asia	Country	KAZ	1	66.65359159	48.01963494	PERCENT	Percentage			G	Global		Indicator for the whole deposit-taking sector	http://data.imf.org/FSI		C: Country data									9.13209	93.27785	48.88413	54.46338	44.60696	39.44757	31.40938	16.78311	10.21214	4.51194		4.51194	2017
10	10.5	10.5.1	FI_FSI_FSKNL	Non-performing loans net of provisions to capital (%)	2019.Q2.G.01	400	Jordan	145	Western Asia	Country	JOR	1	37.13024774	30.65365973																																
10	10.5	10.5.1	FI_FSI_FSKNL	Non-performing loans net of provisions to capital (%)	2019.Q2.G.01	404	Kenya	014	Eastern Africa	Country	KEN	1	37.86096816	0.534797278	PERCENT	Percentage			G	Global		Indicator for the whole deposit-taking sector	http://data.imf.org/FSI		C: Country data									36.9197	31.27596	23.37574	16.46767	16.4785	16.84108	8.39203	10.62666	12.88716	18.81241		18.81241	2017
10	10.5	10.5.1	FI_FSI_FSKNL	Non-performing loans net of provisions to capital (%)	2019.Q2.G.01	408	Democratic People's Republic of Korea	030	Eastern Asia	Country	PRK	1	127.1803633	40.1462645																																
10	10.5	10.5.1	FI_FSI_FSKNL	Non-performing loans net of provisions to capital (%)	2019.Q2.G.01	410	Republic of Korea	030	Eastern Asia	Country	KOR	1	127.8610254	36.45201023	PERCENT	Percentage			G	Global		Indicator for the whole deposit-taking sector	http://data.imf.org/FSI		C: Country data									3.16607	3.08055	3.39135	2.64457	3.07008	3.56082	2.76232	2.12846	2.13353			2.13353	2016
10	10.5	10.5.1	FI_FSI_FSKNL	Non-performing loans net of provisions to capital (%)	2019.Q2.G.01	414	Kuwait	145	Western Asia	Country	KWT	1	47.49305029	29.53949468	PERCENT	Percentage			G	Global		Indicator for the whole deposit-taking sector	http://data.imf.org/FSI		C: Country data								9.63359	28.7796	41.47088	31.15113	26.28117	19.46559	12.64151	10.3774	8.67373	7.42718	6.40746		6.40746	2017
10	10.5	10.5.1	FI_FSI_FSKNL	Non-performing loans net of provisions to capital (%)	2019.Q2.G.01	417	Kyrgyzstan	143	Central Asia	Country	KGZ	1	74.52324839	41.46204516	PERCENT	Percentage			G	Global		Indicator for the whole deposit-taking sector	http://data.imf.org/FSI		C: Country data											9.40966	8.49356	5.96271	6.08304	6.06457	10.33517	11.3138	9.43673		9.43673	2017
10	10.5	10.5.1	FI_FSI_FSKNL	Non-performing loans net of provisions to capital (%)	2019.Q2.G.01	418	Lao People's Democratic Republic	035	South-Eastern Asia	Country	LAO	1	101.9901968	20.27482773																																
10	10.5	10.5.1	FI_FSI_FSKNL	Non-performing loans net of provisions to capital (%)	2019.Q2.G.01	422	Lebanon	145	Western Asia	Country	LBN	1	35.89391711	33.92152458	PERCENT	Percentage			G	Global		Indicator for the whole deposit-taking sector	http://data.imf.org/FSI		C: Country data												5.2422	5.15538	6.13385	6.32978	6.81326	8.742	11.60494		11.60494	2017
10	10.5	10.5.1	FI_FSI_FSKNL	Non-performing loans net of provisions to capital (%)	2019.Q2.G.01	426	Lesotho	018	Southern Africa	Country	LSO	1	28.25362195	-29.58041814	PERCENT	Percentage			G	Global		Indicator for the whole deposit-taking sector	http://data.imf.org/FSI		C: Country data										5.05389	5.84163	3.37714	3.9422	11.01206	5.51025	6.45673	5.75133	6.41196		6.41196	2017
10	10.5	10.5.1	FI_FSI_FSKNL	Non-performing loans net of provisions to capital (%)	2019.Q2.G.01	428	Latvia	154	Northern Europe	Country	LVA	1	26.42461876	56.64196636	PERCENT	Percentage			G	Global		Indicator for the whole deposit-taking sector	http://data.imf.org/FSI		C: Country data									12.29099	104.61869	98.80558	46.01428	20.92887	12.34267	7.94102	6.22722	26.50448	22.42614		22.42614	2017
10	10.5	10.5.1	FI_FSI_FSKNL	Non-performing loans net of provisions to capital (%)	2019.Q2.G.01	430	Liberia	011	Western Africa	Country	LBR	1	-9.311879038	6.448381009																																
10	10.5	10.5.1	FI_FSI_FSKNL	Non-performing loans net of provisions to capital (%)	2019.Q2.G.01	434	Libya	015	Northern Africa	Country	LBY	1	18.0295985	27.04042819																																
10	10.5	10.5.1	FI_FSI_FSKNL	Non-performing loans net of provisions to capital (%)	2019.Q2.G.01	438	Liechtenstein	155	Western Europe	Country	LIE	1	9.552985019	47.14167005																																
10	10.5	10.5.1	FI_FSI_FSKNL	Non-performing loans net of provisions to capital (%)	2019.Q2.G.01	440	Lithuania	154	Northern Europe	Country	LTU	1	23.90517807	55.33680309	PERCENT	Percentage			G	Global		Indicator for the whole deposit-taking sector	http://data.imf.org/FSI		C: Country data									44.04545	128.71971	99.38678	80.93776	62.53403	49.79073	34.48528	25.39131	24.74166	22.94927		22.94927	2017
10	10.5	10.5.1	FI_FSI_FSKNL	Non-performing loans net of provisions to capital (%)	2019.Q2.G.01	442	Luxembourg	155	Western Europe	Country	LUX	1	6.092656563	49.77679538	PERCENT	Percentage			G	Global		Indicator for the whole deposit-taking sector	http://data.imf.org/FSI		C: Country data										2.86317	2.47993	5.08297	1.16222	2.05884			5.34845	4.46597		4.46597	2017
10	10.5	10.5.1	FI_FSI_FSKNL	Non-performing loans net of provisions to capital (%)	2019.Q2.G.01	446	China, Macao Special Administrative Region	030	Eastern Asia	Country	MAC	0	113.5665388	22.1237259	PERCENT	Percentage			G	Global		Indicator for the whole deposit-taking sector	http://data.imf.org/FSI		C: Country data											0.32701	0.71072	0.34318	-0.27806	0.64132	0.2043	0.80921	1.19508	1.10907	1.10907	2018
10	10.5	10.5.1	FI_FSI_FSKNL	Non-performing loans net of provisions to capital (%)	2019.Q2.G.01	450	Madagascar	014	Eastern Africa	Country	MDG	1	46.6982339	-19.38514785	PERCENT	Percentage			G	Global		Indicator for the whole deposit-taking sector	http://data.imf.org/FSI		C: Country data						19.72392	17.09345	18.79186	18.2207	24.99792	25.3377	25.98097	22.03008	25.55038	20.93978	19.47723	16.50337	16.81746	15.84399	15.84399	2018
10	10.5	10.5.1	FI_FSI_FSKNL	Non-performing loans net of provisions to capital (%)	2019.Q2.G.01	454	Malawi	014	Eastern Africa	Country	MWI	1	33.4884625	-13.40819859	PERCENT	Percentage			G	Global		Indicator for the whole deposit-taking sector	http://data.imf.org/FSI		C: Country data																12.81148	20.22749	14.63405		14.63405	2017
10	10.5	10.5.1	FI_FSI_FSKNL	Non-performing loans net of provisions to capital (%)	2019.Q2.G.01	458	Malaysia	035	South-Eastern Asia	Country	MYS	1	116.8346314	5.452415309	PERCENT	Percentage			G	Global		Indicator for the whole deposit-taking sector	http://data.imf.org/FSI		C: Country data						48.54035	38.92259	27.04789	17.66521	11.79022	13.92883	11.56768	8.34367	8.05858	7.03797	6.78162	6.66667	6.22656		6.22656	2017
10	10.5	10.5.1	FI_FSI_FSKNL	Non-performing loans net of provisions to capital (%)	2019.Q2.G.01	462	Maldives	034	Southern Asia	Country	MDV	1	73.09672546	-0.614385021	PERCENT	Percentage			G	Global		Indicator for the whole deposit-taking sector	http://data.imf.org/FSI		C: Country data													16.47535	8.03207	11.06847	3.01271	2.35431	3.3214		3.3214	2017
10	10.5	10.5.1	FI_FSI_FSKNL	Non-performing loans net of provisions to capital (%)	2019.Q2.G.01	466	Mali	011	Western Africa	Country	MLI	1	-3.522016039	17.35311254																																
10	10.5	10.5.1	FI_FSI_FSKNL	Non-performing loans net of provisions to capital (%)	2019.Q2.G.01	470	Malta	039	Southern Europe	Country	MLT	1	14.44617519	35.89194275	PERCENT	Percentage			G	Global		Indicator for the whole deposit-taking sector	http://data.imf.org/FSI		C: Country data						32.66767	26.94897	25.03537	27.10654	28.6877	37.80666	36.75662	37.4361	39.01153	41.5888	39.62679	27.94968	20.746		20.746	2017
10	10.5	10.5.1	FI_FSI_FSKNL	Non-performing loans net of provisions to capital (%)	2019.Q2.G.01	474	Martinique	029	Caribbean	Country	MTQ	0	-60.91544135	14.56086108																																
10	10.5	10.5.1	FI_FSI_FSKNL	Non-performing loans net of provisions to capital (%)	2019.Q2.G.01	478	Mauritania	011	Western Africa	Country	MRT	1	-10.33187259	20.26089546																																
10	10.5	10.5.1	FI_FSI_FSKNL	Non-performing loans net of provisions to capital (%)	2019.Q2.G.01	480	Mauritius	014	Eastern Africa	Country	MUS	1	57.568022	-20.28581998	PERCENT	Percentage			G	Global		Indicator for the whole deposit-taking sector	http://data.imf.org/FSI		C: Country data										13.42025	9.08762	10.80759	12.41134	12.72462	16.44667	19.10699	18.66476	16.32527		16.32527	2017
10	10.5	10.5.1	FI_FSI_FSKNL	Non-performing loans net of provisions to capital (%)	2019.Q2.G.01	484	Mexico	013	Central America	Country	MEX	1	-102.5148166	23.93378032	PERCENT	Percentage			G	Global		Indicator for the whole deposit-taking sector	http://data.imf.org/FSI		C: Country data						-10.52329	-8.74919	-7.28622	-8.19049	-8.66182	-8.94613	-9.13923	-9.32802	-7.15296	-4.55947	-4.99745	-6.17657	-5.96164	-5.59528	-5.59528	2018
10	10.5	10.5.1	FI_FSI_FSKNL	Non-performing loans net of provisions to capital (%)	2019.Q2.G.01	492	Monaco	155	Western Europe	Country	MCO	1	7.424214814	43.73532918																																
10	10.5	10.5.1	FI_FSI_FSKNL	Non-performing loans net of provisions to capital (%)	2019.Q2.G.01	496	Mongolia	030	Eastern Asia	Country	MNG	1	103.0728057	46.83892054																																
10	10.5	10.5.1	FI_FSI_FSKNL	Non-performing loans net of provisions to capital (%)	2019.Q2.G.01	498	Republic of Moldova	151	Eastern Europe	Country	MDA	1	28.4650624	47.20236795	PERCENT	Percentage			G	Global		Indicator for the whole deposit-taking sector	http://data.imf.org/FSI		C: Country data										32.78777	29.17677	25.96444	22.71514	16.59667	12.95802		15.31121	14.52658		14.52658	2017
10	10.5	10.5.1	FI_FSI_FSKNL	Non-performing loans net of provisions to capital (%)	2019.Q2.G.01	499	Montenegro	039	Southern Europe	Country	MNE	1	19.25214024	42.78717043																																
10	10.5	10.5.1	FI_FSI_FSKNL	Non-performing loans net of provisions to capital (%)	2019.Q2.G.01	500	Montserrat	029	Caribbean	Country	MSR	0	-62.19261223	16.73558313	PERCENT	Percentage			G	Global		Indicator for the whole deposit-taking sector	http://data.imf.org/FSI		C: Country data																6.96478	1.41897	0.32787		0.32787	2017
10	10.5	10.5.1	FI_FSI_FSKNL	Non-performing loans net of provisions to capital (%)	2019.Q2.G.01	504	Morocco	015	Northern Africa	Country	MAR	1	-6.281942841	31.8440131																																
10	10.5	10.5.1	FI_FSI_FSKNL	Non-performing loans net of provisions to capital (%)	2019.Q2.G.01	508	Mozambique	014	Eastern Africa	Country	MOZ	1	38.18479941	-14.27963886																																
10	10.5	10.5.1	FI_FSI_FSKNL	Non-performing loans net of provisions to capital (%)	2019.Q2.G.01	512	Oman	145	Western Asia	Country	OMN	1	57.87743482	21.98805614																																
10	10.5	10.5.1	FI_FSI_FSKNL	Non-performing loans net of provisions to capital (%)	2019.Q2.G.01	516	Namibia	018	Southern Africa	Country	NAM	1	17.21907885	-22.13817068	PERCENT	Percentage			G	Global		Indicator for the whole deposit-taking sector	http://data.imf.org/FSI		C: Country data											9.72343	7.39626	7.31582	6.7747	6.48968	8.0782	8.56796	14.13951		14.13951	2017
10	10.5	10.5.1	FI_FSI_FSKNL	Non-performing loans net of provisions to capital (%)	2019.Q2.G.01	520	Nauru	057	Micronesia	Country	NRU	1	166.92313	-0.528742623																																
10	10.5	10.5.1	FI_FSI_FSKNL	Non-performing loans net of provisions to capital (%)	2019.Q2.G.01	524	Nepal	034	Southern Asia	Country	NPL	1	83.94678863	28.25866332	PERCENT	Percentage			G	Global		Indicator for the whole deposit-taking sector	http://data.imf.org/FSI		C: Country data																	3.62486	3.35547		3.35547	2017
10	10.5	10.5.1	FI_FSI_FSKNL	Non-performing loans net of provisions to capital (%)	2019.Q2.G.01	528	Netherlands	155	Western Europe	Country	NLD	1	5.331480568	51.86728884	PERCENT	Percentage			G	Global		Indicator for the whole deposit-taking sector	http://data.imf.org/FSI		C: Country data									35.01816	51.84101	47.28468	44.17813	46.73358	50.41069	39.97808	35.25031	32.58665	28.82073		28.82073	2017
10	10.5	10.5.1	FI_FSI_FSKNL	Non-performing loans net of provisions to capital (%)	2019.Q2.G.01	530	Netherlands Antilles	029	Caribbean	Country	ANT	0	-68.30676179	12.22720635																																
10	10.5	10.5.1	FI_FSI_FSKNL	Non-performing loans net of provisions to capital (%)	2019.Q2.G.01	531	Curaçao	029	Caribbean	Country	CUW	0	-68.95033464	12.15058042																																
10	10.5	10.5.1	FI_FSI_FSKNL	Non-performing loans net of provisions to capital (%)	2019.Q2.G.01	533	Aruba	029	Caribbean	Country	ABW	0	-69.97050586	12.50878756																																
10	10.5	10.5.1	FI_FSI_FSKNL	Non-performing loans net of provisions to capital (%)	2019.Q2.G.01	534	Sint Maarten (Dutch part)	029	Caribbean	Country	SXM	0	-63.06198692	18.03926508																																
10	10.5	10.5.1	FI_FSI_FSKNL	Non-performing loans net of provisions to capital (%)	2019.Q2.G.01	540	New Caledonia	054	Melanesia	Country	NCL	0	165.5067368	-21.41742531																																
10	10.5	10.5.1	FI_FSI_FSKNL	Non-performing loans net of provisions to capital (%)	2019.Q2.G.01	548	Vanuatu	054	Melanesia	Country	VUT	1	167.0679779	-15.34445547	PERCENT	Percentage			G	Global		Indicator for the whole deposit-taking sector	http://data.imf.org/FSI		[2010-2016]: C: Country data // [2017]: NA: Data nature not available											12.05475	17.27929	15.43795	45.18957	36.28492	47.7179	41.84248	57.3986		57.3986	2017
10	10.5	10.5.1	FI_FSI_FSKNL	Non-performing loans net of provisions to capital (%)	2019.Q2.G.01	554	New Zealand	053	Australia and New Zealand	Country	NZL	1	170.4755673	-43.98721568																																
10	10.5	10.5.1	FI_FSI_FSKNL	Non-performing loans net of provisions to capital (%)	2019.Q2.G.01	558	Nicaragua	013	Central America	Country	NIC	1	-85.03060315	12.84210839	PERCENT	Percentage			G	Global		Indicator for the whole deposit-taking sector	http://data.imf.org/FSI		C: Country data									-4.33911	-6.09939	-2.60664	-3.90548	-5.92751	-7.24599	-7.17822	-7.51054	-7.5584	-7.26951	-6.47576	-6.47576	2018
10	10.5	10.5.1	FI_FSI_FSKNL	Non-performing loans net of provisions to capital (%)	2019.Q2.G.01	562	Niger	011	Western Africa	Country	NER	1	9.400167877	17.42143036																																
10	10.5	10.5.1	FI_FSI_FSKNL	Non-performing loans net of provisions to capital (%)	2019.Q2.G.01	566	Nigeria	011	Western Africa	Country	NGA	1	8.097363256	9.585789025	PERCENT	Percentage			G	Global		Indicator for the whole deposit-taking sector	http://data.imf.org/FSI		C: Country data								8.86467	5.53182	158.17095	153.39539	7.09954	3.81189	5.88612	3.84166	5.53094	36.2278	23.89207		23.89207	2017
10	10.5	10.5.1	FI_FSI_FSKNL	Non-performing loans net of provisions to capital (%)	2019.Q2.G.01	570	Niue	061	Polynesia	Country	NIU	0	-169.8601693	-19.05000475																																
10	10.5	10.5.1	FI_FSI_FSKNL	Non-performing loans net of provisions to capital (%)	2019.Q2.G.01	574	Norfolk Island	053	Australia and New Zealand	Country	NFK	0	167.9515548	-29.03230018																																
10	10.5	10.5.1	FI_FSI_FSKNL	Non-performing loans net of provisions to capital (%)	2019.Q2.G.01	578	Norway	154	Northern Europe	Country	NOR	1	11.47846389	61.34311134	PERCENT	Percentage			G	Global		Indicator for the whole deposit-taking sector	http://data.imf.org/FSI		C: Country data									4.35689	9.62207	10.63137	12.17221	9.86859	8.0061	6.65855	5.41539	4.90358	5.1287		5.1287	2017
10	10.5	10.5.1	FI_FSI_FSKNL	Non-performing loans net of provisions to capital (%)	2019.Q2.G.01	580	Northern Mariana Islands	057	Micronesia	Country	MNP	0	145.7582114	15.19099517																																
10	10.5	10.5.1	FI_FSI_FSKNL	Non-performing loans net of provisions to capital (%)	2019.Q2.G.01	581	United States Minor Outlying Islands	057	Micronesia	Country	UMI	0	-162.4343752	5.874443968																																
10	10.5	10.5.1	FI_FSI_FSKNL	Non-performing loans net of provisions to capital (%)	2019.Q2.G.01	583	Micronesia (Federated States of)	057	Micronesia	Country	FSM	1	158.225216	6.880670092	PERCENT	Percentage			G	Global		Indicator for the whole deposit-taking sector	http://data.imf.org/FSI		C: Country data														0.70716	-0.46506	-1.53928				-1.53928	2015
10	10.5	10.5.1	FI_FSI_FSKNL	Non-performing loans net of provisions to capital (%)	2019.Q2.G.01	584	Marshall Islands	057	Micronesia	Country	MHL	1	171.0839119	7.110213497																																
10	10.5	10.5.1	FI_FSI_FSKNL	Non-performing loans net of provisions to capital (%)	2019.Q2.G.01	585	Palau	057	Micronesia	Country	PLW	1	134.5733878	7.502307591																																
10	10.5	10.5.1	FI_FSI_FSKNL	Non-performing loans net of provisions to capital (%)	2019.Q2.G.01	586	Pakistan	034	Southern Asia	Country	PAK	1	68.80479684	29.36491634	PERCENT	Percentage			G	Global		Indicator for the whole deposit-taking sector	http://data.imf.org/FSI		C: Country data						17.40478	11.84607	3.39024	13.56769	18.92178	26.14204	25.73241	19.41802	13.44679	10.10741	7.65457	7.29817	5.78969		5.78969	2017
10	10.5	10.5.1	FI_FSI_FSKNL	Non-performing loans net of provisions to capital (%)	2019.Q2.G.01	591	Panama	013	Central America	Country	PAN	1	-81.26616623	8.450965746	PERCENT	Percentage			G	Global		Indicator for the whole deposit-taking sector	http://data.imf.org/FSI		C: Country data						4.06741	4.19093	4.352	5.50744	7.8234	5.76051	3.97204	4.32469	3.76836	8.41802	8.85211	9.04689	10.72731		10.72731	2017
10	10.5	10.5.1	FI_FSI_FSKNL	Non-performing loans net of provisions to capital (%)	2019.Q2.G.01	598	Papua New Guinea	054	Melanesia	Country	PNG	1	145.8587761	-6.756057077	PERCENT	Percentage			G	Global		Indicator for the whole deposit-taking sector	http://data.imf.org/FSI		C: Country data									2.76914	3.40397	1.43677	2.94482	3.41868	2.52082	3.49259	5.40816	3.48501	3.89786		3.89786	2017
10	10.5	10.5.1	FI_FSI_FSKNL	Non-performing loans net of provisions to capital (%)	2019.Q2.G.01	600	Paraguay	005	South America	Country	PRY	1	-60.54854225	-21.70216237	PERCENT	Percentage			G	Global		Indicator for the whole deposit-taking sector	http://data.imf.org/FSI		C: Country data						5.8395	-0.69483	-1.89234	-2.23826	-1.36676	-0.57052	-0.02497	1.03184	0.93437	1.16858	3.65077	3.09488	2.5201	3.09698	3.09698	2018
10	10.5	10.5.1	FI_FSI_FSKNL	Non-performing loans net of provisions to capital (%)	2019.Q2.G.01	604	Peru	005	South America	Country	PER	1	-71.82093277	-13.58939705	PERCENT	Percentage			G	Global		Indicator for the whole deposit-taking sector	http://data.imf.org/FSI		C: Country data											-6.89549	-7.97889	-6.55906	-5.26	-3.07604	-3.48477	-2.49375	-1.19787		-1.19787	2017
10	10.5	10.5.1	FI_FSI_FSKNL	Non-performing loans net of provisions to capital (%)	2019.Q2.G.01	608	Philippines	035	South-Eastern Asia	Country	PHL	1	120.8601418	14.16591706	PERCENT	Percentage			G	Global		Indicator for the whole deposit-taking sector	http://data.imf.org/FSI		C: Country data										5.6899	4.31003	3.75849	2.37304	2.39323	2.88663	3.11986	3.02248	3.08621		3.08621	2017
10	10.5	10.5.1	FI_FSI_FSKNL	Non-performing loans net of provisions to capital (%)	2019.Q2.G.01	612	Pitcairn	061	Polynesia	Country	PCN	0	-128.3225873	-24.37538456																																
10	10.5	10.5.1	FI_FSI_FSKNL	Non-performing loans net of provisions to capital (%)	2019.Q2.G.01	616	Poland	151	Eastern Europe	Country	POL	1	19.40660158	52.1226733	PERCENT	Percentage			G	Global		Indicator for the whole deposit-taking sector	http://data.imf.org/FSI		C: Country data									8.34739	13.79907	11.49198	11.64316	12.90373	12.09862	12.07042	10.17259	9.20746	8.06692		8.06692	2017
10	10.5	10.5.1	FI_FSI_FSKNL	Non-performing loans net of provisions to capital (%)	2019.Q2.G.01	620	Portugal	039	Southern Europe	Country	PRT	1	-7.961599811	39.68509315	PERCENT	Percentage			G	Global		Indicator for the whole deposit-taking sector	http://data.imf.org/FSI		C: Country data								7.00763	10.42814	17.77376	21.74293	36.41517	38.59858	40.14314	40.16853	94.94434	95.89811	61.10517		61.10517	2017
10	10.5	10.5.1	FI_FSI_FSKNL	Non-performing loans net of provisions to capital (%)	2019.Q2.G.01	624	Guinea-Bissau	011	Western Africa	Country	GNB	1	-14.40182514	12.11760394																																
10	10.5	10.5.1	FI_FSI_FSKNL	Non-performing loans net of provisions to capital (%)	2019.Q2.G.01	626	Timor-Leste	035	South-Eastern Asia	Country	TLS	1	125.9451052	-8.797497247																																
10	10.5	10.5.1	FI_FSI_FSKNL	Non-performing loans net of provisions to capital (%)	2019.Q2.G.01	630	Puerto Rico	029	Caribbean	Country	PRI	0	-66.47591017	18.22753799																																
10	10.5	10.5.1	FI_FSI_FSKNL	Non-performing loans net of provisions to capital (%)	2019.Q2.G.01	634	Qatar	145	Western Asia	Country	QAT	1	51.19152467	25.28355379																																
10	10.5	10.5.1	FI_FSI_FSKNL	Non-performing loans net of provisions to capital (%)	2019.Q2.G.01	638	Réunion	014	Eastern Africa	Country	REU	0	55.53171398	-21.13183266																																
10	10.5	10.5.1	FI_FSI_FSKNL	Non-performing loans net of provisions to capital (%)	2019.Q2.G.01	642	Romania	151	Eastern Europe	Country	ROU	1	24.98481009	45.83893563	PERCENT	Percentage			G	Global		Indicator for the whole deposit-taking sector	http://data.imf.org/FSI		C: Country data								5.31739	10.7076	11.27262	15.70352	16.47564	14.41316	12.14449	26.24352	41.22563	28.94878	18.4382		18.4382	2017
10	10.5	10.5.1	FI_FSI_FSKNL	Non-performing loans net of provisions to capital (%)	2019.Q2.G.01	643	Russian Federation	151	Eastern Europe	Country	RUS	1	99.01404926	61.61899849	PERCENT	Percentage			G	Global		Indicator for the whole deposit-taking sector	http://data.imf.org/FSI		C: Country data									6.90311	12.14557	9.62642	9.50597	9.50416	10.08419	12.76599	20.28803	17.32575	17.25392		17.25392	2017
10	10.5	10.5.1	FI_FSI_FSKNL	Non-performing loans net of provisions to capital (%)	2019.Q2.G.01	646	Rwanda	014	Eastern Africa	Country	RWA	1	29.92310194	-1.999842114	PERCENT	Percentage			G	Global		Indicator for the whole deposit-taking sector	http://data.imf.org/FSI		[2008-2016]: C: Country data // [2017]: NA: Data nature not available									18.24153	17.6582	20.48351	13.50002	11.26412	14.273	10.86238	14.14996	18.35437	19.2266		19.2266	2017
10	10.5	10.5.1	FI_FSI_FSKNL	Non-performing loans net of provisions to capital (%)	2019.Q2.G.01	652	Saint Barthélemy	029	Caribbean	Country	BLM	0	-62.83173536	17.89513362																																
10	10.5	10.5.1	FI_FSI_FSKNL	Non-performing loans net of provisions to capital (%)	2019.Q2.G.01	654	Saint Helena	011	Western Africa	Country	SHN	0	-5.705752501	-15.96503946																																
10	10.5	10.5.1	FI_FSI_FSKNL	Non-performing loans net of provisions to capital (%)	2019.Q2.G.01	659	Saint Kitts and Nevis	029	Caribbean	Country	KNA	1	-62.76628613	17.33994219	PERCENT	Percentage			G	Global		Indicator for the whole deposit-taking sector	http://data.imf.org/FSI		C: Country data																34.0756	30.72684	45.09889		45.09889	2017
10	10.5	10.5.1	FI_FSI_FSKNL	Non-performing loans net of provisions to capital (%)	2019.Q2.G.01	660	Anguilla	029	Caribbean	Country	AIA	0	-63.05651612	18.21525315	PERCENT	Percentage			G	Global		Indicator for the whole deposit-taking sector	http://data.imf.org/FSI		C: Country data																	76.80556	756.38921		756.38921	2017
10	10.5	10.5.1	FI_FSI_FSKNL	Non-performing loans net of provisions to capital (%)	2019.Q2.G.01	662	Saint Lucia	029	Caribbean	Country	LCA	1	-60.96529553	13.89405601	PERCENT	Percentage			G	Global		Indicator for the whole deposit-taking sector	http://data.imf.org/FSI		C: Country data																196.92021	135.18574	78.52334		78.52334	2017
10	10.5	10.5.1	FI_FSI_FSKNL	Non-performing loans net of provisions to capital (%)	2019.Q2.G.01	663	Saint Martin (French Part)	029	Caribbean	Country	MAF	0	-63.04505461	18.0882685																																
10	10.5	10.5.1	FI_FSI_FSKNL	Non-performing loans net of provisions to capital (%)	2019.Q2.G.01	666	Saint Pierre and Miquelon	021	Northern America	Country	SPM	0	-56.33682442	46.85812735																																
10	10.5	10.5.1	FI_FSI_FSKNL	Non-performing loans net of provisions to capital (%)	2019.Q2.G.01	670	Saint Vincent and the Grenadines	029	Caribbean	Country	VCT	1	-61.19024321	13.24627968	PERCENT	Percentage			G	Global		Indicator for the whole deposit-taking sector	http://data.imf.org/FSI		C: Country data																42.47788	44.62356	38.15557		38.15557	2017
10	10.5	10.5.1	FI_FSI_FSKNL	Non-performing loans net of provisions to capital (%)	2019.Q2.G.01	674	San Marino	039	Southern Europe	Country	SMR	1	12.46329038	43.93841766	PERCENT	Percentage			G	Global		Indicator for the whole deposit-taking sector	http://data.imf.org/FSI		C: Country data										36.48666	72.5394	273.07951	166.09038	289.15296	335.77198	340.78201	361.9096	250.6203		250.6203	2017
10	10.5	10.5.1	FI_FSI_FSKNL	Non-performing loans net of provisions to capital (%)	2019.Q2.G.01	678	Sao Tome and Principe	017	Middle Africa	Country	STP	1	6.609772265	0.241554875																																
10	10.5	10.5.1	FI_FSI_FSKNL	Non-performing loans net of provisions to capital (%)	2019.Q2.G.01	682	Saudi Arabia	145	Western Asia	Country	SAU	1	44.54763347	24.12594211	PERCENT	Percentage			G	Global		Indicator for the whole deposit-taking sector	http://data.imf.org/FSI		C: Country data										1.37983	-2.65746	-2.99318	-3.66995	-3.41056	-4.13485	-3.72767	-4.65808	-3.35895		-3.35895	2017
10	10.5	10.5.1	FI_FSI_FSKNL	Non-performing loans net of provisions to capital (%)	2019.Q2.G.01	686	Senegal	011	Western Africa	Country	SEN	1	-14.46636926	14.35920905																																
10	10.5	10.5.1	FI_FSI_FSKNL	Non-performing loans net of provisions to capital (%)	2019.Q2.G.01	688	Serbia	039	Southern Europe	Country	SRB	1	20.805876	44.03145697																																
10	10.5	10.5.1	FI_FSI_FSKNL	Non-performing loans net of provisions to capital (%)	2019.Q2.G.01	690	Seychelles	014	Eastern Africa	Country	SYC	1	55.46561591	-4.678053059	PERCENT	Percentage			G	Global		Indicator for the whole deposit-taking sector	http://data.imf.org/FSI		[2006-2016]: C: Country data // [2017]: NA: Data nature not available							8.91282	1.07494	2.56595	6.46396	23.75701	16.76127	17.37008	14.822	14.72486	14.14183	12.99249	13.36564		13.36564	2017
10	10.5	10.5.1	FI_FSI_FSKNL	Non-performing loans net of provisions to capital (%)	2019.Q2.G.01	694	Sierra Leone	011	Western Africa	Country	SLE	1	-11.78306584	8.568604164																																
10	10.5	10.5.1	FI_FSI_FSKNL	Non-performing loans net of provisions to capital (%)	2019.Q2.G.01	702	Singapore	035	South-Eastern Asia	Country	SGP	1	103.8107883	1.361009155	PERCENT	Percentage			G	Global		Indicator for the whole deposit-taking sector	http://data.imf.org/FSI		C: Country data									7.16642	8.51709	6.01236	5.36928	4.85646	5.09328	4.47738	5.56201	6.91531	6.78291		6.78291	2017
10	10.5	10.5.1	FI_FSI_FSKNL	Non-performing loans net of provisions to capital (%)	2019.Q2.G.01	703	Slovakia	151	Eastern Europe	Country	SVK	1	19.48495604	48.70741446	PERCENT	Percentage			G	Global		Indicator for the whole deposit-taking sector	http://data.imf.org/FSI		C: Country data									6.69938	14.28954	16.68058	15.52609	13.255	13.14216	15.80784	13.89652	11.83498	9.13405		9.13405	2017
10	10.5	10.5.1	FI_FSI_FSKNL	Non-performing loans net of provisions to capital (%)	2019.Q2.G.01	704	Viet Nam	035	South-Eastern Asia	Country	VNM	1	105.802499	10.09643079	PERCENT	Percentage			G	Global		Indicator for the whole deposit-taking sector	http://data.imf.org/FSI		[2008-2016]: C: Country data // [2017]: NA: Data nature not available									7.92083	6.91377	7.29367	10.16743	14.775	12.83629	14.17035	11.02286	11.42282	10.6512		10.6512	2017
10	10.5	10.5.1	FI_FSI_FSKNL	Non-performing loans net of provisions to capital (%)	2019.Q2.G.01	705	Slovenia	039	Southern Europe	Country	SVN	1	14.82209486	46.11958061	PERCENT	Percentage			G	Global		Indicator for the whole deposit-taking sector	http://data.imf.org/FSI		C: Country data									30.21186	37.44656	50.48601	71.04774	85.81545	55.26837	36.70077	25.04534	10.77686	6.27155		6.27155	2017
10	10.5	10.5.1	FI_FSI_FSKNL	Non-performing loans net of provisions to capital (%)	2019.Q2.G.01	706	Somalia	014	Eastern Africa	Country	SOM	1	46.20367477	4.406485729																																
10	10.5	10.5.1	FI_FSI_FSKNL	Non-performing loans net of provisions to capital (%)	2019.Q2.G.01	710	South Africa	018	Southern Africa	Country	ZAF	1	24.67184355	-29.99957544	PERCENT	Percentage			G	Global		Indicator for the whole deposit-taking sector	http://data.imf.org/FSI		C: Country data									34.41724	47.59158	40.84388	31.02167	23.26924	19.13177	16.78782	17.16912	14.81055	13.61061		13.61061	2017
10	10.5	10.5.1	FI_FSI_FSKNL	Non-performing loans net of provisions to capital (%)	2019.Q2.G.01	716	Zimbabwe	014	Eastern Africa	Country	ZWE	1	29.86909584	-19.00075492																																
10	10.5	10.5.1	FI_FSI_FSKNL	Non-performing loans net of provisions to capital (%)	2019.Q2.G.01	724	Spain	039	Southern Europe	Country	ESP	1	-3.554078296	40.39211472	PERCENT	Percentage			G	Global		Indicator for the whole deposit-taking sector	http://data.imf.org/FSI		C: Country data						-11.27108	-11.79605	-9.55991	9.20505	17.74558	18.71125	30.13224	26.87839	39.64126	31.96804	22.6442	21.07215	17.88		17.88	2017
10	10.5	10.5.1	FI_FSI_FSKNL	Non-performing loans net of provisions to capital (%)	2019.Q2.G.01	728	South Sudan	014	Eastern Africa	Country	SSD	1	30.32618773	7.290839152																																
10	10.5	10.5.1	FI_FSI_FSKNL	Non-performing loans net of provisions to capital (%)	2019.Q2.G.01	729	Sudan	015	Northern Africa	Country	SDN	0	29.95650159	16.02643066																																
10	10.5	10.5.1	FI_FSI_FSKNL	Non-performing loans net of provisions to capital (%)	2019.Q2.G.01	732	Western Sahara	015	Northern Africa	Country	ESH	0	-13.13515523	24.66265342																																
10	10.5	10.5.1	FI_FSI_FSKNL	Non-performing loans net of provisions to capital (%)	2019.Q2.G.01	740	Suriname	005	South America	Country	SUR	1	-55.90626394	4.132603197																																
10	10.5	10.5.1	FI_FSI_FSKNL	Non-performing loans net of provisions to capital (%)	2019.Q2.G.01	744	Svalbard and Jan Mayen Islands	154	Northern Europe	Country	SJM	0	13.38071013	78.82894131																																
10	10.5	10.5.1	FI_FSI_FSKNL	Non-performing loans net of provisions to capital (%)	2019.Q2.G.01	748	Eswatini	018	Southern Africa	Country	SWZ	1	31.50149288	-26.56471011	PERCENT	Percentage			G	Global		Indicator for the whole deposit-taking sector	http://data.imf.org/FSI		C: Country data										2.40026	18.85213	5.89641	35.27605	20.92797	18.12925	19.64569	28.73302	21.64449	27.16789	27.16789	2018
10	10.5	10.5.1	FI_FSI_FSKNL	Non-performing loans net of provisions to capital (%)	2019.Q2.G.01	752	Sweden	154	Northern Europe	Country	SWE	1	14.3775338	60.60103109	PERCENT	Percentage			G	Global		Indicator for the whole deposit-taking sector	http://data.imf.org/FSI		C: Country data							1.54089	1.27579	8.05361	12.46156	11.1909	9.69412	9.35878	8.75988	7.43336	6.99712	8.70242	10.07614		10.07614	2017
10	10.5	10.5.1	FI_FSI_FSKNL	Non-performing loans net of provisions to capital (%)	2019.Q2.G.01	756	Switzerland	155	Western Europe	Country	CHE	1	8.223158	46.96617097	PERCENT	Percentage			G	Global		Indicator for the whole deposit-taking sector	http://data.imf.org/FSI		[2005-2016]: C: Country data // [2017]: NA: Data nature not available						9.2438	7.19837	6.27089	6.41606	6.97993	5.96115	5.42822	5.02503	4.47454	3.71257	3.77285	3.91478	3.0309		3.0309	2017
10	10.5	10.5.1	FI_FSI_FSKNL	Non-performing loans net of provisions to capital (%)	2019.Q2.G.01	760	Syrian Arab Republic	145	Western Asia	Country	SYR	1	38.50466565	35.01676176																																
10	10.5	10.5.1	FI_FSI_FSKNL	Non-performing loans net of provisions to capital (%)	2019.Q2.G.01	762	Tajikistan	143	Central Asia	Country	TJK	1	69.294998	38.43069666	PERCENT	Percentage			G	Global		Indicator for the whole deposit-taking sector	http://data.imf.org/FSI		C: Country data									5.84553	8.03165	5.29224	3.80239	5.72616	22.72992	38.56799					38.56799	2014
10	10.5	10.5.1	FI_FSI_FSKNL	Non-performing loans net of provisions to capital (%)	2019.Q2.G.01	764	Thailand	035	South-Eastern Asia	Country	THA	1	101.0202951	15.13089239	PERCENT	Percentage			G	Global		Indicator for the whole deposit-taking sector	http://data.imf.org/FSI		C: Country data							31.49266	29.09784	23.14676	19.50916	13.80034	10.58695	7.39008	7.69493	7.7849	7.97702	8.42625	9.07863		9.07863	2017
10	10.5	10.5.1	FI_FSI_FSKNL	Non-performing loans net of provisions to capital (%)	2019.Q2.G.01	768	Togo	011	Western Africa	Country	TGO	1	0.97835765	8.532096072																																
10	10.5	10.5.1	FI_FSI_FSKNL	Non-performing loans net of provisions to capital (%)	2019.Q2.G.01	772	Tokelau	061	Polynesia	Country	TKL	0	-171.8154473	-9.214545558																																
10	10.5	10.5.1	FI_FSI_FSKNL	Non-performing loans net of provisions to capital (%)	2019.Q2.G.01	776	Tonga	061	Polynesia	Country	TON	1	-175.1959991	-21.19511329	PERCENT	Percentage			G	Global		Indicator for the whole deposit-taking sector	http://data.imf.org/FSI		C: Country data										-64.70788	-51.61038	-33.49916	17.87199	11.4783	15.87396	11.58108	6.92588	6.91679	6.21716	6.21716	2018
10	10.5	10.5.1	FI_FSI_FSKNL	Non-performing loans net of provisions to capital (%)	2019.Q2.G.01	780	Trinidad and Tobago	029	Caribbean	Country	TTO	1	-61.29389504	10.41877263	PERCENT	Percentage			G	Global		Indicator for the whole deposit-taking sector	http://data.imf.org/FSI		C: Country data							2.34352	-0.30005	6.74656	9.23863	13.29515	14.49866	9.63178	7.79007	7.6771	6.66342	7.23609	6.8487		6.8487	2017
10	10.5	10.5.1	FI_FSI_FSKNL	Non-performing loans net of provisions to capital (%)	2019.Q2.G.01	784	United Arab Emirates	145	Western Asia	Country	ARE	1	53.98279159	23.43322219	PERCENT	Percentage			G	Global		Indicator for the whole deposit-taking sector	http://data.imf.org/FSI		C: Country data										7.62488	9.35545	9.65175	12.12349	9.81848	7.59295	5.76659	5.69724	6.98074	6.81077	6.81077	2018
10	10.5	10.5.1	FI_FSI_FSKNL	Non-performing loans net of provisions to capital (%)	2019.Q2.G.01	788	Tunisia	015	Northern Africa	Country	TUN	1	9.572737411	34.11439971																																
10	10.5	10.5.1	FI_FSI_FSKNL	Non-performing loans net of provisions to capital (%)	2019.Q2.G.01	792	Turkey	145	Western Asia	Country	TUR	1	35.42890329	38.9899684	PERCENT	Percentage			G	Global		Indicator for the whole deposit-taking sector	http://data.imf.org/FSI		C: Country data						1.80953	1.46627	1.76789	3.06178	3.11062	2.35537	2.477	2.95901	3.14601	3.5141	3.94464	3.78207	3.16365		3.16365	2017
10	10.5	10.5.1	FI_FSI_FSKNL	Non-performing loans net of provisions to capital (%)	2019.Q2.G.01	795	Turkmenistan	143	Central Asia	Country	TKM	1	58.9787665	40.0912346																																
10	10.5	10.5.1	FI_FSI_FSKNL	Non-performing loans net of provisions to capital (%)	2019.Q2.G.01	796	Turks and Caicos Islands	029	Caribbean	Country	TCA	0	-71.745121	21.80780585																																
10	10.5	10.5.1	FI_FSI_FSKNL	Non-performing loans net of provisions to capital (%)	2019.Q2.G.01	798	Tuvalu	061	Polynesia	Country	TUV	1	178.6679611	-7.460048071																																
10	10.5	10.5.1	FI_FSI_FSKNL	Non-performing loans net of provisions to capital (%)	2019.Q2.G.01	800	Uganda	014	Eastern Africa	Country	UGA	1	32.39100438	1.279557331	PERCENT	Percentage			G	Global		Indicator for the whole deposit-taking sector	http://data.imf.org/FSI		C: Country data						2.54478	6.07152	7.37998	1.6699	6.1991	2.75509	4.01024	7.76481	7.03416	10.61228	10.46772	15.0312	7.35292		7.35292	2017
10	10.5	10.5.1	FI_FSI_FSKNL	Non-performing loans net of provisions to capital (%)	2019.Q2.G.01	804	Ukraine	151	Eastern Europe	Country	UKR	1	31.40270802	49.00735945	PERCENT	Percentage			G	Global		Indicator for the whole deposit-taking sector	http://data.imf.org/FSI		C: Country data						325.98668	352.43571	313.82274	9.16364	31.96528	29.1688	25.75633	36.03368	30.65248	61.07229	129.02323	89.36572	70.18062	60.19973	60.19973	2018
10	10.5	10.5.1	FI_FSI_FSKNL	Non-performing loans net of provisions to capital (%)	2019.Q2.G.01	807	North Macedonia	039	Southern Europe	Country	MKD	1	21.7007909	41.60048068	PERCENT	Percentage			G	Global		Indicator for the whole deposit-taking sector	http://data.imf.org/FSI		C: Country data							0.72848	-4.96947	-6.17594	-0.607	-0.3136	-1.91824	-3.67607	-1.82741	-2.95188	-5.25811	-5.51587	-3.69774		-3.69774	2017
10	10.5	10.5.1	FI_FSI_FSKNL	Non-performing loans net of provisions to capital (%)	2019.Q2.G.01	818	Egypt	015	Northern Africa	Country	EGY	1	29.77468534	26.57438204																																
10	10.5	10.5.1	FI_FSI_FSKNL	Non-performing loans net of provisions to capital (%)	2019.Q2.G.01	826	United Kingdom of Great Britain and Northern Ireland	154	Northern Europe	Country	GBR	1	-2.23830539	53.27691757	PERCENT	Percentage			G	Global		Indicator for the whole deposit-taking sector	http://data.imf.org/FSI		C: Country data									8.64849	14.79758	16.86494	16.11341	13.87215	9.47706	5.37932	3.87963	3.44935	2.9431		2.9431	2017
10	10.5	10.5.1	FI_FSI_FSKNL	Non-performing loans net of provisions to capital (%)	2019.Q2.G.01	831	Guernsey	830	Channel Islands	Country	GGY	0	-2.200712402	49.71561166																																
10	10.5	10.5.1	FI_FSI_FSKNL	Non-performing loans net of provisions to capital (%)	2019.Q2.G.01	832	Jersey	830	Channel Islands	Country	JEY	0	-2.136773508	49.22353354																																
10	10.5	10.5.1	FI_FSI_FSKNL	Non-performing loans net of provisions to capital (%)	2019.Q2.G.01	833	Isle of Man	154	Northern Europe	Country	IMN	0	-4.538190305	54.22880901																																
10	10.5	10.5.1	FI_FSI_FSKNL	Non-performing loans net of provisions to capital (%)	2019.Q2.G.01	834	United Republic of Tanzania	014	Eastern Africa	Country	TZA	1	34.80521182	-6.265332606	PERCENT	Percentage			G	Global		Indicator for the whole deposit-taking sector	http://data.imf.org/FSI		C: Country data											17.35824	12.76417	19.30319	12.527	20.75096	29.87333	28.99126	28.58833		28.58833	2017
10	10.5	10.5.1	FI_FSI_FSKNL	Non-performing loans net of provisions to capital (%)	2019.Q2.G.01	840	United States of America	021	Northern America	Country	USA	1	-99.13830311	39.5277871	PERCENT	Percentage			G	Global		Indicator for the whole deposit-taking sector	http://data.imf.org/FSI		C: Country data										23.37607	20.00016	17.58847	15.65781	11.69562	8.8251	7.23028	6.61747	5.66767		5.66767	2017
10	10.5	10.5.1	FI_FSI_FSKNL	Non-performing loans net of provisions to capital (%)	2019.Q2.G.01	850	United States Virgin Islands	029	Caribbean	Country	VIR	0	-64.76960113	17.73297693																																
10	10.5	10.5.1	FI_FSI_FSKNL	Non-performing loans net of provisions to capital (%)	2019.Q2.G.01	854	Burkina Faso	011	Western Africa	Country	BFA	1	-1.742843829	12.27491081																																
10	10.5	10.5.1	FI_FSI_FSKNL	Non-performing loans net of provisions to capital (%)	2019.Q2.G.01	858	Uruguay	005	South America	Country	URY	1	-56.01387025	-32.8002838	PERCENT	Percentage			G	Global		Indicator for the whole deposit-taking sector	http://data.imf.org/FSI		[2008-2016]: C: Country data // [2017]: NA: Data nature not available									1.32675	10.67636	7.92807	5.22493	4.32168	4.24617	3.33821	3.93018	6.94745	5.68931		5.68931	2017
10	10.5	10.5.1	FI_FSI_FSKNL	Non-performing loans net of provisions to capital (%)	2019.Q2.G.01	860	Uzbekistan	143	Central Asia	Country	UZB	1	63.11944558	41.77560518	PERCENT	Percentage			G	Global		Indicator for the whole deposit-taking sector	http://data.imf.org/FSI		[2010-2016]: C: Country data // [2017-2018]: NA: Data nature not available											1.49217	1.24727	6.43782	6.73746	5.31147	4.19965	2.16926	2.94832	4.27444	4.27444	2018
10	10.5	10.5.1	FI_FSI_FSKNL	Non-performing loans net of provisions to capital (%)	2019.Q2.G.01	862	Venezuela (Bolivarian Republic of)	005	South America	Country	VEN	1	-66.15642084	7.121324748																																
10	10.5	10.5.1	FI_FSI_FSKNL	Non-performing loans net of provisions to capital (%)	2019.Q2.G.01	876	Wallis and Futuna Islands	061	Polynesia	Country	WLF	0	-176.2034788	-13.28471201																																
10	10.5	10.5.1	FI_FSI_FSKNL	Non-performing loans net of provisions to capital (%)	2019.Q2.G.01	882	Samoa	061	Polynesia	Country	WSM	1	-172.4430749	-13.61541469	PERCENT	Percentage			G	Global		Indicator for the whole deposit-taking sector	http://data.imf.org/FSI		C: Country data																	2.6868	8.87622		8.87622	2017
10	10.5	10.5.1	FI_FSI_FSKNL	Non-performing loans net of provisions to capital (%)	2019.Q2.G.01	887	Yemen	145	Western Asia	Country	YEM	1	45.22389143	15.22242099																																
10	10.5	10.5.1	FI_FSI_FSKNL	Non-performing loans net of provisions to capital (%)	2019.Q2.G.01	894	Zambia	014	Eastern Africa	Country	ZMB	1	27.850329	-14.59701056	PERCENT	Percentage			G	Global		Indicator for the whole deposit-taking sector	http://data.imf.org/FSI		C: Country data											11.21	10.21	8.6	3.51	4.25	7.15	7.57	11.98	4.29	4.29	2018
