goal	target	indicator	seriesCode	seriesDesc	release	geoAreaCode	geoAreaName	parentCode	parentName	type	ISO3	UN_Member	X	Y	unitsCode	unitsDesc	unitmultiplierCode	unitmultiplierDesc	reportingTypeCode	reportingTypeDesc	valueDetails	footnotes	sources	timeDetails	nature	value_2002	value_2003	value_2004	value_2005	value_2006	value_2007	value_2008	value_2009	value_2010	value_2011	value_2012	value_2013	value_2014	value_2015	value_2016	value_2017	value_latest_year	latest_year
15	15.b	15.b.1	DC_ODA_BDVDL	Total official development assistance for biodiversity, by donor countries (millions of constant 2017 United States dollars)	2019.Q2.G.01	004	Afghanistan	034	Southern Asia	Country	AFG	1	66.02688198	33.83160199																													
15	15.b	15.b.1	DC_ODA_BDVDL	Total official development assistance for biodiversity, by donor countries (millions of constant 2017 United States dollars)	2019.Q2.G.01	008	Albania	039	Southern Europe	Country	ALB	1	20.06660928	41.13897007																													
15	15.b	15.b.1	DC_ODA_BDVDL	Total official development assistance for biodiversity, by donor countries (millions of constant 2017 United States dollars)	2019.Q2.G.01	010	Antarctica	001	World	Country	ATA	0	21.47585697	-80.40897662																													
15	15.b	15.b.1	DC_ODA_BDVDL	Total official development assistance for biodiversity, by donor countries (millions of constant 2017 United States dollars)	2019.Q2.G.01	012	Algeria	015	Northern Africa	Country	DZA	1	2.678164227	28.15940032																													
15	15.b	15.b.1	DC_ODA_BDVDL	Total official development assistance for biodiversity, by donor countries (millions of constant 2017 United States dollars)	2019.Q2.G.01	016	American Samoa	061	Polynesia	Country	ASM	0	-170.7187269	-14.30587306																													
15	15.b	15.b.1	DC_ODA_BDVDL	Total official development assistance for biodiversity, by donor countries (millions of constant 2017 United States dollars)	2019.Q2.G.01	020	Andorra	039	Southern Europe	Country	AND	1	1.576257417	42.54548611																													
15	15.b	15.b.1	DC_ODA_BDVDL	Total official development assistance for biodiversity, by donor countries (millions of constant 2017 United States dollars)	2019.Q2.G.01	024	Angola	017	Middle Africa	Country	AGO	1	17.57817062	-12.33724746																													
15	15.b	15.b.1	DC_ODA_BDVDL	Total official development assistance for biodiversity, by donor countries (millions of constant 2017 United States dollars)	2019.Q2.G.01	028	Antigua and Barbuda	029	Caribbean	Country	ATG	1	-61.7999755	17.07761471																													
15	15.b	15.b.1	DC_ODA_BDVDL	Total official development assistance for biodiversity, by donor countries (millions of constant 2017 United States dollars)	2019.Q2.G.01	031	Azerbaijan	145	Western Asia	Country	AZE	1	50.01064725	40.39229544																													
15	15.b	15.b.1	DC_ODA_BDVDL	Total official development assistance for biodiversity, by donor countries (millions of constant 2017 United States dollars)	2019.Q2.G.01	032	Argentina	005	South America	Country	ARG	1	-65.14563274	-35.19446255																													
15	15.b	15.b.1	DC_ODA_BDVDL	Total official development assistance for biodiversity, by donor countries (millions of constant 2017 United States dollars)	2019.Q2.G.01	036	Australia	053	Australia and New Zealand	Country	AUS	1	134.3499412	-25.57717202	CON_USD	Constant USD			G	Global		CommitmentsBased on OECD, CRS databased, 2019Constant 2017 USD millionOther Official flows are not marked on biodiversity	The Organisation for Economic Co-operation and Development (OECD).		C: Country data	12.58932	0.59496	0.90207	16.33069	71.40773	69.50883	104.46956	177.78168	372.63305	294.87182	274.65485	245.14657	204.1826	233.87668	285.116	219.23556	219.23556	2017
15	15.b	15.b.1	DC_ODA_BDVDL	Total official development assistance for biodiversity, by donor countries (millions of constant 2017 United States dollars)	2019.Q2.G.01	040	Austria	155	Western Europe	Country	AUT	1	14.14172472	47.58704857	CON_USD	Constant USD			G	Global		CommitmentsBased on OECD, CRS databased, 2019Constant 2017 USD millionOther Official flows are not marked on biodiversity	The Organisation for Economic Co-operation and Development (OECD).		C: Country data	9.7043	4.45534	9.4424	14.80355	16.15706	12.42935	29.01156	28.08923	15.77477	16.37643	14.83891	43.26497	20.19285	17.88403	20.31073	22.24598	22.24598	2017
15	15.b	15.b.1	DC_ODA_BDVDL	Total official development assistance for biodiversity, by donor countries (millions of constant 2017 United States dollars)	2019.Q2.G.01	044	Bahamas	029	Caribbean	Country	BHS	1	-78.05111663	24.69546597																													
15	15.b	15.b.1	DC_ODA_BDVDL	Total official development assistance for biodiversity, by donor countries (millions of constant 2017 United States dollars)	2019.Q2.G.01	048	Bahrain	145	Western Asia	Country	BHR	1	50.5490754	26.04407747																													
15	15.b	15.b.1	DC_ODA_BDVDL	Total official development assistance for biodiversity, by donor countries (millions of constant 2017 United States dollars)	2019.Q2.G.01	050	Bangladesh	034	Southern Asia	Country	BGD	1	89.17660788	22.86961622																													
15	15.b	15.b.1	DC_ODA_BDVDL	Total official development assistance for biodiversity, by donor countries (millions of constant 2017 United States dollars)	2019.Q2.G.01	051	Armenia	145	Western Asia	Country	ARM	1	44.93839317	40.29499741																													
15	15.b	15.b.1	DC_ODA_BDVDL	Total official development assistance for biodiversity, by donor countries (millions of constant 2017 United States dollars)	2019.Q2.G.01	052	Barbados	029	Caribbean	Country	BRB	1	-59.5346489	13.13648273																													
15	15.b	15.b.1	DC_ODA_BDVDL	Total official development assistance for biodiversity, by donor countries (millions of constant 2017 United States dollars)	2019.Q2.G.01	056	Belgium	155	Western Europe	Country	BEL	1	4.660976456	50.64104975	CON_USD	Constant USD			G	Global		CommitmentsBased on OECD, CRS databased, 2019Constant 2017 USD millionOther Official flows are not marked on biodiversity	The Organisation for Economic Co-operation and Development (OECD).		C: Country data	5.59509	5.47672	18.44479	25.07215	28.0571	54.23942	106.03864	147.45332	137.11595	142.35831	81.59452	145.1174	167.8114	202.55361	135.56286	180.97692	180.97692	2017
15	15.b	15.b.1	DC_ODA_BDVDL	Total official development assistance for biodiversity, by donor countries (millions of constant 2017 United States dollars)	2019.Q2.G.01	060	Bermuda	021	Northern America	Country	BMU	0	-64.78155012	32.27881922																													
15	15.b	15.b.1	DC_ODA_BDVDL	Total official development assistance for biodiversity, by donor countries (millions of constant 2017 United States dollars)	2019.Q2.G.01	064	Bhutan	034	Southern Asia	Country	BTN	1	90.45098484	27.39598568																													
15	15.b	15.b.1	DC_ODA_BDVDL	Total official development assistance for biodiversity, by donor countries (millions of constant 2017 United States dollars)	2019.Q2.G.01	068	Bolivia (Plurinational State of)	005	South America	Country	BOL	1	-64.66224284	-16.71273412																													
15	15.b	15.b.1	DC_ODA_BDVDL	Total official development assistance for biodiversity, by donor countries (millions of constant 2017 United States dollars)	2019.Q2.G.01	070	Bosnia and Herzegovina	039	Southern Europe	Country	BIH	1	17.78584332	44.16845548																													
15	15.b	15.b.1	DC_ODA_BDVDL	Total official development assistance for biodiversity, by donor countries (millions of constant 2017 United States dollars)	2019.Q2.G.01	072	Botswana	018	Southern Africa	Country	BWA	1	23.81380223	-22.18810073																													
15	15.b	15.b.1	DC_ODA_BDVDL	Total official development assistance for biodiversity, by donor countries (millions of constant 2017 United States dollars)	2019.Q2.G.01	074	Bouvet Island	005	South America	Country	BVT	0	3.410732868	-54.43295905																													
15	15.b	15.b.1	DC_ODA_BDVDL	Total official development assistance for biodiversity, by donor countries (millions of constant 2017 United States dollars)	2019.Q2.G.01	076	Brazil	005	South America	Country	BRA	1	-53.08432878	-10.77668561																													
15	15.b	15.b.1	DC_ODA_BDVDL	Total official development assistance for biodiversity, by donor countries (millions of constant 2017 United States dollars)	2019.Q2.G.01	084	Belize	013	Central America	Country	BLZ	1	-88.70199554	17.19965901																													
15	15.b	15.b.1	DC_ODA_BDVDL	Total official development assistance for biodiversity, by donor countries (millions of constant 2017 United States dollars)	2019.Q2.G.01	086	British Indian Ocean Territory	014	Eastern Africa	Country	IOT	0	72.38715553	-7.299281071																													
15	15.b	15.b.1	DC_ODA_BDVDL	Total official development assistance for biodiversity, by donor countries (millions of constant 2017 United States dollars)	2019.Q2.G.01	090	Solomon Islands	054	Melanesia	Country	SLB	1	160.1584117	-9.622391719																													
15	15.b	15.b.1	DC_ODA_BDVDL	Total official development assistance for biodiversity, by donor countries (millions of constant 2017 United States dollars)	2019.Q2.G.01	092	British Virgin Islands	029	Caribbean	Country	VGB	0	-64.63294223	18.42256578																													
15	15.b	15.b.1	DC_ODA_BDVDL	Total official development assistance for biodiversity, by donor countries (millions of constant 2017 United States dollars)	2019.Q2.G.01	096	Brunei Darussalam	035	South-Eastern Asia	Country	BRN	1	114.6288563	4.49736984																													
15	15.b	15.b.1	DC_ODA_BDVDL	Total official development assistance for biodiversity, by donor countries (millions of constant 2017 United States dollars)	2019.Q2.G.01	100	Bulgaria	151	Eastern Europe	Country	BGR	1	25.23763153	42.75731323																													
15	15.b	15.b.1	DC_ODA_BDVDL	Total official development assistance for biodiversity, by donor countries (millions of constant 2017 United States dollars)	2019.Q2.G.01	104	Myanmar	035	South-Eastern Asia	Country	MMR	1	96.51752295	21.19332882																													
15	15.b	15.b.1	DC_ODA_BDVDL	Total official development assistance for biodiversity, by donor countries (millions of constant 2017 United States dollars)	2019.Q2.G.01	108	Burundi	014	Eastern Africa	Country	BDI	1	29.89080992	-3.366387428																													
15	15.b	15.b.1	DC_ODA_BDVDL	Total official development assistance for biodiversity, by donor countries (millions of constant 2017 United States dollars)	2019.Q2.G.01	112	Belarus	151	Eastern Europe	Country	BLR	1	28.04940161	53.54193075																													
15	15.b	15.b.1	DC_ODA_BDVDL	Total official development assistance for biodiversity, by donor countries (millions of constant 2017 United States dollars)	2019.Q2.G.01	116	Cambodia	035	South-Eastern Asia	Country	KHM	1	104.922836	12.71163737																													
15	15.b	15.b.1	DC_ODA_BDVDL	Total official development assistance for biodiversity, by donor countries (millions of constant 2017 United States dollars)	2019.Q2.G.01	120	Cameroon	017	Middle Africa	Country	CMR	1	12.7419827	5.692387031																													
15	15.b	15.b.1	DC_ODA_BDVDL	Total official development assistance for biodiversity, by donor countries (millions of constant 2017 United States dollars)	2019.Q2.G.01	124	Canada	021	Northern America	Country	CAN	1	-101.6575058	57.72360191	CON_USD	Constant USD			G	Global		CommitmentsBased on OECD, CRS databased, 2019Constant 2017 USD millionOther Official flows are not marked on biodiversity	The Organisation for Economic Co-operation and Development (OECD).		C: Country data	73.78941	98.23087	235.05754	5.92635	81.61647	57.24031	28.11063	118.36291	42.27424	67.99406	261.46325	45.83132	37.50591	60.10277	22.93436	4.73165	4.73165	2017
15	15.b	15.b.1	DC_ODA_BDVDL	Total official development assistance for biodiversity, by donor countries (millions of constant 2017 United States dollars)	2019.Q2.G.01	132	Cabo Verde	011	Western Africa	Country	CPV	1	-23.63544151	15.07791834																													
15	15.b	15.b.1	DC_ODA_BDVDL	Total official development assistance for biodiversity, by donor countries (millions of constant 2017 United States dollars)	2019.Q2.G.01	136	Cayman Islands	029	Caribbean	Country	CYM	0	-81.16740559	19.32266656																													
15	15.b	15.b.1	DC_ODA_BDVDL	Total official development assistance for biodiversity, by donor countries (millions of constant 2017 United States dollars)	2019.Q2.G.01	140	Central African Republic	017	Middle Africa	Country	CAF	1	20.93559492	7.003720791																													
15	15.b	15.b.1	DC_ODA_BDVDL	Total official development assistance for biodiversity, by donor countries (millions of constant 2017 United States dollars)	2019.Q2.G.01	144	Sri Lanka	034	Southern Asia	Country	LKA	1	80.70489654	7.614693343																													
15	15.b	15.b.1	DC_ODA_BDVDL	Total official development assistance for biodiversity, by donor countries (millions of constant 2017 United States dollars)	2019.Q2.G.01	148	Chad	017	Middle Africa	Country	TCD	1	18.66618401	15.36279341																													
15	15.b	15.b.1	DC_ODA_BDVDL	Total official development assistance for biodiversity, by donor countries (millions of constant 2017 United States dollars)	2019.Q2.G.01	152	Chile	005	South America	Country	CHL	1	-71.23029019	-35.2652885																													
15	15.b	15.b.1	DC_ODA_BDVDL	Total official development assistance for biodiversity, by donor countries (millions of constant 2017 United States dollars)	2019.Q2.G.01	156	China	030	Eastern Asia	Country	CHN	1	104.1403375	32.30955217																													
15	15.b	15.b.1	DC_ODA_BDVDL	Total official development assistance for biodiversity, by donor countries (millions of constant 2017 United States dollars)	2019.Q2.G.01	162	Christmas Island	053	Australia and New Zealand	Country	CXR	0	105.6426067	-10.4882473																													
15	15.b	15.b.1	DC_ODA_BDVDL	Total official development assistance for biodiversity, by donor countries (millions of constant 2017 United States dollars)	2019.Q2.G.01	166	Cocos (Keeling) Islands	053	Australia and New Zealand	Country	CCK	0	96.82633757	-12.18600682																													
15	15.b	15.b.1	DC_ODA_BDVDL	Total official development assistance for biodiversity, by donor countries (millions of constant 2017 United States dollars)	2019.Q2.G.01	170	Colombia	005	South America	Country	COL	1	-73.07446751	3.888209046																													
15	15.b	15.b.1	DC_ODA_BDVDL	Total official development assistance for biodiversity, by donor countries (millions of constant 2017 United States dollars)	2019.Q2.G.01	174	Comoros	014	Eastern Africa	Country	COM	1	43.34234565	-11.66121732																													
15	15.b	15.b.1	DC_ODA_BDVDL	Total official development assistance for biodiversity, by donor countries (millions of constant 2017 United States dollars)	2019.Q2.G.01	175	Mayotte	014	Eastern Africa	Country	MYT	0	45.14015057	-12.82217691																													
15	15.b	15.b.1	DC_ODA_BDVDL	Total official development assistance for biodiversity, by donor countries (millions of constant 2017 United States dollars)	2019.Q2.G.01	178	Congo	011	Western Africa	Country	COG	1	15.22052612	-0.840544119																													
15	15.b	15.b.1	DC_ODA_BDVDL	Total official development assistance for biodiversity, by donor countries (millions of constant 2017 United States dollars)	2019.Q2.G.01	180	Democratic Republic of the Congo	017	Middle Africa	Country	COD	1	23.65496507	-2.877154732																													
15	15.b	15.b.1	DC_ODA_BDVDL	Total official development assistance for biodiversity, by donor countries (millions of constant 2017 United States dollars)	2019.Q2.G.01	184	Cook Islands	061	Polynesia	Country	COK	0	-159.7711391	-21.22696458																													
15	15.b	15.b.1	DC_ODA_BDVDL	Total official development assistance for biodiversity, by donor countries (millions of constant 2017 United States dollars)	2019.Q2.G.01	188	Costa Rica	013	Central America	Country	CRI	1	-84.19712782	9.970998683																													
15	15.b	15.b.1	DC_ODA_BDVDL	Total official development assistance for biodiversity, by donor countries (millions of constant 2017 United States dollars)	2019.Q2.G.01	191	Croatia	039	Southern Europe	Country	HRV	1	17.95874553	45.45172212																													
15	15.b	15.b.1	DC_ODA_BDVDL	Total official development assistance for biodiversity, by donor countries (millions of constant 2017 United States dollars)	2019.Q2.G.01	192	Cuba	029	Caribbean	Country	CUB	1	-79.54460144	22.10030366																													
15	15.b	15.b.1	DC_ODA_BDVDL	Total official development assistance for biodiversity, by donor countries (millions of constant 2017 United States dollars)	2019.Q2.G.01	196	Cyprus	145	Western Asia	Country	CYP	1	33.22285964	35.05659437																													
15	15.b	15.b.1	DC_ODA_BDVDL	Total official development assistance for biodiversity, by donor countries (millions of constant 2017 United States dollars)	2019.Q2.G.01	203	Czechia	151	Eastern Europe	Country	CZE	1	15.33151382	49.73913871	CON_USD	Constant USD			G	Global		CommitmentsBased on OECD, CRS databased, 2019Constant 2017 USD millionOther Official flows are not marked on biodiversity	The Organisation for Economic Co-operation and Development (OECD).		C: Country data										0.30867	4.68997	3.49141	4.00763	3.19557	3.83946	3.12348	3.12348	2017
15	15.b	15.b.1	DC_ODA_BDVDL	Total official development assistance for biodiversity, by donor countries (millions of constant 2017 United States dollars)	2019.Q2.G.01	204	Benin	011	Western Africa	Country	BEN	1	2.339933594	9.65401646																													
15	15.b	15.b.1	DC_ODA_BDVDL	Total official development assistance for biodiversity, by donor countries (millions of constant 2017 United States dollars)	2019.Q2.G.01	208	Denmark	154	Northern Europe	Country	DNK	1	9.326571283	56.03829721	CON_USD	Constant USD			G	Global		CommitmentsBased on OECD, CRS databased, 2019Constant 2017 USD millionOther Official flows are not marked on biodiversity	The Organisation for Economic Co-operation and Development (OECD).		C: Country data	96.21162	89.53878	157.76543	172.40648	150.11138	98.69517	112.18567	105.51732	229.02553	142.0827	110.66071	219.21637	316.97099	156.19292	38.66974	52.72157	52.72157	2017
15	15.b	15.b.1	DC_ODA_BDVDL	Total official development assistance for biodiversity, by donor countries (millions of constant 2017 United States dollars)	2019.Q2.G.01	212	Dominica	029	Caribbean	Country	DMA	1	-61.3493756	15.43391378																													
15	15.b	15.b.1	DC_ODA_BDVDL	Total official development assistance for biodiversity, by donor countries (millions of constant 2017 United States dollars)	2019.Q2.G.01	214	Dominican Republic	029	Caribbean	Country	DOM	1	-70.49847576	18.89832088																													
15	15.b	15.b.1	DC_ODA_BDVDL	Total official development assistance for biodiversity, by donor countries (millions of constant 2017 United States dollars)	2019.Q2.G.01	218	Ecuador	005	South America	Country	ECU	1	-78.37005241	-1.447785891																													
15	15.b	15.b.1	DC_ODA_BDVDL	Total official development assistance for biodiversity, by donor countries (millions of constant 2017 United States dollars)	2019.Q2.G.01	222	El Salvador	013	Central America	Country	SLV	1	-88.86862995	13.73603564																													
15	15.b	15.b.1	DC_ODA_BDVDL	Total official development assistance for biodiversity, by donor countries (millions of constant 2017 United States dollars)	2019.Q2.G.01	226	Equatorial Guinea	017	Middle Africa	Country	GNQ	1	10.46535826	1.565792376																													
15	15.b	15.b.1	DC_ODA_BDVDL	Total official development assistance for biodiversity, by donor countries (millions of constant 2017 United States dollars)	2019.Q2.G.01	231	Ethiopia	014	Eastern Africa	Country	ETH	1	39.63505296	8.631223181																													
15	15.b	15.b.1	DC_ODA_BDVDL	Total official development assistance for biodiversity, by donor countries (millions of constant 2017 United States dollars)	2019.Q2.G.01	232	Eritrea	014	Eastern Africa	Country	ERI	1	38.11074289	16.12894644																													
15	15.b	15.b.1	DC_ODA_BDVDL	Total official development assistance for biodiversity, by donor countries (millions of constant 2017 United States dollars)	2019.Q2.G.01	233	Estonia	154	Northern Europe	Country	EST	1	25.84093481	58.68487172																													
15	15.b	15.b.1	DC_ODA_BDVDL	Total official development assistance for biodiversity, by donor countries (millions of constant 2017 United States dollars)	2019.Q2.G.01	234	Faroe Islands	154	Northern Europe	Country	FRO	0	-7.122044325	62.21228119																													
15	15.b	15.b.1	DC_ODA_BDVDL	Total official development assistance for biodiversity, by donor countries (millions of constant 2017 United States dollars)	2019.Q2.G.01	238	Falkland Islands (Malvinas)	005	South America	Country	FLK	0	-58.75246778	-51.74562601																													
15	15.b	15.b.1	DC_ODA_BDVDL	Total official development assistance for biodiversity, by donor countries (millions of constant 2017 United States dollars)	2019.Q2.G.01	239	South Georgia and the South Sandwich Islands	005	South America	Country	SGS	0	-36.90662765	-54.20736749																													
15	15.b	15.b.1	DC_ODA_BDVDL	Total official development assistance for biodiversity, by donor countries (millions of constant 2017 United States dollars)	2019.Q2.G.01	242	Fiji	054	Melanesia	Country	FJI	1	177.9660884	-17.83301566																													
15	15.b	15.b.1	DC_ODA_BDVDL	Total official development assistance for biodiversity, by donor countries (millions of constant 2017 United States dollars)	2019.Q2.G.01	246	Finland	154	Northern Europe	Country	FIN	1	23.308447	61.91586738	CON_USD	Constant USD			G	Global		CommitmentsBased on OECD, CRS databased, 2019Constant 2017 USD millionOther Official flows are not marked on biodiversity	The Organisation for Economic Co-operation and Development (OECD).		C: Country data	13.51846	4.27223	17.79377	3.14177	3.48893	49.36903	116.05125	103.45052	103.60771	174.14085	40.85549	17.42497	12.60816	19.87588	6.13346	3.32482	3.32482	2017
15	15.b	15.b.1	DC_ODA_BDVDL	Total official development assistance for biodiversity, by donor countries (millions of constant 2017 United States dollars)	2019.Q2.G.01	248	Åland Islands	154	Northern Europe	Country	ALA	0	19.80945969	60.1544901																													
15	15.b	15.b.1	DC_ODA_BDVDL	Total official development assistance for biodiversity, by donor countries (millions of constant 2017 United States dollars)	2019.Q2.G.01	250	France	155	Western Europe	Country	FRA	1	2.457288129	46.62660861	CON_USD	Constant USD			G	Global		CommitmentsBased on OECD, CRS databased, 2019Constant 2017 USD millionOther Official flows are not marked on biodiversity	The Organisation for Economic Co-operation and Development (OECD).		C: Country data	104.89828	63.48652	110.28351	67.69273	113.33992	152.03319	185.2835	212.2479	404.02534	278.46945	469.7005	218.18181	615.07657	1581.09929	1893.90785	2349.68651	2349.68651	2017
15	15.b	15.b.1	DC_ODA_BDVDL	Total official development assistance for biodiversity, by donor countries (millions of constant 2017 United States dollars)	2019.Q2.G.01	254	French Guiana	005	South America	Country	GUF	0	-53.23619089	3.922673437																													
15	15.b	15.b.1	DC_ODA_BDVDL	Total official development assistance for biodiversity, by donor countries (millions of constant 2017 United States dollars)	2019.Q2.G.01	258	French Polynesia	061	Polynesia	Country	PYF	0	-149.4052367	-17.67709294																													
15	15.b	15.b.1	DC_ODA_BDVDL	Total official development assistance for biodiversity, by donor countries (millions of constant 2017 United States dollars)	2019.Q2.G.01	260	French Southern Territories	014	Eastern Africa	Country	ATF	0	69.64849091	-49.6068576																													
15	15.b	15.b.1	DC_ODA_BDVDL	Total official development assistance for biodiversity, by donor countries (millions of constant 2017 United States dollars)	2019.Q2.G.01	262	Djibouti	014	Eastern Africa	Country	DJI	1	42.18274707	11.56004161																													
15	15.b	15.b.1	DC_ODA_BDVDL	Total official development assistance for biodiversity, by donor countries (millions of constant 2017 United States dollars)	2019.Q2.G.01	266	Gabon	017	Middle Africa	Country	GAB	1	11.78727747	-0.60687619																													
15	15.b	15.b.1	DC_ODA_BDVDL	Total official development assistance for biodiversity, by donor countries (millions of constant 2017 United States dollars)	2019.Q2.G.01	268	Georgia	145	Western Asia	Country	GEO	1	43.3713615	42.04813028																													
15	15.b	15.b.1	DC_ODA_BDVDL	Total official development assistance for biodiversity, by donor countries (millions of constant 2017 United States dollars)	2019.Q2.G.01	270	Gambia	011	Western Africa	Country	GMB	1	-15.39944785	13.45295927																													
15	15.b	15.b.1	DC_ODA_BDVDL	Total official development assistance for biodiversity, by donor countries (millions of constant 2017 United States dollars)	2019.Q2.G.01	275	State of Palestine	145	Western Asia	Country	PSE	0	35.25694122	31.94347933																													
15	15.b	15.b.1	DC_ODA_BDVDL	Total official development assistance for biodiversity, by donor countries (millions of constant 2017 United States dollars)	2019.Q2.G.01	276	Germany	155	Western Europe	Country	DEU	1	10.3806066	51.08862743	CON_USD	Constant USD			G	Global		CommitmentsBased on OECD, CRS databased, 2019Constant 2017 USD millionOther Official flows are not marked on biodiversity	The Organisation for Economic Co-operation and Development (OECD).		C: Country data	229.91607	189.63961	260.56192	297.52175	288.66055	231.12471	254.93217	341.15718	555.47003	1093.5066	927.2106	889.7133	1092.0474	1218.57309	1144.5754	1806.0593	1806.0593	2017
15	15.b	15.b.1	DC_ODA_BDVDL	Total official development assistance for biodiversity, by donor countries (millions of constant 2017 United States dollars)	2019.Q2.G.01	288	Ghana	011	Western Africa	Country	GHA	1	-1.205623522	7.964825185																													
15	15.b	15.b.1	DC_ODA_BDVDL	Total official development assistance for biodiversity, by donor countries (millions of constant 2017 United States dollars)	2019.Q2.G.01	292	Gibraltar	039	Southern Europe	Country	GIB	0	-5.347561686	36.13895036																													
15	15.b	15.b.1	DC_ODA_BDVDL	Total official development assistance for biodiversity, by donor countries (millions of constant 2017 United States dollars)	2019.Q2.G.01	296	Kiribati	057	Micronesia	Country	KIR	1	-157.5643005	1.768837732																													
15	15.b	15.b.1	DC_ODA_BDVDL	Total official development assistance for biodiversity, by donor countries (millions of constant 2017 United States dollars)	2019.Q2.G.01	300	Greece	039	Southern Europe	Country	GRC	1	22.58307827	39.47301873	CON_USD	Constant USD			G	Global		CommitmentsBased on OECD, CRS databased, 2019Constant 2017 USD millionOther Official flows are not marked on biodiversity	The Organisation for Economic Co-operation and Development (OECD).		C: Country data	2.50304	6.56038	4.52749	4.02295	2.04508	3.08341	1.68672	6.83125	3.59674		0.45849	0.10664	0.215	0.19818	0.98119	0.23022	0.23022	2017
15	15.b	15.b.1	DC_ODA_BDVDL	Total official development assistance for biodiversity, by donor countries (millions of constant 2017 United States dollars)	2019.Q2.G.01	304	Greenland	021	Northern America	Country	GRL	0	-41.39371316	74.75625681																													
15	15.b	15.b.1	DC_ODA_BDVDL	Total official development assistance for biodiversity, by donor countries (millions of constant 2017 United States dollars)	2019.Q2.G.01	308	Grenada	029	Caribbean	Country	GRD	1	-61.68248568	12.11238395																													
15	15.b	15.b.1	DC_ODA_BDVDL	Total official development assistance for biodiversity, by donor countries (millions of constant 2017 United States dollars)	2019.Q2.G.01	312	Guadeloupe	029	Caribbean	Country	GLP	0	-61.64762115	16.14416917																													
15	15.b	15.b.1	DC_ODA_BDVDL	Total official development assistance for biodiversity, by donor countries (millions of constant 2017 United States dollars)	2019.Q2.G.01	316	Guam	057	Micronesia	Country	GUM	0	144.7029305	13.35485404																													
15	15.b	15.b.1	DC_ODA_BDVDL	Total official development assistance for biodiversity, by donor countries (millions of constant 2017 United States dollars)	2019.Q2.G.01	320	Guatemala	013	Central America	Country	GTM	1	-91.2312746	15.00273719																													
15	15.b	15.b.1	DC_ODA_BDVDL	Total official development assistance for biodiversity, by donor countries (millions of constant 2017 United States dollars)	2019.Q2.G.01	324	Guinea	011	Western Africa	Country	GIN	1	-11.28173419	11.00210343																													
15	15.b	15.b.1	DC_ODA_BDVDL	Total official development assistance for biodiversity, by donor countries (millions of constant 2017 United States dollars)	2019.Q2.G.01	328	Guyana	005	South America	Country	GUY	1	-58.97322037	4.788012784																													
15	15.b	15.b.1	DC_ODA_BDVDL	Total official development assistance for biodiversity, by donor countries (millions of constant 2017 United States dollars)	2019.Q2.G.01	332	Haiti	029	Caribbean	Country	HTI	1	-72.33640958	18.40426539																													
15	15.b	15.b.1	DC_ODA_BDVDL	Total official development assistance for biodiversity, by donor countries (millions of constant 2017 United States dollars)	2019.Q2.G.01	334	Heard Island and McDonald Islands	053	Australia and New Zealand	Country	HMD	0	73.52633626	-53.09106147																													
15	15.b	15.b.1	DC_ODA_BDVDL	Total official development assistance for biodiversity, by donor countries (millions of constant 2017 United States dollars)	2019.Q2.G.01	336	Holy See	039	Southern Europe	Country	VAT	0	12.45315803	41.90343751																													
15	15.b	15.b.1	DC_ODA_BDVDL	Total official development assistance for biodiversity, by donor countries (millions of constant 2017 United States dollars)	2019.Q2.G.01	340	Honduras	013	Central America	Country	HND	1	-86.59974381	14.82243161																													
15	15.b	15.b.1	DC_ODA_BDVDL	Total official development assistance for biodiversity, by donor countries (millions of constant 2017 United States dollars)	2019.Q2.G.01	344	China, Hong Kong Special Administrative Region	030	Eastern Asia	Country	HKG	0	114.0266445	22.41749934																													
15	15.b	15.b.1	DC_ODA_BDVDL	Total official development assistance for biodiversity, by donor countries (millions of constant 2017 United States dollars)	2019.Q2.G.01	348	Hungary	151	Eastern Europe	Country	HUN	1	19.41221519	47.1651448																													
15	15.b	15.b.1	DC_ODA_BDVDL	Total official development assistance for biodiversity, by donor countries (millions of constant 2017 United States dollars)	2019.Q2.G.01	352	Iceland	154	Northern Europe	Country	ISL	1	-19.02116966	64.79134763	CON_USD	Constant USD			G	Global		CommitmentsBased on OECD, CRS databased, 2019Constant 2017 USD millionOther Official flows are not marked on biodiversity	The Organisation for Economic Co-operation and Development (OECD).		C: Country data											5.37884	6.62188	5.9203	4.82854	4.50405	4.71566	4.71566	2017
15	15.b	15.b.1	DC_ODA_BDVDL	Total official development assistance for biodiversity, by donor countries (millions of constant 2017 United States dollars)	2019.Q2.G.01	356	India	034	Southern Asia	Country	IND	1	79.3608464	22.34642074																													
15	15.b	15.b.1	DC_ODA_BDVDL	Total official development assistance for biodiversity, by donor countries (millions of constant 2017 United States dollars)	2019.Q2.G.01	360	Indonesia	035	South-Eastern Asia	Country	IDN	1	113.9174	-0.994582204																													
15	15.b	15.b.1	DC_ODA_BDVDL	Total official development assistance for biodiversity, by donor countries (millions of constant 2017 United States dollars)	2019.Q2.G.01	364	Iran (Islamic Republic of)	034	Southern Asia	Country	IRN	1	54.19766348	32.74370885																													
15	15.b	15.b.1	DC_ODA_BDVDL	Total official development assistance for biodiversity, by donor countries (millions of constant 2017 United States dollars)	2019.Q2.G.01	368	Iraq	145	Western Asia	Country	IRQ	1	43.76606267	33.05013795																													
15	15.b	15.b.1	DC_ODA_BDVDL	Total official development assistance for biodiversity, by donor countries (millions of constant 2017 United States dollars)	2019.Q2.G.01	372	Ireland	154	Northern Europe	Country	IRL	1	-7.121425272	53.25274054	CON_USD	Constant USD			G	Global		CommitmentsBased on OECD, CRS databased, 2019Constant 2017 USD millionOther Official flows are not marked on biodiversity	The Organisation for Economic Co-operation and Development (OECD).		C: Country data	1.67997	0.81063	0.78385	0.01182		12.875	12.97544	86.72903	37.54083	15.19321	31.72321	37.72445	31.05414	24.04838	44.3991	28.23123	28.23123	2017
15	15.b	15.b.1	DC_ODA_BDVDL	Total official development assistance for biodiversity, by donor countries (millions of constant 2017 United States dollars)	2019.Q2.G.01	376	Israel	145	Western Asia	Country	ISR	1	34.62277992	31.06164552																													
15	15.b	15.b.1	DC_ODA_BDVDL	Total official development assistance for biodiversity, by donor countries (millions of constant 2017 United States dollars)	2019.Q2.G.01	380	Italy	039	Southern Europe	Country	ITA	1	12.57022427	42.79917282	CON_USD	Constant USD			G	Global		CommitmentsBased on OECD, CRS databased, 2019Constant 2017 USD millionOther Official flows are not marked on biodiversity	The Organisation for Economic Co-operation and Development (OECD).		C: Country data		0.35741	0.32392	0.0664	12.50772	106.79802	60.88617	48.39226	7.86787	75.30741	34.99625	67.45718	56.71292	68.66721	49.77126	142.8364	142.8364	2017
15	15.b	15.b.1	DC_ODA_BDVDL	Total official development assistance for biodiversity, by donor countries (millions of constant 2017 United States dollars)	2019.Q2.G.01	384	Côte d'Ivoire	011	Western Africa	Country	CIV	1	-5.552690016	7.62211586																													
15	15.b	15.b.1	DC_ODA_BDVDL	Total official development assistance for biodiversity, by donor countries (millions of constant 2017 United States dollars)	2019.Q2.G.01	388	Jamaica	029	Caribbean	Country	JAM	1	-77.31068409	18.15616857																													
15	15.b	15.b.1	DC_ODA_BDVDL	Total official development assistance for biodiversity, by donor countries (millions of constant 2017 United States dollars)	2019.Q2.G.01	392	Japan	030	Eastern Asia	Country	JPN	1	139.2716103	36.6554539	CON_USD	Constant USD			G	Global		CommitmentsBased on OECD, CRS databased, 2019Constant 2017 USD millionOther Official flows are not marked on biodiversity	The Organisation for Economic Co-operation and Development (OECD).		C: Country data	587.12556	1119.27517	564.23271	942.36015	1160.13297	1821.81406	795.76157	926.82509	850.78566	1078.75095	326.13963	97.53544	1083.06678	1981.43732	655.20163	306.33451	306.33451	2017
15	15.b	15.b.1	DC_ODA_BDVDL	Total official development assistance for biodiversity, by donor countries (millions of constant 2017 United States dollars)	2019.Q2.G.01	398	Kazakhstan	143	Central Asia	Country	KAZ	1	66.65359159	48.01963494																													
15	15.b	15.b.1	DC_ODA_BDVDL	Total official development assistance for biodiversity, by donor countries (millions of constant 2017 United States dollars)	2019.Q2.G.01	400	Jordan	145	Western Asia	Country	JOR	1	37.13024774	30.65365973																													
15	15.b	15.b.1	DC_ODA_BDVDL	Total official development assistance for biodiversity, by donor countries (millions of constant 2017 United States dollars)	2019.Q2.G.01	404	Kenya	014	Eastern Africa	Country	KEN	1	37.86096816	0.534797278																													
15	15.b	15.b.1	DC_ODA_BDVDL	Total official development assistance for biodiversity, by donor countries (millions of constant 2017 United States dollars)	2019.Q2.G.01	408	Democratic People's Republic of Korea	030	Eastern Asia	Country	PRK	1	127.1803633	40.1462645																													
15	15.b	15.b.1	DC_ODA_BDVDL	Total official development assistance for biodiversity, by donor countries (millions of constant 2017 United States dollars)	2019.Q2.G.01	410	Republic of Korea	030	Eastern Asia	Country	KOR	1	127.8610254	36.45201023	CON_USD	Constant USD			G	Global		CommitmentsBased on OECD, CRS databased, 2019Constant 2017 USD millionOther Official flows are not marked on biodiversity	The Organisation for Economic Co-operation and Development (OECD).		C: Country data						12.54725	28.08696	54.50192	3.84057	13.71734	6.14711	54.07013	22.5706	35.11082	26.4335	26.01472	26.01472	2017
15	15.b	15.b.1	DC_ODA_BDVDL	Total official development assistance for biodiversity, by donor countries (millions of constant 2017 United States dollars)	2019.Q2.G.01	414	Kuwait	145	Western Asia	Country	KWT	1	47.49305029	29.53949468																													
15	15.b	15.b.1	DC_ODA_BDVDL	Total official development assistance for biodiversity, by donor countries (millions of constant 2017 United States dollars)	2019.Q2.G.01	417	Kyrgyzstan	143	Central Asia	Country	KGZ	1	74.52324839	41.46204516																													
15	15.b	15.b.1	DC_ODA_BDVDL	Total official development assistance for biodiversity, by donor countries (millions of constant 2017 United States dollars)	2019.Q2.G.01	418	Lao People's Democratic Republic	035	South-Eastern Asia	Country	LAO	1	101.9901968	20.27482773																													
15	15.b	15.b.1	DC_ODA_BDVDL	Total official development assistance for biodiversity, by donor countries (millions of constant 2017 United States dollars)	2019.Q2.G.01	422	Lebanon	145	Western Asia	Country	LBN	1	35.89391711	33.92152458																													
15	15.b	15.b.1	DC_ODA_BDVDL	Total official development assistance for biodiversity, by donor countries (millions of constant 2017 United States dollars)	2019.Q2.G.01	426	Lesotho	018	Southern Africa	Country	LSO	1	28.25362195	-29.58041814																													
15	15.b	15.b.1	DC_ODA_BDVDL	Total official development assistance for biodiversity, by donor countries (millions of constant 2017 United States dollars)	2019.Q2.G.01	428	Latvia	154	Northern Europe	Country	LVA	1	26.42461876	56.64196636																													
15	15.b	15.b.1	DC_ODA_BDVDL	Total official development assistance for biodiversity, by donor countries (millions of constant 2017 United States dollars)	2019.Q2.G.01	430	Liberia	011	Western Africa	Country	LBR	1	-9.311879038	6.448381009																													
15	15.b	15.b.1	DC_ODA_BDVDL	Total official development assistance for biodiversity, by donor countries (millions of constant 2017 United States dollars)	2019.Q2.G.01	434	Libya	015	Northern Africa	Country	LBY	1	18.0295985	27.04042819																													
15	15.b	15.b.1	DC_ODA_BDVDL	Total official development assistance for biodiversity, by donor countries (millions of constant 2017 United States dollars)	2019.Q2.G.01	438	Liechtenstein	155	Western Europe	Country	LIE	1	9.552985019	47.14167005																													
15	15.b	15.b.1	DC_ODA_BDVDL	Total official development assistance for biodiversity, by donor countries (millions of constant 2017 United States dollars)	2019.Q2.G.01	440	Lithuania	154	Northern Europe	Country	LTU	1	23.90517807	55.33680309																													
15	15.b	15.b.1	DC_ODA_BDVDL	Total official development assistance for biodiversity, by donor countries (millions of constant 2017 United States dollars)	2019.Q2.G.01	442	Luxembourg	155	Western Europe	Country	LUX	1	6.092656563	49.77679538	CON_USD	Constant USD			G	Global		CommitmentsBased on OECD, CRS databased, 2019Constant 2017 USD millionOther Official flows are not marked on biodiversity	The Organisation for Economic Co-operation and Development (OECD).		C: Country data									3.27884	0.02571	7.86683	10.65232	13.12707	9.54764	9.34776	9.1063	9.1063	2017
15	15.b	15.b.1	DC_ODA_BDVDL	Total official development assistance for biodiversity, by donor countries (millions of constant 2017 United States dollars)	2019.Q2.G.01	446	China, Macao Special Administrative Region	030	Eastern Asia	Country	MAC	0	113.5665388	22.1237259																													
15	15.b	15.b.1	DC_ODA_BDVDL	Total official development assistance for biodiversity, by donor countries (millions of constant 2017 United States dollars)	2019.Q2.G.01	450	Madagascar	014	Eastern Africa	Country	MDG	1	46.6982339	-19.38514785																													
15	15.b	15.b.1	DC_ODA_BDVDL	Total official development assistance for biodiversity, by donor countries (millions of constant 2017 United States dollars)	2019.Q2.G.01	454	Malawi	014	Eastern Africa	Country	MWI	1	33.4884625	-13.40819859																													
15	15.b	15.b.1	DC_ODA_BDVDL	Total official development assistance for biodiversity, by donor countries (millions of constant 2017 United States dollars)	2019.Q2.G.01	458	Malaysia	035	South-Eastern Asia	Country	MYS	1	116.8346314	5.452415309																													
15	15.b	15.b.1	DC_ODA_BDVDL	Total official development assistance for biodiversity, by donor countries (millions of constant 2017 United States dollars)	2019.Q2.G.01	462	Maldives	034	Southern Asia	Country	MDV	1	73.09672546	-0.614385021																													
15	15.b	15.b.1	DC_ODA_BDVDL	Total official development assistance for biodiversity, by donor countries (millions of constant 2017 United States dollars)	2019.Q2.G.01	466	Mali	011	Western Africa	Country	MLI	1	-3.522016039	17.35311254																													
15	15.b	15.b.1	DC_ODA_BDVDL	Total official development assistance for biodiversity, by donor countries (millions of constant 2017 United States dollars)	2019.Q2.G.01	470	Malta	039	Southern Europe	Country	MLT	1	14.44617519	35.89194275																													
15	15.b	15.b.1	DC_ODA_BDVDL	Total official development assistance for biodiversity, by donor countries (millions of constant 2017 United States dollars)	2019.Q2.G.01	474	Martinique	029	Caribbean	Country	MTQ	0	-60.91544135	14.56086108																													
15	15.b	15.b.1	DC_ODA_BDVDL	Total official development assistance for biodiversity, by donor countries (millions of constant 2017 United States dollars)	2019.Q2.G.01	478	Mauritania	011	Western Africa	Country	MRT	1	-10.33187259	20.26089546																													
15	15.b	15.b.1	DC_ODA_BDVDL	Total official development assistance for biodiversity, by donor countries (millions of constant 2017 United States dollars)	2019.Q2.G.01	480	Mauritius	014	Eastern Africa	Country	MUS	1	57.568022	-20.28581998																													
15	15.b	15.b.1	DC_ODA_BDVDL	Total official development assistance for biodiversity, by donor countries (millions of constant 2017 United States dollars)	2019.Q2.G.01	484	Mexico	013	Central America	Country	MEX	1	-102.5148166	23.93378032																													
15	15.b	15.b.1	DC_ODA_BDVDL	Total official development assistance for biodiversity, by donor countries (millions of constant 2017 United States dollars)	2019.Q2.G.01	492	Monaco	155	Western Europe	Country	MCO	1	7.424214814	43.73532918																													
15	15.b	15.b.1	DC_ODA_BDVDL	Total official development assistance for biodiversity, by donor countries (millions of constant 2017 United States dollars)	2019.Q2.G.01	496	Mongolia	030	Eastern Asia	Country	MNG	1	103.0728057	46.83892054																													
15	15.b	15.b.1	DC_ODA_BDVDL	Total official development assistance for biodiversity, by donor countries (millions of constant 2017 United States dollars)	2019.Q2.G.01	498	Republic of Moldova	151	Eastern Europe	Country	MDA	1	28.4650624	47.20236795																													
15	15.b	15.b.1	DC_ODA_BDVDL	Total official development assistance for biodiversity, by donor countries (millions of constant 2017 United States dollars)	2019.Q2.G.01	499	Montenegro	039	Southern Europe	Country	MNE	1	19.25214024	42.78717043																													
15	15.b	15.b.1	DC_ODA_BDVDL	Total official development assistance for biodiversity, by donor countries (millions of constant 2017 United States dollars)	2019.Q2.G.01	500	Montserrat	029	Caribbean	Country	MSR	0	-62.19261223	16.73558313																													
15	15.b	15.b.1	DC_ODA_BDVDL	Total official development assistance for biodiversity, by donor countries (millions of constant 2017 United States dollars)	2019.Q2.G.01	504	Morocco	015	Northern Africa	Country	MAR	1	-6.281942841	31.8440131																													
15	15.b	15.b.1	DC_ODA_BDVDL	Total official development assistance for biodiversity, by donor countries (millions of constant 2017 United States dollars)	2019.Q2.G.01	508	Mozambique	014	Eastern Africa	Country	MOZ	1	38.18479941	-14.27963886																													
15	15.b	15.b.1	DC_ODA_BDVDL	Total official development assistance for biodiversity, by donor countries (millions of constant 2017 United States dollars)	2019.Q2.G.01	512	Oman	145	Western Asia	Country	OMN	1	57.87743482	21.98805614																													
15	15.b	15.b.1	DC_ODA_BDVDL	Total official development assistance for biodiversity, by donor countries (millions of constant 2017 United States dollars)	2019.Q2.G.01	516	Namibia	018	Southern Africa	Country	NAM	1	17.21907885	-22.13817068																													
15	15.b	15.b.1	DC_ODA_BDVDL	Total official development assistance for biodiversity, by donor countries (millions of constant 2017 United States dollars)	2019.Q2.G.01	520	Nauru	057	Micronesia	Country	NRU	1	166.92313	-0.528742623																													
15	15.b	15.b.1	DC_ODA_BDVDL	Total official development assistance for biodiversity, by donor countries (millions of constant 2017 United States dollars)	2019.Q2.G.01	524	Nepal	034	Southern Asia	Country	NPL	1	83.94678863	28.25866332																													
15	15.b	15.b.1	DC_ODA_BDVDL	Total official development assistance for biodiversity, by donor countries (millions of constant 2017 United States dollars)	2019.Q2.G.01	528	Netherlands	155	Western Europe	Country	NLD	1	5.331480568	51.86728884	CON_USD	Constant USD			G	Global		CommitmentsBased on OECD, CRS databased, 2019Constant 2017 USD millionOther Official flows are not marked on biodiversity	The Organisation for Economic Co-operation and Development (OECD).		C: Country data	295.50662	340.87487	290.81562	335.87906	283.51238	203.13583	205.09354		89.24495	97.36638	126.04807	260.95573	9.12955	203.05034	92.37289	8.57117	8.57117	2017
15	15.b	15.b.1	DC_ODA_BDVDL	Total official development assistance for biodiversity, by donor countries (millions of constant 2017 United States dollars)	2019.Q2.G.01	530	Netherlands Antilles	029	Caribbean	Country	ANT	0	-68.30676179	12.22720635																													
15	15.b	15.b.1	DC_ODA_BDVDL	Total official development assistance for biodiversity, by donor countries (millions of constant 2017 United States dollars)	2019.Q2.G.01	531	Curaçao	029	Caribbean	Country	CUW	0	-68.95033464	12.15058042																													
15	15.b	15.b.1	DC_ODA_BDVDL	Total official development assistance for biodiversity, by donor countries (millions of constant 2017 United States dollars)	2019.Q2.G.01	533	Aruba	029	Caribbean	Country	ABW	0	-69.97050586	12.50878756																													
15	15.b	15.b.1	DC_ODA_BDVDL	Total official development assistance for biodiversity, by donor countries (millions of constant 2017 United States dollars)	2019.Q2.G.01	534	Sint Maarten (Dutch part)	029	Caribbean	Country	SXM	0	-63.06198692	18.03926508																													
15	15.b	15.b.1	DC_ODA_BDVDL	Total official development assistance for biodiversity, by donor countries (millions of constant 2017 United States dollars)	2019.Q2.G.01	540	New Caledonia	054	Melanesia	Country	NCL	0	165.5067368	-21.41742531																													
15	15.b	15.b.1	DC_ODA_BDVDL	Total official development assistance for biodiversity, by donor countries (millions of constant 2017 United States dollars)	2019.Q2.G.01	548	Vanuatu	054	Melanesia	Country	VUT	1	167.0679779	-15.34445547																													
15	15.b	15.b.1	DC_ODA_BDVDL	Total official development assistance for biodiversity, by donor countries (millions of constant 2017 United States dollars)	2019.Q2.G.01	554	New Zealand	053	Australia and New Zealand	Country	NZL	1	170.4755673	-43.98721568	CON_USD	Constant USD			G	Global		CommitmentsBased on OECD, CRS databased, 2019Constant 2017 USD millionOther Official flows are not marked on biodiversity	The Organisation for Economic Co-operation and Development (OECD).		C: Country data	2.76911	8.38076	5.10666	11.61311	22.66536	4.02423	10.76286	4.02477	12.73879	14.65015	4.40285	10.76735	19.95354	5.87141	7.70868	16.4573	16.4573	2017
15	15.b	15.b.1	DC_ODA_BDVDL	Total official development assistance for biodiversity, by donor countries (millions of constant 2017 United States dollars)	2019.Q2.G.01	558	Nicaragua	013	Central America	Country	NIC	1	-85.03060315	12.84210839																													
15	15.b	15.b.1	DC_ODA_BDVDL	Total official development assistance for biodiversity, by donor countries (millions of constant 2017 United States dollars)	2019.Q2.G.01	562	Niger	011	Western Africa	Country	NER	1	9.400167877	17.42143036																													
15	15.b	15.b.1	DC_ODA_BDVDL	Total official development assistance for biodiversity, by donor countries (millions of constant 2017 United States dollars)	2019.Q2.G.01	566	Nigeria	011	Western Africa	Country	NGA	1	8.097363256	9.585789025																													
15	15.b	15.b.1	DC_ODA_BDVDL	Total official development assistance for biodiversity, by donor countries (millions of constant 2017 United States dollars)	2019.Q2.G.01	570	Niue	061	Polynesia	Country	NIU	0	-169.8601693	-19.05000475																													
15	15.b	15.b.1	DC_ODA_BDVDL	Total official development assistance for biodiversity, by donor countries (millions of constant 2017 United States dollars)	2019.Q2.G.01	574	Norfolk Island	053	Australia and New Zealand	Country	NFK	0	167.9515548	-29.03230018																													
15	15.b	15.b.1	DC_ODA_BDVDL	Total official development assistance for biodiversity, by donor countries (millions of constant 2017 United States dollars)	2019.Q2.G.01	578	Norway	154	Northern Europe	Country	NOR	1	11.47846389	61.34311134	CON_USD	Constant USD			G	Global		CommitmentsBased on OECD, CRS databased, 2019Constant 2017 USD millionOther Official flows are not marked on biodiversity	The Organisation for Economic Co-operation and Development (OECD).		C: Country data	57.27319	80.4699	78.84195	51.12568	82.69287	68.4751	81.29836	205.98316	483.34913	239.94678	357.93497	371.35736	590.53076	622.38685	443.9765	602.75541	602.75541	2017
15	15.b	15.b.1	DC_ODA_BDVDL	Total official development assistance for biodiversity, by donor countries (millions of constant 2017 United States dollars)	2019.Q2.G.01	580	Northern Mariana Islands	057	Micronesia	Country	MNP	0	145.7582114	15.19099517																													
15	15.b	15.b.1	DC_ODA_BDVDL	Total official development assistance for biodiversity, by donor countries (millions of constant 2017 United States dollars)	2019.Q2.G.01	581	United States Minor Outlying Islands	057	Micronesia	Country	UMI	0	-162.4343752	5.874443968																													
15	15.b	15.b.1	DC_ODA_BDVDL	Total official development assistance for biodiversity, by donor countries (millions of constant 2017 United States dollars)	2019.Q2.G.01	583	Micronesia (Federated States of)	057	Micronesia	Country	FSM	1	158.225216	6.880670092																													
15	15.b	15.b.1	DC_ODA_BDVDL	Total official development assistance for biodiversity, by donor countries (millions of constant 2017 United States dollars)	2019.Q2.G.01	584	Marshall Islands	057	Micronesia	Country	MHL	1	171.0839119	7.110213497																													
15	15.b	15.b.1	DC_ODA_BDVDL	Total official development assistance for biodiversity, by donor countries (millions of constant 2017 United States dollars)	2019.Q2.G.01	585	Palau	057	Micronesia	Country	PLW	1	134.5733878	7.502307591																													
15	15.b	15.b.1	DC_ODA_BDVDL	Total official development assistance for biodiversity, by donor countries (millions of constant 2017 United States dollars)	2019.Q2.G.01	586	Pakistan	034	Southern Asia	Country	PAK	1	68.80479684	29.36491634																													
15	15.b	15.b.1	DC_ODA_BDVDL	Total official development assistance for biodiversity, by donor countries (millions of constant 2017 United States dollars)	2019.Q2.G.01	591	Panama	013	Central America	Country	PAN	1	-81.26616623	8.450965746																													
15	15.b	15.b.1	DC_ODA_BDVDL	Total official development assistance for biodiversity, by donor countries (millions of constant 2017 United States dollars)	2019.Q2.G.01	598	Papua New Guinea	054	Melanesia	Country	PNG	1	145.8587761	-6.756057077																													
15	15.b	15.b.1	DC_ODA_BDVDL	Total official development assistance for biodiversity, by donor countries (millions of constant 2017 United States dollars)	2019.Q2.G.01	600	Paraguay	005	South America	Country	PRY	1	-60.54854225	-21.70216237																													
15	15.b	15.b.1	DC_ODA_BDVDL	Total official development assistance for biodiversity, by donor countries (millions of constant 2017 United States dollars)	2019.Q2.G.01	604	Peru	005	South America	Country	PER	1	-71.82093277	-13.58939705																													
15	15.b	15.b.1	DC_ODA_BDVDL	Total official development assistance for biodiversity, by donor countries (millions of constant 2017 United States dollars)	2019.Q2.G.01	608	Philippines	035	South-Eastern Asia	Country	PHL	1	120.8601418	14.16591706																													
15	15.b	15.b.1	DC_ODA_BDVDL	Total official development assistance for biodiversity, by donor countries (millions of constant 2017 United States dollars)	2019.Q2.G.01	612	Pitcairn	061	Polynesia	Country	PCN	0	-128.3225873	-24.37538456																													
15	15.b	15.b.1	DC_ODA_BDVDL	Total official development assistance for biodiversity, by donor countries (millions of constant 2017 United States dollars)	2019.Q2.G.01	616	Poland	151	Eastern Europe	Country	POL	1	19.40660158	52.1226733	CON_USD	Constant USD			G	Global		CommitmentsBased on OECD, CRS databased, 2019Constant 2017 USD millionOther Official flows are not marked on biodiversity	The Organisation for Economic Co-operation and Development (OECD).		C: Country data												4.68569	1.50693	2.14658	0.35931	0.76234	0.76234	2017
15	15.b	15.b.1	DC_ODA_BDVDL	Total official development assistance for biodiversity, by donor countries (millions of constant 2017 United States dollars)	2019.Q2.G.01	620	Portugal	039	Southern Europe	Country	PRT	1	-7.961599811	39.68509315	CON_USD	Constant USD			G	Global		CommitmentsBased on OECD, CRS databased, 2019Constant 2017 USD millionOther Official flows are not marked on biodiversity	The Organisation for Economic Co-operation and Development (OECD).		C: Country data	1.25646	1.08426	0.68912	1.06302	0.84687	1.84624	1.81932	3.46926	3.9255	4.02002	0.70267	1.20033	1.04914	1.16086	1.13556	1.3695	1.3695	2017
15	15.b	15.b.1	DC_ODA_BDVDL	Total official development assistance for biodiversity, by donor countries (millions of constant 2017 United States dollars)	2019.Q2.G.01	624	Guinea-Bissau	011	Western Africa	Country	GNB	1	-14.40182514	12.11760394																													
15	15.b	15.b.1	DC_ODA_BDVDL	Total official development assistance for biodiversity, by donor countries (millions of constant 2017 United States dollars)	2019.Q2.G.01	626	Timor-Leste	035	South-Eastern Asia	Country	TLS	1	125.9451052	-8.797497247																													
15	15.b	15.b.1	DC_ODA_BDVDL	Total official development assistance for biodiversity, by donor countries (millions of constant 2017 United States dollars)	2019.Q2.G.01	630	Puerto Rico	029	Caribbean	Country	PRI	0	-66.47591017	18.22753799																													
15	15.b	15.b.1	DC_ODA_BDVDL	Total official development assistance for biodiversity, by donor countries (millions of constant 2017 United States dollars)	2019.Q2.G.01	634	Qatar	145	Western Asia	Country	QAT	1	51.19152467	25.28355379																													
15	15.b	15.b.1	DC_ODA_BDVDL	Total official development assistance for biodiversity, by donor countries (millions of constant 2017 United States dollars)	2019.Q2.G.01	638	Réunion	014	Eastern Africa	Country	REU	0	55.53171398	-21.13183266																													
15	15.b	15.b.1	DC_ODA_BDVDL	Total official development assistance for biodiversity, by donor countries (millions of constant 2017 United States dollars)	2019.Q2.G.01	642	Romania	151	Eastern Europe	Country	ROU	1	24.98481009	45.83893563																													
15	15.b	15.b.1	DC_ODA_BDVDL	Total official development assistance for biodiversity, by donor countries (millions of constant 2017 United States dollars)	2019.Q2.G.01	643	Russian Federation	151	Eastern Europe	Country	RUS	1	99.01404926	61.61899849																													
15	15.b	15.b.1	DC_ODA_BDVDL	Total official development assistance for biodiversity, by donor countries (millions of constant 2017 United States dollars)	2019.Q2.G.01	646	Rwanda	014	Eastern Africa	Country	RWA	1	29.92310194	-1.999842114																													
15	15.b	15.b.1	DC_ODA_BDVDL	Total official development assistance for biodiversity, by donor countries (millions of constant 2017 United States dollars)	2019.Q2.G.01	652	Saint Barthélemy	029	Caribbean	Country	BLM	0	-62.83173536	17.89513362																													
15	15.b	15.b.1	DC_ODA_BDVDL	Total official development assistance for biodiversity, by donor countries (millions of constant 2017 United States dollars)	2019.Q2.G.01	654	Saint Helena	011	Western Africa	Country	SHN	0	-5.705752501	-15.96503946																													
15	15.b	15.b.1	DC_ODA_BDVDL	Total official development assistance for biodiversity, by donor countries (millions of constant 2017 United States dollars)	2019.Q2.G.01	659	Saint Kitts and Nevis	029	Caribbean	Country	KNA	1	-62.76628613	17.33994219																													
15	15.b	15.b.1	DC_ODA_BDVDL	Total official development assistance for biodiversity, by donor countries (millions of constant 2017 United States dollars)	2019.Q2.G.01	660	Anguilla	029	Caribbean	Country	AIA	0	-63.05651612	18.21525315																													
15	15.b	15.b.1	DC_ODA_BDVDL	Total official development assistance for biodiversity, by donor countries (millions of constant 2017 United States dollars)	2019.Q2.G.01	662	Saint Lucia	029	Caribbean	Country	LCA	1	-60.96529553	13.89405601																													
15	15.b	15.b.1	DC_ODA_BDVDL	Total official development assistance for biodiversity, by donor countries (millions of constant 2017 United States dollars)	2019.Q2.G.01	663	Saint Martin (French Part)	029	Caribbean	Country	MAF	0	-63.04505461	18.0882685																													
15	15.b	15.b.1	DC_ODA_BDVDL	Total official development assistance for biodiversity, by donor countries (millions of constant 2017 United States dollars)	2019.Q2.G.01	666	Saint Pierre and Miquelon	021	Northern America	Country	SPM	0	-56.33682442	46.85812735																													
15	15.b	15.b.1	DC_ODA_BDVDL	Total official development assistance for biodiversity, by donor countries (millions of constant 2017 United States dollars)	2019.Q2.G.01	670	Saint Vincent and the Grenadines	029	Caribbean	Country	VCT	1	-61.19024321	13.24627968																													
15	15.b	15.b.1	DC_ODA_BDVDL	Total official development assistance for biodiversity, by donor countries (millions of constant 2017 United States dollars)	2019.Q2.G.01	674	San Marino	039	Southern Europe	Country	SMR	1	12.46329038	43.93841766																													
15	15.b	15.b.1	DC_ODA_BDVDL	Total official development assistance for biodiversity, by donor countries (millions of constant 2017 United States dollars)	2019.Q2.G.01	678	Sao Tome and Principe	017	Middle Africa	Country	STP	1	6.609772265	0.241554875																													
15	15.b	15.b.1	DC_ODA_BDVDL	Total official development assistance for biodiversity, by donor countries (millions of constant 2017 United States dollars)	2019.Q2.G.01	682	Saudi Arabia	145	Western Asia	Country	SAU	1	44.54763347	24.12594211																													
15	15.b	15.b.1	DC_ODA_BDVDL	Total official development assistance for biodiversity, by donor countries (millions of constant 2017 United States dollars)	2019.Q2.G.01	686	Senegal	011	Western Africa	Country	SEN	1	-14.46636926	14.35920905																													
15	15.b	15.b.1	DC_ODA_BDVDL	Total official development assistance for biodiversity, by donor countries (millions of constant 2017 United States dollars)	2019.Q2.G.01	688	Serbia	039	Southern Europe	Country	SRB	1	20.805876	44.03145697																													
15	15.b	15.b.1	DC_ODA_BDVDL	Total official development assistance for biodiversity, by donor countries (millions of constant 2017 United States dollars)	2019.Q2.G.01	690	Seychelles	014	Eastern Africa	Country	SYC	1	55.46561591	-4.678053059																													
15	15.b	15.b.1	DC_ODA_BDVDL	Total official development assistance for biodiversity, by donor countries (millions of constant 2017 United States dollars)	2019.Q2.G.01	694	Sierra Leone	011	Western Africa	Country	SLE	1	-11.78306584	8.568604164																													
15	15.b	15.b.1	DC_ODA_BDVDL	Total official development assistance for biodiversity, by donor countries (millions of constant 2017 United States dollars)	2019.Q2.G.01	702	Singapore	035	South-Eastern Asia	Country	SGP	1	103.8107883	1.361009155																													
15	15.b	15.b.1	DC_ODA_BDVDL	Total official development assistance for biodiversity, by donor countries (millions of constant 2017 United States dollars)	2019.Q2.G.01	703	Slovakia	151	Eastern Europe	Country	SVK	1	19.48495604	48.70741446	CON_USD	Constant USD			G	Global		CommitmentsBased on OECD, CRS databased, 2019Constant 2017 USD millionOther Official flows are not marked on biodiversity	The Organisation for Economic Co-operation and Development (OECD).		C: Country data												0.41319	0.05674	0.01819	0.08613	0.28735	0.28735	2017
15	15.b	15.b.1	DC_ODA_BDVDL	Total official development assistance for biodiversity, by donor countries (millions of constant 2017 United States dollars)	2019.Q2.G.01	704	Viet Nam	035	South-Eastern Asia	Country	VNM	1	105.802499	10.09643079																													
15	15.b	15.b.1	DC_ODA_BDVDL	Total official development assistance for biodiversity, by donor countries (millions of constant 2017 United States dollars)	2019.Q2.G.01	705	Slovenia	039	Southern Europe	Country	SVN	1	14.82209486	46.11958061	CON_USD	Constant USD			G	Global		CommitmentsBased on OECD, CRS databased, 2019Constant 2017 USD millionOther Official flows are not marked on biodiversity	The Organisation for Economic Co-operation and Development (OECD).		C: Country data										0.01137	0.01236			0.0151	0.37301	0.01303	0.01303	2017
15	15.b	15.b.1	DC_ODA_BDVDL	Total official development assistance for biodiversity, by donor countries (millions of constant 2017 United States dollars)	2019.Q2.G.01	706	Somalia	014	Eastern Africa	Country	SOM	1	46.20367477	4.406485729																													
15	15.b	15.b.1	DC_ODA_BDVDL	Total official development assistance for biodiversity, by donor countries (millions of constant 2017 United States dollars)	2019.Q2.G.01	710	South Africa	018	Southern Africa	Country	ZAF	1	24.67184355	-29.99957544																													
15	15.b	15.b.1	DC_ODA_BDVDL	Total official development assistance for biodiversity, by donor countries (millions of constant 2017 United States dollars)	2019.Q2.G.01	716	Zimbabwe	014	Eastern Africa	Country	ZWE	1	29.86909584	-19.00075492																													
15	15.b	15.b.1	DC_ODA_BDVDL	Total official development assistance for biodiversity, by donor countries (millions of constant 2017 United States dollars)	2019.Q2.G.01	724	Spain	039	Southern Europe	Country	ESP	1	-3.554078296	40.39211472	CON_USD	Constant USD			G	Global		CommitmentsBased on OECD, CRS databased, 2019Constant 2017 USD millionOther Official flows are not marked on biodiversity	The Organisation for Economic Co-operation and Development (OECD).		C: Country data	38.43968	36.93806	3.60984	64.11327	68.42079	79.14876	271.32824	230.77278	258.56839	74.63963	12.73081	43.62914	56.54366	35.71465	30.89366	47.76243	47.76243	2017
15	15.b	15.b.1	DC_ODA_BDVDL	Total official development assistance for biodiversity, by donor countries (millions of constant 2017 United States dollars)	2019.Q2.G.01	728	South Sudan	014	Eastern Africa	Country	SSD	1	30.32618773	7.290839152																													
15	15.b	15.b.1	DC_ODA_BDVDL	Total official development assistance for biodiversity, by donor countries (millions of constant 2017 United States dollars)	2019.Q2.G.01	729	Sudan	015	Northern Africa	Country	SDN	0	29.95650159	16.02643066																													
15	15.b	15.b.1	DC_ODA_BDVDL	Total official development assistance for biodiversity, by donor countries (millions of constant 2017 United States dollars)	2019.Q2.G.01	732	Western Sahara	015	Northern Africa	Country	ESH	0	-13.13515523	24.66265342																													
15	15.b	15.b.1	DC_ODA_BDVDL	Total official development assistance for biodiversity, by donor countries (millions of constant 2017 United States dollars)	2019.Q2.G.01	740	Suriname	005	South America	Country	SUR	1	-55.90626394	4.132603197																													
15	15.b	15.b.1	DC_ODA_BDVDL	Total official development assistance for biodiversity, by donor countries (millions of constant 2017 United States dollars)	2019.Q2.G.01	744	Svalbard and Jan Mayen Islands	154	Northern Europe	Country	SJM	0	13.38071013	78.82894131																													
15	15.b	15.b.1	DC_ODA_BDVDL	Total official development assistance for biodiversity, by donor countries (millions of constant 2017 United States dollars)	2019.Q2.G.01	748	Eswatini	018	Southern Africa	Country	SWZ	1	31.50149288	-26.56471011																													
15	15.b	15.b.1	DC_ODA_BDVDL	Total official development assistance for biodiversity, by donor countries (millions of constant 2017 United States dollars)	2019.Q2.G.01	752	Sweden	154	Northern Europe	Country	SWE	1	14.3775338	60.60103109	CON_USD	Constant USD			G	Global		CommitmentsBased on OECD, CRS databased, 2019Constant 2017 USD millionOther Official flows are not marked on biodiversity	The Organisation for Economic Co-operation and Development (OECD).		C: Country data	39.04761	38.61369	10.52095	3.40158	29.25237	0.23718	13.39323	6.54993	183.50079	157.31776	237.77583	363.3951	353.54017	291.75694	240.3689	155.0429	155.0429	2017
15	15.b	15.b.1	DC_ODA_BDVDL	Total official development assistance for biodiversity, by donor countries (millions of constant 2017 United States dollars)	2019.Q2.G.01	756	Switzerland	155	Western Europe	Country	CHE	1	8.223158	46.96617097	CON_USD	Constant USD			G	Global		CommitmentsBased on OECD, CRS databased, 2019Constant 2017 USD millionOther Official flows are not marked on biodiversity	The Organisation for Economic Co-operation and Development (OECD).		C: Country data	86.68309	29.84318	63.5052	33.92338	34.18939	57.23943	29.51916	41.86935	51.56559	128.14448	80.29612	145.25761	76.38856	48.05331	119.27078	122.93232	122.93232	2017
15	15.b	15.b.1	DC_ODA_BDVDL	Total official development assistance for biodiversity, by donor countries (millions of constant 2017 United States dollars)	2019.Q2.G.01	760	Syrian Arab Republic	145	Western Asia	Country	SYR	1	38.50466565	35.01676176																													
15	15.b	15.b.1	DC_ODA_BDVDL	Total official development assistance for biodiversity, by donor countries (millions of constant 2017 United States dollars)	2019.Q2.G.01	762	Tajikistan	143	Central Asia	Country	TJK	1	69.294998	38.43069666																													
15	15.b	15.b.1	DC_ODA_BDVDL	Total official development assistance for biodiversity, by donor countries (millions of constant 2017 United States dollars)	2019.Q2.G.01	764	Thailand	035	South-Eastern Asia	Country	THA	1	101.0202951	15.13089239																													
15	15.b	15.b.1	DC_ODA_BDVDL	Total official development assistance for biodiversity, by donor countries (millions of constant 2017 United States dollars)	2019.Q2.G.01	768	Togo	011	Western Africa	Country	TGO	1	0.97835765	8.532096072																													
15	15.b	15.b.1	DC_ODA_BDVDL	Total official development assistance for biodiversity, by donor countries (millions of constant 2017 United States dollars)	2019.Q2.G.01	772	Tokelau	061	Polynesia	Country	TKL	0	-171.8154473	-9.214545558																													
15	15.b	15.b.1	DC_ODA_BDVDL	Total official development assistance for biodiversity, by donor countries (millions of constant 2017 United States dollars)	2019.Q2.G.01	776	Tonga	061	Polynesia	Country	TON	1	-175.1959991	-21.19511329																													
15	15.b	15.b.1	DC_ODA_BDVDL	Total official development assistance for biodiversity, by donor countries (millions of constant 2017 United States dollars)	2019.Q2.G.01	780	Trinidad and Tobago	029	Caribbean	Country	TTO	1	-61.29389504	10.41877263																													
15	15.b	15.b.1	DC_ODA_BDVDL	Total official development assistance for biodiversity, by donor countries (millions of constant 2017 United States dollars)	2019.Q2.G.01	784	United Arab Emirates	145	Western Asia	Country	ARE	1	53.98279159	23.43322219																													
15	15.b	15.b.1	DC_ODA_BDVDL	Total official development assistance for biodiversity, by donor countries (millions of constant 2017 United States dollars)	2019.Q2.G.01	788	Tunisia	015	Northern Africa	Country	TUN	1	9.572737411	34.11439971																													
15	15.b	15.b.1	DC_ODA_BDVDL	Total official development assistance for biodiversity, by donor countries (millions of constant 2017 United States dollars)	2019.Q2.G.01	792	Turkey	145	Western Asia	Country	TUR	1	35.42890329	38.9899684																													
15	15.b	15.b.1	DC_ODA_BDVDL	Total official development assistance for biodiversity, by donor countries (millions of constant 2017 United States dollars)	2019.Q2.G.01	795	Turkmenistan	143	Central Asia	Country	TKM	1	58.9787665	40.0912346																													
15	15.b	15.b.1	DC_ODA_BDVDL	Total official development assistance for biodiversity, by donor countries (millions of constant 2017 United States dollars)	2019.Q2.G.01	796	Turks and Caicos Islands	029	Caribbean	Country	TCA	0	-71.745121	21.80780585																													
15	15.b	15.b.1	DC_ODA_BDVDL	Total official development assistance for biodiversity, by donor countries (millions of constant 2017 United States dollars)	2019.Q2.G.01	798	Tuvalu	061	Polynesia	Country	TUV	1	178.6679611	-7.460048071																													
15	15.b	15.b.1	DC_ODA_BDVDL	Total official development assistance for biodiversity, by donor countries (millions of constant 2017 United States dollars)	2019.Q2.G.01	800	Uganda	014	Eastern Africa	Country	UGA	1	32.39100438	1.279557331																													
15	15.b	15.b.1	DC_ODA_BDVDL	Total official development assistance for biodiversity, by donor countries (millions of constant 2017 United States dollars)	2019.Q2.G.01	804	Ukraine	151	Eastern Europe	Country	UKR	1	31.40270802	49.00735945																													
15	15.b	15.b.1	DC_ODA_BDVDL	Total official development assistance for biodiversity, by donor countries (millions of constant 2017 United States dollars)	2019.Q2.G.01	807	North Macedonia	039	Southern Europe	Country	MKD	1	21.7007909	41.60048068																													
15	15.b	15.b.1	DC_ODA_BDVDL	Total official development assistance for biodiversity, by donor countries (millions of constant 2017 United States dollars)	2019.Q2.G.01	818	Egypt	015	Northern Africa	Country	EGY	1	29.77468534	26.57438204																													
15	15.b	15.b.1	DC_ODA_BDVDL	Total official development assistance for biodiversity, by donor countries (millions of constant 2017 United States dollars)	2019.Q2.G.01	826	United Kingdom of Great Britain and Northern Ireland	154	Northern Europe	Country	GBR	1	-2.23830539	53.27691757	CON_USD	Constant USD			G	Global		CommitmentsBased on OECD, CRS databased, 2019Constant 2017 USD millionOther Official flows are not marked on biodiversity	The Organisation for Economic Co-operation and Development (OECD).		C: Country data	1.4615	5.0995	0.28201		10.41139	6.77871	22.92407	58.94998	165.27859	79.37424	62.75158	204.96949	191.03167	400.42873	286.88955	270.51948	270.51948	2017
15	15.b	15.b.1	DC_ODA_BDVDL	Total official development assistance for biodiversity, by donor countries (millions of constant 2017 United States dollars)	2019.Q2.G.01	831	Guernsey	830	Channel Islands	Country	GGY	0	-2.200712402	49.71561166																													
15	15.b	15.b.1	DC_ODA_BDVDL	Total official development assistance for biodiversity, by donor countries (millions of constant 2017 United States dollars)	2019.Q2.G.01	832	Jersey	830	Channel Islands	Country	JEY	0	-2.136773508	49.22353354																													
15	15.b	15.b.1	DC_ODA_BDVDL	Total official development assistance for biodiversity, by donor countries (millions of constant 2017 United States dollars)	2019.Q2.G.01	833	Isle of Man	154	Northern Europe	Country	IMN	0	-4.538190305	54.22880901																													
15	15.b	15.b.1	DC_ODA_BDVDL	Total official development assistance for biodiversity, by donor countries (millions of constant 2017 United States dollars)	2019.Q2.G.01	834	United Republic of Tanzania	014	Eastern Africa	Country	TZA	1	34.80521182	-6.265332606																													
15	15.b	15.b.1	DC_ODA_BDVDL	Total official development assistance for biodiversity, by donor countries (millions of constant 2017 United States dollars)	2019.Q2.G.01	840	United States of America	021	Northern America	Country	USA	1	-99.13830311	39.5277871	CON_USD	Constant USD			G	Global		CommitmentsBased on OECD, CRS databased, 2019Constant 2017 USD millionOther Official flows are not marked on biodiversity	The Organisation for Economic Co-operation and Development (OECD).		C: Country data	56.09028	72.50252	69.72194	43.52585	47.67434	229.92117	242.21771	233.20216	992.09104	1219.91611	1054.60279	1017.2224	1282.96462	1147.7187	1333.8767	847.12899	847.12899	2017
15	15.b	15.b.1	DC_ODA_BDVDL	Total official development assistance for biodiversity, by donor countries (millions of constant 2017 United States dollars)	2019.Q2.G.01	850	United States Virgin Islands	029	Caribbean	Country	VIR	0	-64.76960113	17.73297693																													
15	15.b	15.b.1	DC_ODA_BDVDL	Total official development assistance for biodiversity, by donor countries (millions of constant 2017 United States dollars)	2019.Q2.G.01	854	Burkina Faso	011	Western Africa	Country	BFA	1	-1.742843829	12.27491081																													
15	15.b	15.b.1	DC_ODA_BDVDL	Total official development assistance for biodiversity, by donor countries (millions of constant 2017 United States dollars)	2019.Q2.G.01	858	Uruguay	005	South America	Country	URY	1	-56.01387025	-32.8002838																													
15	15.b	15.b.1	DC_ODA_BDVDL	Total official development assistance for biodiversity, by donor countries (millions of constant 2017 United States dollars)	2019.Q2.G.01	860	Uzbekistan	143	Central Asia	Country	UZB	1	63.11944558	41.77560518																													
15	15.b	15.b.1	DC_ODA_BDVDL	Total official development assistance for biodiversity, by donor countries (millions of constant 2017 United States dollars)	2019.Q2.G.01	862	Venezuela (Bolivarian Republic of)	005	South America	Country	VEN	1	-66.15642084	7.121324748																													
15	15.b	15.b.1	DC_ODA_BDVDL	Total official development assistance for biodiversity, by donor countries (millions of constant 2017 United States dollars)	2019.Q2.G.01	876	Wallis and Futuna Islands	061	Polynesia	Country	WLF	0	-176.2034788	-13.28471201																													
15	15.b	15.b.1	DC_ODA_BDVDL	Total official development assistance for biodiversity, by donor countries (millions of constant 2017 United States dollars)	2019.Q2.G.01	882	Samoa	061	Polynesia	Country	WSM	1	-172.4430749	-13.61541469																													
15	15.b	15.b.1	DC_ODA_BDVDL	Total official development assistance for biodiversity, by donor countries (millions of constant 2017 United States dollars)	2019.Q2.G.01	887	Yemen	145	Western Asia	Country	YEM	1	45.22389143	15.22242099																													
15	15.b	15.b.1	DC_ODA_BDVDL	Total official development assistance for biodiversity, by donor countries (millions of constant 2017 United States dollars)	2019.Q2.G.01	894	Zambia	014	Eastern Africa	Country	ZMB	1	27.850329	-14.59701056																													
