goal	target	indicator	seriesCode	seriesDesc	release	geoAreaCode	geoAreaName	parentCode	parentName	type	ISO3	UN_Member	X	Y	unitsCode	unitsDesc	unitmultiplierCode	unitmultiplierDesc	reportingTypeCode	reportingTypeDesc	valueDetails	footnotes	sources	timeDetails	nature	value_2000	value_2001	value_2002	value_2003	value_2004	value_2005	value_2006	value_2007	value_2008	value_2009	value_2010	value_2011	value_2012	value_2013	value_2014	value_2015	value_2016	value_2017	value_2018	value_latest_year	latest_year
4	4.5	4.5.1	SE_PRE_GPIPARTN	Gender parity index for participation rate in organized learning (one year before the official primary entry age), (ratio)	2019.Q2.G.01	004	Afghanistan	034	Southern Asia	Country	AFG	1	66.02688198	33.83160199																																
4	4.5	4.5.1	SE_PRE_GPIPARTN	Gender parity index for participation rate in organized learning (one year before the official primary entry age), (ratio)	2019.Q2.G.01	008	Albania	039	Southern Europe	Country	ALB	1	20.06660928	41.13897007	RATIO	Ratio			G	Global			UIS		C: Country data		1.13513		1.06591	1.02873				0.9818	0.99765	0.97118	0.98548	0.98055			0.98989				0.98989	2015
4	4.5	4.5.1	SE_PRE_GPIPARTN	Gender parity index for participation rate in organized learning (one year before the official primary entry age), (ratio)	2019.Q2.G.01	010	Antarctica	001	World	Country	ATA	0	21.47585697	-80.40897662																																
4	4.5	4.5.1	SE_PRE_GPIPARTN	Gender parity index for participation rate in organized learning (one year before the official primary entry age), (ratio)	2019.Q2.G.01	012	Algeria	015	Northern Africa	Country	DZA	1	2.678164227	28.15940032	RATIO	Ratio			G	Global			UIS		C: Country data				0.98487	1.00765	0.93494	0.99029		0.94511		0.94787									0.94787	2010
4	4.5	4.5.1	SE_PRE_GPIPARTN	Gender parity index for participation rate in organized learning (one year before the official primary entry age), (ratio)	2019.Q2.G.01	016	American Samoa	061	Polynesia	Country	ASM	0	-170.7187269	-14.30587306																																
4	4.5	4.5.1	SE_PRE_GPIPARTN	Gender parity index for participation rate in organized learning (one year before the official primary entry age), (ratio)	2019.Q2.G.01	020	Andorra	039	Southern Europe	Country	AND	1	1.576257417	42.54548611																																
4	4.5	4.5.1	SE_PRE_GPIPARTN	Gender parity index for participation rate in organized learning (one year before the official primary entry age), (ratio)	2019.Q2.G.01	024	Angola	017	Middle Africa	Country	AGO	1	17.57817062	-12.33724746	RATIO	Ratio			G	Global			UIS		E: Estimated data																	0.88378			0.88378	2016
4	4.5	4.5.1	SE_PRE_GPIPARTN	Gender parity index for participation rate in organized learning (one year before the official primary entry age), (ratio)	2019.Q2.G.01	028	Antigua and Barbuda	029	Caribbean	Country	ATG	1	-61.7999755	17.07761471	RATIO	Ratio			G	Global			UIS		[2007]: E: Estimated data // [2008,2014-2015,2017]: C: Country data								0.97994	0.92627						0.86384	1.02843		1.02447		1.02447	2017
4	4.5	4.5.1	SE_PRE_GPIPARTN	Gender parity index for participation rate in organized learning (one year before the official primary entry age), (ratio)	2019.Q2.G.01	031	Azerbaijan	145	Western Asia	Country	AZE	1	50.01064725	40.39229544	RATIO	Ratio			G	Global			UIS		[2000,2002-2017]: C: Country data // [2001]: E: Estimated data	1.03307	0.94309	1.02676	0.98582	0.93238	0.91414	0.96475	1.01963	0.99022	1.01694	0.96249	0.95566	0.9521	0.98896	1.02967	1.02408	1.00879	1.00317		1.00317	2017
4	4.5	4.5.1	SE_PRE_GPIPARTN	Gender parity index for participation rate in organized learning (one year before the official primary entry age), (ratio)	2019.Q2.G.01	032	Argentina	005	South America	Country	ARG	1	-65.14563274	-35.19446255	RATIO	Ratio			G	Global			UIS		C: Country data	1.01755	1.01594	1.01471	1.00887	1.01015	1.01452	1.01176	1.01578	1.01885	1.017	1.0135	1.01401	1.01604	1.01379	1.01399	1.01257	1.01155			1.01155	2016
4	4.5	4.5.1	SE_PRE_GPIPARTN	Gender parity index for participation rate in organized learning (one year before the official primary entry age), (ratio)	2019.Q2.G.01	036	Australia	053	Australia and New Zealand	Country	AUS	1	134.3499412	-25.57717202	RATIO	Ratio			G	Global			UIS		C: Country data		1.02485	1.0294	1.01681	1.01057	1.00893	0.97943	0.98397	0.97931	0.98557	0.98397			1.00058	0.99747	0.99721	0.98577	0.99301		0.99301	2017
4	4.5	4.5.1	SE_PRE_GPIPARTN	Gender parity index for participation rate in organized learning (one year before the official primary entry age), (ratio)	2019.Q2.G.01	040	Austria	155	Western Europe	Country	AUT	1	14.14172472	47.58704857	RATIO	Ratio			G	Global			UIS		C: Country data	1.00759	1.00703	1.00213	1.00539	1.00251	1.00058	0.99904	1.00991	1.00454	1.0187	1.00206	1.01529	1.01298	1.02053	1.00538	1.04347	1.01938	0.99853		0.99853	2017
4	4.5	4.5.1	SE_PRE_GPIPARTN	Gender parity index for participation rate in organized learning (one year before the official primary entry age), (ratio)	2019.Q2.G.01	044	Bahamas	029	Caribbean	Country	BHS	1	-78.05111663	24.69546597																																
4	4.5	4.5.1	SE_PRE_GPIPARTN	Gender parity index for participation rate in organized learning (one year before the official primary entry age), (ratio)	2019.Q2.G.01	048	Bahrain	145	Western Asia	Country	BHR	1	50.5490754	26.04407747	RATIO	Ratio			G	Global			UIS		[2000,2003-2006,2011-2017]: C: Country data // [2001]: E: Estimated data	1.01708	1.01278		1.02139	0.9958	1.01777	1.08315					1.0081	0.97285	0.9892	0.95981	0.97902	0.997	0.98303		0.98303	2017
4	4.5	4.5.1	SE_PRE_GPIPARTN	Gender parity index for participation rate in organized learning (one year before the official primary entry age), (ratio)	2019.Q2.G.01	050	Bangladesh	034	Southern Asia	Country	BGD	1	89.17660788	22.86961622	RATIO	Ratio			G	Global			UIS		[2009]: C: Country data // [2010]: E: Estimated data										1.03252	1.00401									1.00401	2010
4	4.5	4.5.1	SE_PRE_GPIPARTN	Gender parity index for participation rate in organized learning (one year before the official primary entry age), (ratio)	2019.Q2.G.01	051	Armenia	145	Western Asia	Country	ARM	1	44.93839317	40.29499741																																
4	4.5	4.5.1	SE_PRE_GPIPARTN	Gender parity index for participation rate in organized learning (one year before the official primary entry age), (ratio)	2019.Q2.G.01	052	Barbados	029	Caribbean	Country	BRB	1	-59.5346489	13.13648273	RATIO	Ratio			G	Global			UIS		C: Country data	1.03094	1.06502	1.05202	0.98959	0.98955	0.9853	0.99063	0.97092	1.05394	1.00144	1.04899	1.11405			1.02692	1.01291	0.92696	0.95391		0.95391	2017
4	4.5	4.5.1	SE_PRE_GPIPARTN	Gender parity index for participation rate in organized learning (one year before the official primary entry age), (ratio)	2019.Q2.G.01	056	Belgium	155	Western Europe	Country	BEL	1	4.660976456	50.64104975	RATIO	Ratio			G	Global			UIS		C: Country data	0.98839	0.99777	1.00605	0.99725	0.99918	1.00332	0.99615	1.00403	0.99835	1.00631	1.00384	0.99851	1.00685	1.00197	0.99307	0.99891	1.00115			1.00115	2016
4	4.5	4.5.1	SE_PRE_GPIPARTN	Gender parity index for participation rate in organized learning (one year before the official primary entry age), (ratio)	2019.Q2.G.01	060	Bermuda	021	Northern America	Country	BMU	0	-64.78155012	32.27881922	RATIO	Ratio			G	Global			UIS		C: Country data												0.98275	1.09109							1.09109	2012
4	4.5	4.5.1	SE_PRE_GPIPARTN	Gender parity index for participation rate in organized learning (one year before the official primary entry age), (ratio)	2019.Q2.G.01	064	Bhutan	034	Southern Asia	Country	BTN	1	90.45098484	27.39598568																																
4	4.5	4.5.1	SE_PRE_GPIPARTN	Gender parity index for participation rate in organized learning (one year before the official primary entry age), (ratio)	2019.Q2.G.01	068	Bolivia (Plurinational State of)	005	South America	Country	BOL	1	-64.66224284	-16.71273412	RATIO	Ratio			G	Global			UIS		C: Country data	1.01054	1.00786	1.01622	1.00428	1.00186	1.00126	1.00331	0.99546	1.00219	1.00947	1.00557	0.99646	0.93969	0.9706	1.00126	0.99812	0.99191	0.98885		0.98885	2017
4	4.5	4.5.1	SE_PRE_GPIPARTN	Gender parity index for participation rate in organized learning (one year before the official primary entry age), (ratio)	2019.Q2.G.01	070	Bosnia and Herzegovina	039	Southern Europe	Country	BIH	1	17.78584332	44.16845548																																
4	4.5	4.5.1	SE_PRE_GPIPARTN	Gender parity index for participation rate in organized learning (one year before the official primary entry age), (ratio)	2019.Q2.G.01	072	Botswana	018	Southern Africa	Country	BWA	1	23.81380223	-22.18810073	RATIO	Ratio			G	Global			UIS		[2005-2006,2008-2009,2012]: C: Country data // [2013-2014]: E: Estimated data						1.019	1.1021		1.06227	1.07564			1.05609	1.02284	1.05908					1.05908	2014
4	4.5	4.5.1	SE_PRE_GPIPARTN	Gender parity index for participation rate in organized learning (one year before the official primary entry age), (ratio)	2019.Q2.G.01	074	Bouvet Island	005	South America	Country	BVT	0	3.410732868	-54.43295905																																
4	4.5	4.5.1	SE_PRE_GPIPARTN	Gender parity index for participation rate in organized learning (one year before the official primary entry age), (ratio)	2019.Q2.G.01	076	Brazil	005	South America	Country	BRA	1	-53.08432878	-10.77668561	RATIO	Ratio			G	Global			UIS		C: Country data						1.00594		1.02075	1.007	1.04367		0.98437	1.02515	1.01721	1.02062	1.01119	1.03732			1.03732	2016
4	4.5	4.5.1	SE_PRE_GPIPARTN	Gender parity index for participation rate in organized learning (one year before the official primary entry age), (ratio)	2019.Q2.G.01	084	Belize	013	Central America	Country	BLZ	1	-88.70199554	17.19965901	RATIO	Ratio			G	Global			UIS		[2000,2003-2017]: C: Country data // [2001]: E: Estimated data	1.14553	1.03013		1.06609	0.96709	1.05295	1.07863	1.03023	1.0007	1.02376	1.0673	1.0161	1.00944	0.97763	1.00211	1.01832	0.99425	0.99832		0.99832	2017
4	4.5	4.5.1	SE_PRE_GPIPARTN	Gender parity index for participation rate in organized learning (one year before the official primary entry age), (ratio)	2019.Q2.G.01	086	British Indian Ocean Territory	014	Eastern Africa	Country	IOT	0	72.38715553	-7.299281071																																
4	4.5	4.5.1	SE_PRE_GPIPARTN	Gender parity index for participation rate in organized learning (one year before the official primary entry age), (ratio)	2019.Q2.G.01	090	Solomon Islands	054	Melanesia	Country	SLB	1	160.1584117	-9.622391719	RATIO	Ratio			G	Global			UIS		C: Country data														1.03622	1.05245	1.00814				1.00814	2015
4	4.5	4.5.1	SE_PRE_GPIPARTN	Gender parity index for participation rate in organized learning (one year before the official primary entry age), (ratio)	2019.Q2.G.01	092	British Virgin Islands	029	Caribbean	Country	VGB	0	-64.63294223	18.42256578																																
4	4.5	4.5.1	SE_PRE_GPIPARTN	Gender parity index for participation rate in organized learning (one year before the official primary entry age), (ratio)	2019.Q2.G.01	096	Brunei Darussalam	035	South-Eastern Asia	Country	BRN	1	114.6288563	4.49736984	RATIO	Ratio			G	Global			UIS		C: Country data							0.94967	1.01002	1.04699	1.02555	0.98506	0.9782	0.99849	1.0393	0.99296	0.97773	0.9965	0.99426		0.99426	2017
4	4.5	4.5.1	SE_PRE_GPIPARTN	Gender parity index for participation rate in organized learning (one year before the official primary entry age), (ratio)	2019.Q2.G.01	100	Bulgaria	151	Eastern Europe	Country	BGR	1	25.23763153	42.75731323	RATIO	Ratio			G	Global			UIS		C: Country data	0.99	1.01348	1.00454	0.9906	0.9806	1.00097	1.00579	1.00168	0.99267	0.98854	0.99994	1.00525	1.00265	0.9997	0.99033	0.99115	1.00727			1.00727	2016
4	4.5	4.5.1	SE_PRE_GPIPARTN	Gender parity index for participation rate in organized learning (one year before the official primary entry age), (ratio)	2019.Q2.G.01	104	Myanmar	035	South-Eastern Asia	Country	MMR	1	96.51752295	21.19332882																																
4	4.5	4.5.1	SE_PRE_GPIPARTN	Gender parity index for participation rate in organized learning (one year before the official primary entry age), (ratio)	2019.Q2.G.01	108	Burundi	014	Eastern Africa	Country	BDI	1	29.89080992	-3.366387428	RATIO	Ratio			G	Global			UIS		C: Country data											0.99895							1.00468		1.00468	2017
4	4.5	4.5.1	SE_PRE_GPIPARTN	Gender parity index for participation rate in organized learning (one year before the official primary entry age), (ratio)	2019.Q2.G.01	112	Belarus	151	Eastern Europe	Country	BLR	1	28.04940161	53.54193075	RATIO	Ratio			G	Global			UIS		[2004-2008,2012-2017]: C: Country data // [2009-2011]: E: Estimated data					0.9825	0.98672	0.99088	0.98479	0.98592	0.9678	0.97783	0.99541	0.99581	0.97892	0.97371	0.96352	0.96921	0.97174		0.97174	2017
4	4.5	4.5.1	SE_PRE_GPIPARTN	Gender parity index for participation rate in organized learning (one year before the official primary entry age), (ratio)	2019.Q2.G.01	116	Cambodia	035	South-Eastern Asia	Country	KHM	1	104.922836	12.71163737	RATIO	Ratio			G	Global			UIS		C: Country data							1.04739				1.01295		1.02658							1.02658	2012
4	4.5	4.5.1	SE_PRE_GPIPARTN	Gender parity index for participation rate in organized learning (one year before the official primary entry age), (ratio)	2019.Q2.G.01	120	Cameroon	017	Middle Africa	Country	CMR	1	12.7419827	5.692387031	RATIO	Ratio			G	Global			UIS		[2011]: E: Estimated data // [2012,2014-2017]: C: Country data												0.97476	0.97007		0.97906	0.97788	0.98951	0.99055		0.99055	2017
4	4.5	4.5.1	SE_PRE_GPIPARTN	Gender parity index for participation rate in organized learning (one year before the official primary entry age), (ratio)	2019.Q2.G.01	124	Canada	021	Northern America	Country	CAN	1	-101.6575058	57.72360191																																
4	4.5	4.5.1	SE_PRE_GPIPARTN	Gender parity index for participation rate in organized learning (one year before the official primary entry age), (ratio)	2019.Q2.G.01	132	Cabo Verde	011	Western Africa	Country	CPV	1	-23.63544151	15.07791834	RATIO	Ratio			G	Global			UIS		[2001,2003-2017]: C: Country data // [2002]: E: Estimated data		1.08509	1.01693	1.01602	1.05575	1.00595	1.02388	1.02391	0.98588	1.01288	1.0128	0.98668	1.00584	0.97902	1.02083	0.99149	1.01132	1.00668		1.00668	2017
4	4.5	4.5.1	SE_PRE_GPIPARTN	Gender parity index for participation rate in organized learning (one year before the official primary entry age), (ratio)	2019.Q2.G.01	136	Cayman Islands	029	Caribbean	Country	CYM	0	-81.16740559	19.32266656																																
4	4.5	4.5.1	SE_PRE_GPIPARTN	Gender parity index for participation rate in organized learning (one year before the official primary entry age), (ratio)	2019.Q2.G.01	140	Central African Republic	017	Middle Africa	Country	CAF	1	20.93559492	7.003720791	RATIO	Ratio			G	Global			UIS		C: Country data									0.98791	0.97911		1.01474								1.01474	2011
4	4.5	4.5.1	SE_PRE_GPIPARTN	Gender parity index for participation rate in organized learning (one year before the official primary entry age), (ratio)	2019.Q2.G.01	144	Sri Lanka	034	Southern Asia	Country	LKA	1	80.70489654	7.614693343																																
4	4.5	4.5.1	SE_PRE_GPIPARTN	Gender parity index for participation rate in organized learning (one year before the official primary entry age), (ratio)	2019.Q2.G.01	148	Chad	017	Middle Africa	Country	TCD	1	18.66618401	15.36279341	RATIO	Ratio			G	Global			UIS		C: Country data																0.86683	0.91677			0.91677	2016
4	4.5	4.5.1	SE_PRE_GPIPARTN	Gender parity index for participation rate in organized learning (one year before the official primary entry age), (ratio)	2019.Q2.G.01	152	Chile	005	South America	Country	CHL	1	-71.23029019	-35.2652885	RATIO	Ratio			G	Global			UIS		C: Country data								0.98515	1.00623	1.00026	0.99393	0.98755	0.99508	0.9931	0.99869	0.99849	0.99374	0.99681		0.99681	2017
4	4.5	4.5.1	SE_PRE_GPIPARTN	Gender parity index for participation rate in organized learning (one year before the official primary entry age), (ratio)	2019.Q2.G.01	156	China	030	Eastern Asia	Country	CHN	1	104.1403375	32.30955217																																
4	4.5	4.5.1	SE_PRE_GPIPARTN	Gender parity index for participation rate in organized learning (one year before the official primary entry age), (ratio)	2019.Q2.G.01	162	Christmas Island	053	Australia and New Zealand	Country	CXR	0	105.6426067	-10.4882473																																
4	4.5	4.5.1	SE_PRE_GPIPARTN	Gender parity index for participation rate in organized learning (one year before the official primary entry age), (ratio)	2019.Q2.G.01	166	Cocos (Keeling) Islands	053	Australia and New Zealand	Country	CCK	0	96.82633757	-12.18600682																																
4	4.5	4.5.1	SE_PRE_GPIPARTN	Gender parity index for participation rate in organized learning (one year before the official primary entry age), (ratio)	2019.Q2.G.01	170	Colombia	005	South America	Country	COL	1	-73.07446751	3.888209046	RATIO	Ratio			G	Global			UIS		[2004,2008-2012]: E: Estimated data // [2005-2007,2013-2014,2017]: C: Country data					1.02028	1.01351	1.01902	1.01455	1.01071	1.00357	1.00412	0.99965	1.01213	1.00694	1.00967			1.01696		1.01696	2017
4	4.5	4.5.1	SE_PRE_GPIPARTN	Gender parity index for participation rate in organized learning (one year before the official primary entry age), (ratio)	2019.Q2.G.01	174	Comoros	014	Eastern Africa	Country	COM	1	43.34234565	-11.66121732	RATIO	Ratio			G	Global			UIS		C: Country data																		0.94575		0.94575	2017
4	4.5	4.5.1	SE_PRE_GPIPARTN	Gender parity index for participation rate in organized learning (one year before the official primary entry age), (ratio)	2019.Q2.G.01	175	Mayotte	014	Eastern Africa	Country	MYT	0	45.14015057	-12.82217691																																
4	4.5	4.5.1	SE_PRE_GPIPARTN	Gender parity index for participation rate in organized learning (one year before the official primary entry age), (ratio)	2019.Q2.G.01	178	Congo	011	Western Africa	Country	COG	1	15.22052612	-0.840544119	RATIO	Ratio			G	Global			UIS		C: Country data						1.21828	0.98748				1.04039		1.11076							1.11076	2012
4	4.5	4.5.1	SE_PRE_GPIPARTN	Gender parity index for participation rate in organized learning (one year before the official primary entry age), (ratio)	2019.Q2.G.01	180	Democratic Republic of the Congo	017	Middle Africa	Country	COD	1	23.65496507	-2.877154732																																
4	4.5	4.5.1	SE_PRE_GPIPARTN	Gender parity index for participation rate in organized learning (one year before the official primary entry age), (ratio)	2019.Q2.G.01	184	Cook Islands	061	Polynesia	Country	COK	0	-159.7711391	-21.22696458	RATIO	Ratio			G	Global			UIS		C: Country data														1.02589	1.10104	1.12425	1.01733			1.01733	2016
4	4.5	4.5.1	SE_PRE_GPIPARTN	Gender parity index for participation rate in organized learning (one year before the official primary entry age), (ratio)	2019.Q2.G.01	188	Costa Rica	013	Central America	Country	CRI	1	-84.19712782	9.970998683	RATIO	Ratio			G	Global			UIS		C: Country data												1.01284	1.01412	1.00013	1.00483	0.99412	0.98555			0.98555	2016
4	4.5	4.5.1	SE_PRE_GPIPARTN	Gender parity index for participation rate in organized learning (one year before the official primary entry age), (ratio)	2019.Q2.G.01	191	Croatia	039	Southern Europe	Country	HRV	1	17.95874553	45.45172212	RATIO	Ratio			G	Global			UIS		C: Country data		1.01853	0.98998			1.0146	1.00723	0.98893	0.98082	0.98463	1.0271	0.99566	1.00029	0.97725	0.98708	0.95445	0.95132			0.95132	2016
4	4.5	4.5.1	SE_PRE_GPIPARTN	Gender parity index for participation rate in organized learning (one year before the official primary entry age), (ratio)	2019.Q2.G.01	192	Cuba	029	Caribbean	Country	CUB	1	-79.54460144	22.10030366	RATIO	Ratio			G	Global			UIS		C: Country data	1.00771	0.98846	0.98218	0.98788	0.99498	1.00454	0.98117	0.98831	0.9974	0.99241	0.98833	0.98819			1.01115	1.00361	1.00153	1.00486		1.00486	2017
4	4.5	4.5.1	SE_PRE_GPIPARTN	Gender parity index for participation rate in organized learning (one year before the official primary entry age), (ratio)	2019.Q2.G.01	196	Cyprus	145	Western Asia	Country	CYP	1	33.22285964	35.05659437	RATIO	Ratio			G	Global			UIS		C: Country data	1.01765	0.9992	0.97718	0.99749	1.02715	0.96807	0.97339	0.97787	1.00218	0.99246	1.00442	0.99474	0.9748	1.00478	0.99539	0.99618				0.99618	2015
4	4.5	4.5.1	SE_PRE_GPIPARTN	Gender parity index for participation rate in organized learning (one year before the official primary entry age), (ratio)	2019.Q2.G.01	203	Czechia	151	Eastern Europe	Country	CZE	1	15.33151382	49.73913871	RATIO	Ratio			G	Global			UIS		C: Country data	1.0007	0.99836	1.00016	0.99951	0.98364	0.99658	0.94748	0.95359	0.96752	0.9947	0.99623	0.99697	0.99293	0.99905	1.0017	1.00003	0.99638			0.99638	2016
4	4.5	4.5.1	SE_PRE_GPIPARTN	Gender parity index for participation rate in organized learning (one year before the official primary entry age), (ratio)	2019.Q2.G.01	204	Benin	011	Western Africa	Country	BEN	1	2.339933594	9.65401646	RATIO	Ratio			G	Global			UIS		C: Country data												0.98751	0.97479				1.00685			1.00685	2016
4	4.5	4.5.1	SE_PRE_GPIPARTN	Gender parity index for participation rate in organized learning (one year before the official primary entry age), (ratio)	2019.Q2.G.01	208	Denmark	154	Northern Europe	Country	DNK	1	9.326571283	56.03829721	RATIO	Ratio			G	Global			UIS		C: Country data	1.06146	1.00234	0.99375		1.01518	1.09757	1.10525	1.08308	1.1226	1.10883	0.99727	1.0073	0.99453	1.0024	1.04984	1.03523	1.01289			1.01289	2016
4	4.5	4.5.1	SE_PRE_GPIPARTN	Gender parity index for participation rate in organized learning (one year before the official primary entry age), (ratio)	2019.Q2.G.01	212	Dominica	029	Caribbean	Country	DMA	1	-61.3493756	15.43391378	RATIO	Ratio			G	Global			UIS		C: Country data		1.08039									1.24817					0.99191				0.99191	2015
4	4.5	4.5.1	SE_PRE_GPIPARTN	Gender parity index for participation rate in organized learning (one year before the official primary entry age), (ratio)	2019.Q2.G.01	214	Dominican Republic	029	Caribbean	Country	DOM	1	-70.49847576	18.89832088	RATIO	Ratio			G	Global			UIS		[2000,2002,2004-2017]: C: Country data // [2003]: E: Estimated data	1.03918		0.98486	1.01489	0.97535	1.01984	1.03243	1.03056	1.01808	0.91011	0.98541	1.00882	1.03432	1.03027	1.04026	1.03569	1.02931	1.02006		1.02006	2017
4	4.5	4.5.1	SE_PRE_GPIPARTN	Gender parity index for participation rate in organized learning (one year before the official primary entry age), (ratio)	2019.Q2.G.01	218	Ecuador	005	South America	Country	ECU	1	-78.37005241	-1.447785891	RATIO	Ratio			G	Global			UIS		C: Country data	1.03163	1.03447	1.0362	1.02877		1.02009	1.01861	1.0172		1.03328	1.01989	1.04046	1.04563	1.03124	1.02526	1.03726	1.0454			1.0454	2016
4	4.5	4.5.1	SE_PRE_GPIPARTN	Gender parity index for participation rate in organized learning (one year before the official primary entry age), (ratio)	2019.Q2.G.01	222	El Salvador	013	Central America	Country	SLV	1	-88.86862995	13.73603564	RATIO	Ratio			G	Global			UIS		[2000,2002]: E: Estimated data // [2001,2003,2005-2017]: C: Country data	1.09172	1.0433	1.06075	1.05096		1.02428	1.0411	1.03308	1.02609	1.00295	1.01248	1.02118	1.018	1.0143	1.028	1.02665	1.01795	1.00506		1.00506	2017
4	4.5	4.5.1	SE_PRE_GPIPARTN	Gender parity index for participation rate in organized learning (one year before the official primary entry age), (ratio)	2019.Q2.G.01	226	Equatorial Guinea	017	Middle Africa	Country	GNQ	1	10.46535826	1.565792376	RATIO	Ratio			G	Global			UIS		C: Country data	1.07105											1.0604				1.04132				1.04132	2015
4	4.5	4.5.1	SE_PRE_GPIPARTN	Gender parity index for participation rate in organized learning (one year before the official primary entry age), (ratio)	2019.Q2.G.01	231	Ethiopia	014	Eastern Africa	Country	ETH	1	39.63505296	8.631223181	RATIO	Ratio			G	Global			UIS		[2007-2010,2014-2015]: C: Country data // [2011-2012]: E: Estimated data								0.93365	0.94879	0.91748	0.93566	0.94058	1.11036		0.9233	0.93396				0.93396	2015
4	4.5	4.5.1	SE_PRE_GPIPARTN	Gender parity index for participation rate in organized learning (one year before the official primary entry age), (ratio)	2019.Q2.G.01	232	Eritrea	014	Eastern Africa	Country	ERI	1	38.11074289	16.12894644	RATIO	Ratio			G	Global			UIS		[2000-2008,2010-2015,2017]: C: Country data // [2009]: E: Estimated data	0.94787	0.91873	0.92074	0.96532	0.9787	0.98964	1.04076	0.96861	0.92688	0.96642	0.96479	0.9349	0.95915	0.98512	0.9922	0.97175		0.96712		0.96712	2017
4	4.5	4.5.1	SE_PRE_GPIPARTN	Gender parity index for participation rate in organized learning (one year before the official primary entry age), (ratio)	2019.Q2.G.01	233	Estonia	154	Northern Europe	Country	EST	1	25.84093481	58.68487172	RATIO	Ratio			G	Global			UIS		C: Country data											1.04683	0.99424	0.9658	1.002	1.00971	1.00397	1.03222			1.03222	2016
4	4.5	4.5.1	SE_PRE_GPIPARTN	Gender parity index for participation rate in organized learning (one year before the official primary entry age), (ratio)	2019.Q2.G.01	234	Faroe Islands	154	Northern Europe	Country	FRO	0	-7.122044325	62.21228119																																
4	4.5	4.5.1	SE_PRE_GPIPARTN	Gender parity index for participation rate in organized learning (one year before the official primary entry age), (ratio)	2019.Q2.G.01	238	Falkland Islands (Malvinas)	005	South America	Country	FLK	0	-58.75246778	-51.74562601																																
4	4.5	4.5.1	SE_PRE_GPIPARTN	Gender parity index for participation rate in organized learning (one year before the official primary entry age), (ratio)	2019.Q2.G.01	239	South Georgia and the South Sandwich Islands	005	South America	Country	SGS	0	-36.90662765	-54.20736749																																
4	4.5	4.5.1	SE_PRE_GPIPARTN	Gender parity index for participation rate in organized learning (one year before the official primary entry age), (ratio)	2019.Q2.G.01	242	Fiji	054	Melanesia	Country	FJI	1	177.9660884	-17.83301566	RATIO	Ratio			G	Global			UIS		C: Country data					1.06608		1.03791													1.03791	2006
4	4.5	4.5.1	SE_PRE_GPIPARTN	Gender parity index for participation rate in organized learning (one year before the official primary entry age), (ratio)	2019.Q2.G.01	246	Finland	154	Northern Europe	Country	FIN	1	23.308447	61.91586738	RATIO	Ratio			G	Global			UIS		C: Country data	0.99052	1.00752	0.99384	0.98947	1.00742	1.00078	0.99989	0.98675	0.99503	0.99299	1.00389	0.98815	1.00589	0.99981	0.99046	0.99977	1.00369			1.00369	2016
4	4.5	4.5.1	SE_PRE_GPIPARTN	Gender parity index for participation rate in organized learning (one year before the official primary entry age), (ratio)	2019.Q2.G.01	248	Åland Islands	154	Northern Europe	Country	ALA	0	19.80945969	60.1544901																																
4	4.5	4.5.1	SE_PRE_GPIPARTN	Gender parity index for participation rate in organized learning (one year before the official primary entry age), (ratio)	2019.Q2.G.01	250	France	155	Western Europe	Country	FRA	1	2.457288129	46.62660861	RATIO	Ratio			G	Global			UIS		C: Country data	1.00009	1.00019	1.00758	1.00625	1.00382	1.00649	1.00627	0.99774	1.00705	0.9962	1.00378	1.00471	1.00509	1.00553	0.99882	1.00529	0.99968			0.99968	2016
4	4.5	4.5.1	SE_PRE_GPIPARTN	Gender parity index for participation rate in organized learning (one year before the official primary entry age), (ratio)	2019.Q2.G.01	254	French Guiana	005	South America	Country	GUF	0	-53.23619089	3.922673437																																
4	4.5	4.5.1	SE_PRE_GPIPARTN	Gender parity index for participation rate in organized learning (one year before the official primary entry age), (ratio)	2019.Q2.G.01	258	French Polynesia	061	Polynesia	Country	PYF	0	-149.4052367	-17.67709294																																
4	4.5	4.5.1	SE_PRE_GPIPARTN	Gender parity index for participation rate in organized learning (one year before the official primary entry age), (ratio)	2019.Q2.G.01	260	French Southern Territories	014	Eastern Africa	Country	ATF	0	69.64849091	-49.6068576																																
4	4.5	4.5.1	SE_PRE_GPIPARTN	Gender parity index for participation rate in organized learning (one year before the official primary entry age), (ratio)	2019.Q2.G.01	262	Djibouti	014	Eastern Africa	Country	DJI	1	42.18274707	11.56004161	RATIO	Ratio			G	Global			UIS		[2000-2002,2004,2007-2008,2011,2016-2018]: C: Country data // [2006,2009]: E: Estimated data	0.85028	0.72705	0.81359		0.95677		1.0003	0.87629	0.83172	0.85182		1.06142					1.01752	1.00928	0.98472	0.98472	2018
4	4.5	4.5.1	SE_PRE_GPIPARTN	Gender parity index for participation rate in organized learning (one year before the official primary entry age), (ratio)	2019.Q2.G.01	266	Gabon	017	Middle Africa	Country	GAB	1	11.78727747	-0.60687619																																
4	4.5	4.5.1	SE_PRE_GPIPARTN	Gender parity index for participation rate in organized learning (one year before the official primary entry age), (ratio)	2019.Q2.G.01	268	Georgia	145	Western Asia	Country	GEO	1	43.3713615	42.04813028	RATIO	Ratio			G	Global			UIS		C: Country data					1.13226	1.10824	0.97477													0.97477	2006
4	4.5	4.5.1	SE_PRE_GPIPARTN	Gender parity index for participation rate in organized learning (one year before the official primary entry age), (ratio)	2019.Q2.G.01	270	Gambia	011	Western Africa	Country	GMB	1	-15.39944785	13.45295927																																
4	4.5	4.5.1	SE_PRE_GPIPARTN	Gender parity index for participation rate in organized learning (one year before the official primary entry age), (ratio)	2019.Q2.G.01	275	State of Palestine	145	Western Asia	Country	PSE	0	35.25694122	31.94347933	RATIO	Ratio			G	Global			UIS		[2000,2002-2015,2017]: C: Country data // [2001]: E: Estimated data	0.96803	0.91518	0.94114	0.98477	1.0032	1.02245	1.02331	1.06749	0.9791	0.98288	0.98325	1.01876	0.98433	0.98199	1.01175	0.77011		0.99795		0.99795	2017
4	4.5	4.5.1	SE_PRE_GPIPARTN	Gender parity index for participation rate in organized learning (one year before the official primary entry age), (ratio)	2019.Q2.G.01	276	Germany	155	Western Europe	Country	DEU	1	10.3806066	51.08862743																																
4	4.5	4.5.1	SE_PRE_GPIPARTN	Gender parity index for participation rate in organized learning (one year before the official primary entry age), (ratio)	2019.Q2.G.01	288	Ghana	011	Western Africa	Country	GHA	1	-1.205623522	7.964825185	RATIO	Ratio			G	Global			UIS		C: Country data														1.02515				1.02832	1.05407	1.05407	2018
4	4.5	4.5.1	SE_PRE_GPIPARTN	Gender parity index for participation rate in organized learning (one year before the official primary entry age), (ratio)	2019.Q2.G.01	292	Gibraltar	039	Southern Europe	Country	GIB	0	-5.347561686	36.13895036																																
4	4.5	4.5.1	SE_PRE_GPIPARTN	Gender parity index for participation rate in organized learning (one year before the official primary entry age), (ratio)	2019.Q2.G.01	296	Kiribati	057	Micronesia	Country	KIR	1	-157.5643005	1.768837732																																
4	4.5	4.5.1	SE_PRE_GPIPARTN	Gender parity index for participation rate in organized learning (one year before the official primary entry age), (ratio)	2019.Q2.G.01	300	Greece	039	Southern Europe	Country	GRC	1	22.58307827	39.47301873	RATIO	Ratio			G	Global			UIS		[2000-2007,2010-2012,2014-2016]: C: Country data // [2013]: E: Estimated data	1.0154	0.98293	1.02298	1.01165	1.00673	0.99597	0.98422	0.98011			0.99156	0.99003	0.99279	0.98574	1.00523	1.01581	1.02119			1.02119	2016
4	4.5	4.5.1	SE_PRE_GPIPARTN	Gender parity index for participation rate in organized learning (one year before the official primary entry age), (ratio)	2019.Q2.G.01	304	Greenland	021	Northern America	Country	GRL	0	-41.39371316	74.75625681																																
4	4.5	4.5.1	SE_PRE_GPIPARTN	Gender parity index for participation rate in organized learning (one year before the official primary entry age), (ratio)	2019.Q2.G.01	308	Grenada	029	Caribbean	Country	GRD	1	-61.68248568	12.11238395	RATIO	Ratio			G	Global			UIS		[2002-2003,2007-2009,2016-2017]: C: Country data // [2004,2010]: E: Estimated data			1.01739	0.99478	1.03546			0.98082	0.97932	1.11268	1.04726						0.94918	0.96864		0.96864	2017
4	4.5	4.5.1	SE_PRE_GPIPARTN	Gender parity index for participation rate in organized learning (one year before the official primary entry age), (ratio)	2019.Q2.G.01	312	Guadeloupe	029	Caribbean	Country	GLP	0	-61.64762115	16.14416917																																
4	4.5	4.5.1	SE_PRE_GPIPARTN	Gender parity index for participation rate in organized learning (one year before the official primary entry age), (ratio)	2019.Q2.G.01	316	Guam	057	Micronesia	Country	GUM	0	144.7029305	13.35485404																																
4	4.5	4.5.1	SE_PRE_GPIPARTN	Gender parity index for participation rate in organized learning (one year before the official primary entry age), (ratio)	2019.Q2.G.01	320	Guatemala	013	Central America	Country	GTM	1	-91.2312746	15.00273719	RATIO	Ratio			G	Global			UIS		[2000-2002,2004-2009,2013-2017]: C: Country data // [2010-2012]: E: Estimated data	0.98176	0.99502	0.99006		1.01115	1.00976	1.01428	1.01794	1.01749	1.02526	1.03126	1.02415	1.01711	1.0037	1.01149	1.00968	1.00833	1.00599		1.00599	2017
4	4.5	4.5.1	SE_PRE_GPIPARTN	Gender parity index for participation rate in organized learning (one year before the official primary entry age), (ratio)	2019.Q2.G.01	324	Guinea	011	Western Africa	Country	GIN	1	-11.28173419	11.00210343	RATIO	Ratio			G	Global			UIS		[2004-2008,2010-2011,2013-2014,2016]: C: Country data // [2009]: E: Estimated data					0.96165	0.9698	0.98873	1.00473	1.01306	0.98373	0.93014	0.91485		0.92218	0.92121		0.91525			0.91525	2016
4	4.5	4.5.1	SE_PRE_GPIPARTN	Gender parity index for participation rate in organized learning (one year before the official primary entry age), (ratio)	2019.Q2.G.01	328	Guyana	005	South America	Country	GUY	1	-58.97322037	4.788012784	RATIO	Ratio			G	Global			UIS		C: Country data				1.02966					0.98891	1.01265	1.0305	1.0082	1.04839							1.04839	2012
4	4.5	4.5.1	SE_PRE_GPIPARTN	Gender parity index for participation rate in organized learning (one year before the official primary entry age), (ratio)	2019.Q2.G.01	332	Haiti	029	Caribbean	Country	HTI	1	-72.33640958	18.40426539																																
4	4.5	4.5.1	SE_PRE_GPIPARTN	Gender parity index for participation rate in organized learning (one year before the official primary entry age), (ratio)	2019.Q2.G.01	334	Heard Island and McDonald Islands	053	Australia and New Zealand	Country	HMD	0	73.52633626	-53.09106147																																
4	4.5	4.5.1	SE_PRE_GPIPARTN	Gender parity index for participation rate in organized learning (one year before the official primary entry age), (ratio)	2019.Q2.G.01	336	Holy See	039	Southern Europe	Country	VAT	0	12.45315803	41.90343751	RATIO	Ratio			G	Global			UIS		C: Country data	0.0	0.0	0.0	0.0	0.0	0.0	0.0	0.0	0.0	0.0	0.0	0.0	0.0	0.0	0.0	0.0	0.0	0.0	0.0	0.0	2018
4	4.5	4.5.1	SE_PRE_GPIPARTN	Gender parity index for participation rate in organized learning (one year before the official primary entry age), (ratio)	2019.Q2.G.01	340	Honduras	013	Central America	Country	HND	1	-86.59974381	14.82243161	RATIO	Ratio			G	Global			UIS		C: Country data														1.01723	1.01592	1.03559	1.02852	1.01052		1.01052	2017
4	4.5	4.5.1	SE_PRE_GPIPARTN	Gender parity index for participation rate in organized learning (one year before the official primary entry age), (ratio)	2019.Q2.G.01	344	China, Hong Kong Special Administrative Region	030	Eastern Asia	Country	HKG	0	114.0266445	22.41749934	RATIO	Ratio			G	Global			UIS		E: Estimated data													0.99239	1.0009	0.99695	1.02124	0.99795	0.99003		0.99003	2017
4	4.5	4.5.1	SE_PRE_GPIPARTN	Gender parity index for participation rate in organized learning (one year before the official primary entry age), (ratio)	2019.Q2.G.01	348	Hungary	151	Eastern Europe	Country	HUN	1	19.41221519	47.1651448	RATIO	Ratio			G	Global			UIS		C: Country data				0.99177	0.98401	1.00265	0.98605	0.99872	0.99588	1.00031	0.99549	1.0036	0.98686			0.99055	0.98257			0.98257	2016
4	4.5	4.5.1	SE_PRE_GPIPARTN	Gender parity index for participation rate in organized learning (one year before the official primary entry age), (ratio)	2019.Q2.G.01	352	Iceland	154	Northern Europe	Country	ISL	1	-19.02116966	64.79134763	RATIO	Ratio			G	Global			UIS		C: Country data	1.01607	0.9598	0.99618	0.98615	0.98845	1.04478	1.0059	0.97876	1.00891			0.96472	0.98019	0.96472	0.99899	1.00419	1.02433			1.02433	2016
4	4.5	4.5.1	SE_PRE_GPIPARTN	Gender parity index for participation rate in organized learning (one year before the official primary entry age), (ratio)	2019.Q2.G.01	356	India	034	Southern Asia	Country	IND	1	79.3608464	22.34642074																																
4	4.5	4.5.1	SE_PRE_GPIPARTN	Gender parity index for participation rate in organized learning (one year before the official primary entry age), (ratio)	2019.Q2.G.01	360	Indonesia	035	South-Eastern Asia	Country	IDN	1	113.9174	-0.994582204	RATIO	Ratio			G	Global			UIS		[2013,2016-2017]: C: Country data // [2014]: E: Estimated data														1.00357	0.97341		1.0769	1.06735		1.06735	2017
4	4.5	4.5.1	SE_PRE_GPIPARTN	Gender parity index for participation rate in organized learning (one year before the official primary entry age), (ratio)	2019.Q2.G.01	364	Iran (Islamic Republic of)	034	Southern Asia	Country	IRN	1	54.19766348	32.74370885	RATIO	Ratio			G	Global			UIS		C: Country data				1.11635										0.98618	0.95148	0.97509	0.97736			0.97736	2016
4	4.5	4.5.1	SE_PRE_GPIPARTN	Gender parity index for participation rate in organized learning (one year before the official primary entry age), (ratio)	2019.Q2.G.01	368	Iraq	145	Western Asia	Country	IRQ	1	43.76606267	33.05013795	RATIO	Ratio			G	Global			UIS		[2000,2004]: C: Country data // [2003,2007]: E: Estimated data	0.99773			1.00663	1.02141			0.94207												0.94207	2007
4	4.5	4.5.1	SE_PRE_GPIPARTN	Gender parity index for participation rate in organized learning (one year before the official primary entry age), (ratio)	2019.Q2.G.01	372	Ireland	154	Northern Europe	Country	IRL	1	-7.121425272	53.25274054	RATIO	Ratio			G	Global			UIS		C: Country data													1.02275	1.01172	1.00851	0.99981	1.00872			1.00872	2016
4	4.5	4.5.1	SE_PRE_GPIPARTN	Gender parity index for participation rate in organized learning (one year before the official primary entry age), (ratio)	2019.Q2.G.01	376	Israel	145	Western Asia	Country	ISR	1	34.62277992	31.06164552	RATIO	Ratio			G	Global			UIS		C: Country data	0.99126	0.98799	0.99033	0.99068	0.99049	1.00174	1.00489	0.99274	1.01519	1.03351	0.9951	0.9951	1.00238	0.9973	1.01031	1.0104	1.00625	1.01803		1.01803	2017
4	4.5	4.5.1	SE_PRE_GPIPARTN	Gender parity index for participation rate in organized learning (one year before the official primary entry age), (ratio)	2019.Q2.G.01	380	Italy	039	Southern Europe	Country	ITA	1	12.57022427	42.79917282	RATIO	Ratio			G	Global			UIS		C: Country data	0.9982	0.98087	0.98223	0.9908	0.97934	0.98133	0.97965	0.98441	0.98923	0.98561	0.992	0.98255	0.98086	0.98828	0.99368	0.9867	0.98007			0.98007	2016
4	4.5	4.5.1	SE_PRE_GPIPARTN	Gender parity index for participation rate in organized learning (one year before the official primary entry age), (ratio)	2019.Q2.G.01	384	Côte d'Ivoire	011	Western Africa	Country	CIV	1	-5.552690016	7.62211586	RATIO	Ratio			G	Global			UIS		C: Country data	0.81902	0.83065	0.8081	0.83496						0.97144				0.99031	0.8368		1.00091	1.01451		1.01451	2017
4	4.5	4.5.1	SE_PRE_GPIPARTN	Gender parity index for participation rate in organized learning (one year before the official primary entry age), (ratio)	2019.Q2.G.01	388	Jamaica	029	Caribbean	Country	JAM	1	-77.31068409	18.15616857	RATIO	Ratio			G	Global			UIS		C: Country data														0.9987	1.08322	1.07686	0.95653	1.07432		1.07432	2017
4	4.5	4.5.1	SE_PRE_GPIPARTN	Gender parity index for participation rate in organized learning (one year before the official primary entry age), (ratio)	2019.Q2.G.01	392	Japan	030	Eastern Asia	Country	JPN	1	139.2716103	36.6554539																																
4	4.5	4.5.1	SE_PRE_GPIPARTN	Gender parity index for participation rate in organized learning (one year before the official primary entry age), (ratio)	2019.Q2.G.01	398	Kazakhstan	143	Central Asia	Country	KAZ	1	66.65359159	48.01963494	RATIO	Ratio			G	Global			UIS		C: Country data																		1.04816	1.0367	1.0367	2018
4	4.5	4.5.1	SE_PRE_GPIPARTN	Gender parity index for participation rate in organized learning (one year before the official primary entry age), (ratio)	2019.Q2.G.01	400	Jordan	145	Western Asia	Country	JOR	1	37.13024774	30.65365973	RATIO	Ratio			G	Global			UIS		C: Country data	0.94337		0.95758	0.95226	0.97918															0.97918	2004
4	4.5	4.5.1	SE_PRE_GPIPARTN	Gender parity index for participation rate in organized learning (one year before the official primary entry age), (ratio)	2019.Q2.G.01	404	Kenya	014	Eastern Africa	Country	KEN	1	37.86096816	0.534797278	RATIO	Ratio			G	Global			UIS		[2001,2009]: E: Estimated data // [2002-2008]: C: Country data		1.02208	1.01387	1.0643	1.02596	1.0238	0.98417	0.97035	0.99685	0.99596										0.99596	2009
4	4.5	4.5.1	SE_PRE_GPIPARTN	Gender parity index for participation rate in organized learning (one year before the official primary entry age), (ratio)	2019.Q2.G.01	408	Democratic People's Republic of Korea	030	Eastern Asia	Country	PRK	1	127.1803633	40.1462645																																
4	4.5	4.5.1	SE_PRE_GPIPARTN	Gender parity index for participation rate in organized learning (one year before the official primary entry age), (ratio)	2019.Q2.G.01	410	Republic of Korea	030	Eastern Asia	Country	KOR	1	127.8610254	36.45201023	RATIO	Ratio			G	Global			UIS		C: Country data						0.99962								1.00873	0.99757	0.99612	0.99507			0.99507	2016
4	4.5	4.5.1	SE_PRE_GPIPARTN	Gender parity index for participation rate in organized learning (one year before the official primary entry age), (ratio)	2019.Q2.G.01	414	Kuwait	145	Western Asia	Country	KWT	1	47.49305029	29.53949468	RATIO	Ratio			G	Global			UIS		C: Country data								0.96734					1.03771	1.02131	1.02401		1.05405	1.02116		1.02116	2017
4	4.5	4.5.1	SE_PRE_GPIPARTN	Gender parity index for participation rate in organized learning (one year before the official primary entry age), (ratio)	2019.Q2.G.01	417	Kyrgyzstan	143	Central Asia	Country	KGZ	1	74.52324839	41.46204516	RATIO	Ratio			G	Global			UIS		C: Country data	1.03891	1.01127	1.03374	1.06094	1.01399	1.00377	1.03984	1.06424	1.06709	1.0442	1.05792	1.03886	1.03779	1.05843	1.04014	1.04081	1.02994	1.01918		1.01918	2017
4	4.5	4.5.1	SE_PRE_GPIPARTN	Gender parity index for participation rate in organized learning (one year before the official primary entry age), (ratio)	2019.Q2.G.01	418	Lao People's Democratic Republic	035	South-Eastern Asia	Country	LAO	1	101.9901968	20.27482773	RATIO	Ratio			G	Global			UIS		C: Country data												1.02982	1.03585	1.02155	1.02686	1.02876	1.01769	1.01656		1.01656	2017
4	4.5	4.5.1	SE_PRE_GPIPARTN	Gender parity index for participation rate in organized learning (one year before the official primary entry age), (ratio)	2019.Q2.G.01	422	Lebanon	145	Western Asia	Country	LBN	1	35.89391711	33.92152458	RATIO	Ratio			G	Global			UIS		[2000-2005]: E: Estimated data // [2006-2017]: C: Country data	1.00477	1.00792	0.9865	0.98011	0.9494	0.95706	0.9368	0.93176	0.95693	0.98052	0.95144	0.9525	0.96008	0.94928	0.9416	0.94273	0.96143	0.94679		0.94679	2017
4	4.5	4.5.1	SE_PRE_GPIPARTN	Gender parity index for participation rate in organized learning (one year before the official primary entry age), (ratio)	2019.Q2.G.01	426	Lesotho	018	Southern Africa	Country	LSO	1	28.25362195	-29.58041814	RATIO	Ratio			G	Global			UIS		C: Country data														1.05805	1.03666	1.02691	1.03766			1.03766	2016
4	4.5	4.5.1	SE_PRE_GPIPARTN	Gender parity index for participation rate in organized learning (one year before the official primary entry age), (ratio)	2019.Q2.G.01	428	Latvia	154	Northern Europe	Country	LVA	1	26.42461876	56.64196636	RATIO	Ratio			G	Global			UIS		C: Country data				0.96925	0.9849	0.97835	0.99247	0.99159	0.96926	0.99066	0.99041	0.99292	1.01421	1.00978	1.01024	1.00075	1.01235	1.01258		1.01258	2017
4	4.5	4.5.1	SE_PRE_GPIPARTN	Gender parity index for participation rate in organized learning (one year before the official primary entry age), (ratio)	2019.Q2.G.01	430	Liberia	011	Western Africa	Country	LBR	1	-9.311879038	6.448381009	RATIO	Ratio			G	Global			UIS		[2000]: E: Estimated data // [2014-2015]: C: Country data	0.83227														0.94299	0.94601				0.94601	2015
4	4.5	4.5.1	SE_PRE_GPIPARTN	Gender parity index for participation rate in organized learning (one year before the official primary entry age), (ratio)	2019.Q2.G.01	434	Libya	015	Northern Africa	Country	LBY	1	18.0295985	27.04042819																																
4	4.5	4.5.1	SE_PRE_GPIPARTN	Gender parity index for participation rate in organized learning (one year before the official primary entry age), (ratio)	2019.Q2.G.01	438	Liechtenstein	155	Western Europe	Country	LIE	1	9.552985019	47.14167005	RATIO	Ratio			G	Global			UIS		C: Country data				0.97153	1.01956		1.0745	0.98767	1.05926	1.02634	0.98959	1.01052	1.0164		1.00775	0.9587	0.99949			0.99949	2016
4	4.5	4.5.1	SE_PRE_GPIPARTN	Gender parity index for participation rate in organized learning (one year before the official primary entry age), (ratio)	2019.Q2.G.01	440	Lithuania	154	Northern Europe	Country	LTU	1	23.90517807	55.33680309	RATIO	Ratio			G	Global			UIS		C: Country data	1.03154	1.03343	0.99647	0.99072	0.99069	1.02954	1.00939	1.01037	1.02553	1.00403	1.00019	0.98923	0.99444	1.00233	1.00151	1.00116	1.00657			1.00657	2016
4	4.5	4.5.1	SE_PRE_GPIPARTN	Gender parity index for participation rate in organized learning (one year before the official primary entry age), (ratio)	2019.Q2.G.01	442	Luxembourg	155	Western Europe	Country	LUX	1	6.092656563	49.77679538	RATIO	Ratio			G	Global			UIS		C: Country data		1.0257	0.99786			1.01561	0.95291	1.06441	0.99965		0.99003	0.98812	1.0315	1.04022	1.01582	0.98043	0.9888			0.9888	2016
4	4.5	4.5.1	SE_PRE_GPIPARTN	Gender parity index for participation rate in organized learning (one year before the official primary entry age), (ratio)	2019.Q2.G.01	446	China, Macao Special Administrative Region	030	Eastern Asia	Country	MAC	0	113.5665388	22.1237259	RATIO	Ratio			G	Global			UIS		C: Country data	0.98451	1.00719	0.98513	0.95025	0.9813	1.05022	0.97397	1.04864	1.05377	0.97111	0.99279	1.02635	0.98091	1.02676	0.96586	1.00084	0.98727	1.01457		1.01457	2017
4	4.5	4.5.1	SE_PRE_GPIPARTN	Gender parity index for participation rate in organized learning (one year before the official primary entry age), (ratio)	2019.Q2.G.01	450	Madagascar	014	Eastern Africa	Country	MDG	1	46.6982339	-19.38514785	RATIO	Ratio			G	Global			UIS		C: Country data	1.0663	1.06775																		1.06775	2001
4	4.5	4.5.1	SE_PRE_GPIPARTN	Gender parity index for participation rate in organized learning (one year before the official primary entry age), (ratio)	2019.Q2.G.01	454	Malawi	014	Eastern Africa	Country	MWI	1	33.4884625	-13.40819859																																
4	4.5	4.5.1	SE_PRE_GPIPARTN	Gender parity index for participation rate in organized learning (one year before the official primary entry age), (ratio)	2019.Q2.G.01	458	Malaysia	035	South-Eastern Asia	Country	MYS	1	116.8346314	5.452415309	RATIO	Ratio			G	Global			UIS		C: Country data			1.06368		1.0703	1.05275	1.09384	1.05597	1.03867	1.04148	1.05734		1.02401	1.01898	1.00855	1.01306				1.01306	2015
4	4.5	4.5.1	SE_PRE_GPIPARTN	Gender parity index for participation rate in organized learning (one year before the official primary entry age), (ratio)	2019.Q2.G.01	462	Maldives	034	Southern Asia	Country	MDV	1	73.09672546	-0.614385021	RATIO	Ratio			G	Global			UIS		C: Country data	1.01185	1.03096	1.01859			0.99571	0.99551	1.01118								1.10717	0.99943	0.97978		0.97978	2017
4	4.5	4.5.1	SE_PRE_GPIPARTN	Gender parity index for participation rate in organized learning (one year before the official primary entry age), (ratio)	2019.Q2.G.01	466	Mali	011	Western Africa	Country	MLI	1	-3.522016039	17.35311254	RATIO	Ratio			G	Global			UIS		[2009]: E: Estimated data // [2010-2011,2014-2017]: C: Country data										0.8963	0.90886	0.92164			0.90327	0.91149	0.88069	0.92082		0.92082	2017
4	4.5	4.5.1	SE_PRE_GPIPARTN	Gender parity index for participation rate in organized learning (one year before the official primary entry age), (ratio)	2019.Q2.G.01	470	Malta	039	Southern Europe	Country	MLT	1	14.44617519	35.89194275	RATIO	Ratio			G	Global			UIS		C: Country data												0.99241	0.98544	1.01901	1.00705	1.05706	1.04353			1.04353	2016
4	4.5	4.5.1	SE_PRE_GPIPARTN	Gender parity index for participation rate in organized learning (one year before the official primary entry age), (ratio)	2019.Q2.G.01	474	Martinique	029	Caribbean	Country	MTQ	0	-60.91544135	14.56086108																																
4	4.5	4.5.1	SE_PRE_GPIPARTN	Gender parity index for participation rate in organized learning (one year before the official primary entry age), (ratio)	2019.Q2.G.01	478	Mauritania	011	Western Africa	Country	MRT	1	-10.33187259	20.26089546																																
4	4.5	4.5.1	SE_PRE_GPIPARTN	Gender parity index for participation rate in organized learning (one year before the official primary entry age), (ratio)	2019.Q2.G.01	480	Mauritius	014	Eastern Africa	Country	MUS	1	57.568022	-20.28581998	RATIO	Ratio			G	Global			UIS		[2000-2002,2004-2017]: C: Country data // [2003]: E: Estimated data	1.00332	1.0281	1.0032	1.0256	1.0	1.0093	1.02854	1.02499	1.01259	1.02794	1.00569	0.98974	1.02323	1.03003	0.99628	1.0436	1.02493	0.98074		0.98074	2017
4	4.5	4.5.1	SE_PRE_GPIPARTN	Gender parity index for participation rate in organized learning (one year before the official primary entry age), (ratio)	2019.Q2.G.01	484	Mexico	013	Central America	Country	MEX	1	-102.5148166	23.93378032	RATIO	Ratio			G	Global			UIS		C: Country data	1.00922	1.00448	1.00226	0.99705	0.99813	0.99809	1.00083	1.00648	1.0156	1.02411	1.026	1.02641	1.02566	1.0221	1.01755	1.01266	1.01156	1.01304		1.01304	2017
4	4.5	4.5.1	SE_PRE_GPIPARTN	Gender parity index for participation rate in organized learning (one year before the official primary entry age), (ratio)	2019.Q2.G.01	492	Monaco	155	Western Europe	Country	MCO	1	7.424214814	43.73532918																																
4	4.5	4.5.1	SE_PRE_GPIPARTN	Gender parity index for participation rate in organized learning (one year before the official primary entry age), (ratio)	2019.Q2.G.01	496	Mongolia	030	Eastern Asia	Country	MNG	1	103.0728057	46.83892054	RATIO	Ratio			G	Global			UIS		C: Country data								1.07418	1.09973	1.03612	1.02371	1.0546	0.99802	1.03404	0.989	1.00933	1.0037	0.98904		0.98904	2017
4	4.5	4.5.1	SE_PRE_GPIPARTN	Gender parity index for participation rate in organized learning (one year before the official primary entry age), (ratio)	2019.Q2.G.01	498	Republic of Moldova	151	Eastern Europe	Country	MDA	1	28.4650624	47.20236795	RATIO	Ratio			G	Global			UIS		[2003-2004]: E: Estimated data // [2005-2017]: C: Country data				0.99716	0.96748	0.99887	0.99612	0.99484	0.99706	0.99944	1.01015	1.04522	1.02503	0.9953	1.00329	1.00469	1.07181	1.03291		1.03291	2017
4	4.5	4.5.1	SE_PRE_GPIPARTN	Gender parity index for participation rate in organized learning (one year before the official primary entry age), (ratio)	2019.Q2.G.01	499	Montenegro	039	Southern Europe	Country	MNE	1	19.25214024	42.78717043	RATIO	Ratio			G	Global			UIS		C: Country data													1.01309			0.92447	0.9572	0.99487		0.99487	2017
4	4.5	4.5.1	SE_PRE_GPIPARTN	Gender parity index for participation rate in organized learning (one year before the official primary entry age), (ratio)	2019.Q2.G.01	500	Montserrat	029	Caribbean	Country	MSR	0	-62.19261223	16.73558313	RATIO	Ratio			G	Global			UIS		[2002,2004-2005,2007]: C: Country data // [2006]: E: Estimated data			1.0		0.7906	1.69355	1.125	1.05794												1.05794	2007
4	4.5	4.5.1	SE_PRE_GPIPARTN	Gender parity index for participation rate in organized learning (one year before the official primary entry age), (ratio)	2019.Q2.G.01	504	Morocco	015	Northern Africa	Country	MAR	1	-6.281942841	31.8440131	RATIO	Ratio			G	Global			UIS		[2000-2003,2006-2008,2010-2012]: C: Country data // [2013-2017]: E: Estimated data	0.59187	0.67265	0.59743	0.61843			0.70178	0.76549	0.80113		0.81475	0.82784	0.84042	0.846	0.87297	0.80547	0.83351	0.84684		0.84684	2017
4	4.5	4.5.1	SE_PRE_GPIPARTN	Gender parity index for participation rate in organized learning (one year before the official primary entry age), (ratio)	2019.Q2.G.01	508	Mozambique	014	Eastern Africa	Country	MOZ	1	38.18479941	-14.27963886																																
4	4.5	4.5.1	SE_PRE_GPIPARTN	Gender parity index for participation rate in organized learning (one year before the official primary entry age), (ratio)	2019.Q2.G.01	512	Oman	145	Western Asia	Country	OMN	1	57.87743482	21.98805614	RATIO	Ratio			G	Global			UIS		[2009]: E: Estimated data // [2011-2017]: C: Country data										0.9672		0.96058	0.96345	1.02083	1.04393	1.00392	1.03107	1.03707		1.03707	2017
4	4.5	4.5.1	SE_PRE_GPIPARTN	Gender parity index for participation rate in organized learning (one year before the official primary entry age), (ratio)	2019.Q2.G.01	516	Namibia	018	Southern Africa	Country	NAM	1	17.21907885	-22.13817068	RATIO	Ratio			G	Global			UIS		C: Country data														1.0704				1.05628		1.05628	2017
4	4.5	4.5.1	SE_PRE_GPIPARTN	Gender parity index for participation rate in organized learning (one year before the official primary entry age), (ratio)	2019.Q2.G.01	520	Nauru	057	Micronesia	Country	NRU	1	166.92313	-0.528742623	RATIO	Ratio			G	Global			UIS		C: Country data								0.78483					0.79932				1.25193			1.25193	2016
4	4.5	4.5.1	SE_PRE_GPIPARTN	Gender parity index for participation rate in organized learning (one year before the official primary entry age), (ratio)	2019.Q2.G.01	524	Nepal	034	Southern Asia	Country	NPL	1	83.94678863	28.25866332	RATIO	Ratio			G	Global			UIS		C: Country data												1.11248	1.09405		1.01402	0.99588	0.97215	0.93711		0.93711	2017
4	4.5	4.5.1	SE_PRE_GPIPARTN	Gender parity index for participation rate in organized learning (one year before the official primary entry age), (ratio)	2019.Q2.G.01	528	Netherlands	155	Western Europe	Country	NLD	1	5.331480568	51.86728884	RATIO	Ratio			G	Global			UIS		[2011-2012,2015-2016]: C: Country data // [2013-2014]: E: Estimated data												1.012	1.00505	1.01567	1.00591	1.00895	1.01654			1.01654	2016
4	4.5	4.5.1	SE_PRE_GPIPARTN	Gender parity index for participation rate in organized learning (one year before the official primary entry age), (ratio)	2019.Q2.G.01	530	Netherlands Antilles	029	Caribbean	Country	ANT	0	-68.30676179	12.22720635																																
4	4.5	4.5.1	SE_PRE_GPIPARTN	Gender parity index for participation rate in organized learning (one year before the official primary entry age), (ratio)	2019.Q2.G.01	531	Curaçao	029	Caribbean	Country	CUW	0	-68.95033464	12.15058042																																
4	4.5	4.5.1	SE_PRE_GPIPARTN	Gender parity index for participation rate in organized learning (one year before the official primary entry age), (ratio)	2019.Q2.G.01	533	Aruba	029	Caribbean	Country	ABW	0	-69.97050586	12.50878756	RATIO	Ratio			G	Global			UIS		C: Country data	0.98352	0.98617	0.9624	0.94864	1.06544	1.03322	0.9772	1.00498	1.02541	1.0102	0.93277			0.9761	1.00022					1.00022	2014
4	4.5	4.5.1	SE_PRE_GPIPARTN	Gender parity index for participation rate in organized learning (one year before the official primary entry age), (ratio)	2019.Q2.G.01	534	Sint Maarten (Dutch part)	029	Caribbean	Country	SXM	0	-63.06198692	18.03926508																																
4	4.5	4.5.1	SE_PRE_GPIPARTN	Gender parity index for participation rate in organized learning (one year before the official primary entry age), (ratio)	2019.Q2.G.01	540	New Caledonia	054	Melanesia	Country	NCL	0	165.5067368	-21.41742531																																
4	4.5	4.5.1	SE_PRE_GPIPARTN	Gender parity index for participation rate in organized learning (one year before the official primary entry age), (ratio)	2019.Q2.G.01	548	Vanuatu	054	Melanesia	Country	VUT	1	167.0679779	-15.34445547																																
4	4.5	4.5.1	SE_PRE_GPIPARTN	Gender parity index for participation rate in organized learning (one year before the official primary entry age), (ratio)	2019.Q2.G.01	554	New Zealand	053	Australia and New Zealand	Country	NZL	1	170.4755673	-43.98721568	RATIO	Ratio			G	Global			UIS		C: Country data															1.02773	1.01359	1.00947	1.00769		1.00769	2017
4	4.5	4.5.1	SE_PRE_GPIPARTN	Gender parity index for participation rate in organized learning (one year before the official primary entry age), (ratio)	2019.Q2.G.01	558	Nicaragua	013	Central America	Country	NIC	1	-85.03060315	12.84210839	RATIO	Ratio			G	Global			UIS		C: Country data	1.04536				1.05584						1.02197									1.02197	2010
4	4.5	4.5.1	SE_PRE_GPIPARTN	Gender parity index for participation rate in organized learning (one year before the official primary entry age), (ratio)	2019.Q2.G.01	562	Niger	011	Western Africa	Country	NER	1	9.400167877	17.42143036	RATIO	Ratio			G	Global			UIS		[2000-2007,2010-2013,2016-2017]: C: Country data // [2008-2009]: E: Estimated data	0.86051	0.88336	0.85469	0.83889	0.84033	0.83819	0.9066	0.91865	0.98319	0.95459	0.97051	0.96543	0.96497	0.97693			0.97904	0.98692		0.98692	2017
4	4.5	4.5.1	SE_PRE_GPIPARTN	Gender parity index for participation rate in organized learning (one year before the official primary entry age), (ratio)	2019.Q2.G.01	566	Nigeria	011	Western Africa	Country	NGA	1	8.097363256	9.585789025																																
4	4.5	4.5.1	SE_PRE_GPIPARTN	Gender parity index for participation rate in organized learning (one year before the official primary entry age), (ratio)	2019.Q2.G.01	570	Niue	061	Polynesia	Country	NIU	0	-169.8601693	-19.05000475	RATIO	Ratio			G	Global			UIS		C: Country data																4.31818				4.31818	2015
4	4.5	4.5.1	SE_PRE_GPIPARTN	Gender parity index for participation rate in organized learning (one year before the official primary entry age), (ratio)	2019.Q2.G.01	574	Norfolk Island	053	Australia and New Zealand	Country	NFK	0	167.9515548	-29.03230018																																
4	4.5	4.5.1	SE_PRE_GPIPARTN	Gender parity index for participation rate in organized learning (one year before the official primary entry age), (ratio)	2019.Q2.G.01	578	Norway	154	Northern Europe	Country	NOR	1	11.47846389	61.34311134	RATIO	Ratio			G	Global			UIS		[2000-2001,2008-2017]: C: Country data // [2002]: E: Estimated data	1.05906	1.05886	1.05775						1.01055	0.99887	0.98602	0.99711	0.99424	0.99862	0.99941	1.00312	1.00007	1.00443		1.00443	2017
4	4.5	4.5.1	SE_PRE_GPIPARTN	Gender parity index for participation rate in organized learning (one year before the official primary entry age), (ratio)	2019.Q2.G.01	580	Northern Mariana Islands	057	Micronesia	Country	MNP	0	145.7582114	15.19099517																																
4	4.5	4.5.1	SE_PRE_GPIPARTN	Gender parity index for participation rate in organized learning (one year before the official primary entry age), (ratio)	2019.Q2.G.01	581	United States Minor Outlying Islands	057	Micronesia	Country	UMI	0	-162.4343752	5.874443968																																
4	4.5	4.5.1	SE_PRE_GPIPARTN	Gender parity index for participation rate in organized learning (one year before the official primary entry age), (ratio)	2019.Q2.G.01	583	Micronesia (Federated States of)	057	Micronesia	Country	FSM	1	158.225216	6.880670092	RATIO	Ratio			G	Global			UIS		C: Country data																0.91211				0.91211	2015
4	4.5	4.5.1	SE_PRE_GPIPARTN	Gender parity index for participation rate in organized learning (one year before the official primary entry age), (ratio)	2019.Q2.G.01	584	Marshall Islands	057	Micronesia	Country	MHL	1	171.0839119	7.110213497	RATIO	Ratio			G	Global			UIS		C: Country data																1.14654	0.97594			0.97594	2016
4	4.5	4.5.1	SE_PRE_GPIPARTN	Gender parity index for participation rate in organized learning (one year before the official primary entry age), (ratio)	2019.Q2.G.01	585	Palau	057	Micronesia	Country	PLW	1	134.5733878	7.502307591	RATIO	Ratio			G	Global			UIS		C: Country data															0.80392					0.80392	2014
4	4.5	4.5.1	SE_PRE_GPIPARTN	Gender parity index for participation rate in organized learning (one year before the official primary entry age), (ratio)	2019.Q2.G.01	586	Pakistan	034	Southern Asia	Country	PAK	1	68.80479684	29.36491634																																
4	4.5	4.5.1	SE_PRE_GPIPARTN	Gender parity index for participation rate in organized learning (one year before the official primary entry age), (ratio)	2019.Q2.G.01	591	Panama	013	Central America	Country	PAN	1	-81.26616623	8.450965746	RATIO	Ratio			G	Global			UIS		[2000-2002,2004-2015]: C: Country data // [2016]: E: Estimated data	1.00937	1.01409	1.00646		1.01269	1.00678	1.01292	0.98525	0.99299	0.9986	0.99645	1.00706	0.9975	1.00506	1.0083	1.0134	1.02517			1.02517	2016
4	4.5	4.5.1	SE_PRE_GPIPARTN	Gender parity index for participation rate in organized learning (one year before the official primary entry age), (ratio)	2019.Q2.G.01	598	Papua New Guinea	054	Melanesia	Country	PNG	1	145.8587761	-6.756057077	RATIO	Ratio			G	Global			UIS		C: Country data																	0.9893			0.9893	2016
4	4.5	4.5.1	SE_PRE_GPIPARTN	Gender parity index for participation rate in organized learning (one year before the official primary entry age), (ratio)	2019.Q2.G.01	600	Paraguay	005	South America	Country	PRY	1	-60.54854225	-21.70216237	RATIO	Ratio			G	Global			UIS		C: Country data											1.00977		1.00376				1.00056			1.00056	2016
4	4.5	4.5.1	SE_PRE_GPIPARTN	Gender parity index for participation rate in organized learning (one year before the official primary entry age), (ratio)	2019.Q2.G.01	604	Peru	005	South America	Country	PER	1	-71.82093277	-13.58939705	RATIO	Ratio			G	Global			UIS		[2000-2002,2004-2018]: C: Country data // [2003]: E: Estimated data	1.01946	1.01522	1.0185	1.01846	1.01908	1.01557	1.01485	1.00906	1.01113	1.00489	1.00378	1.00342	0.99909	0.99232	1.0086	1.01248	1.00521	1.00627	1.00495	1.00495	2018
4	4.5	4.5.1	SE_PRE_GPIPARTN	Gender parity index for participation rate in organized learning (one year before the official primary entry age), (ratio)	2019.Q2.G.01	608	Philippines	035	South-Eastern Asia	Country	PHL	1	120.8601418	14.16591706	RATIO	Ratio			G	Global			UIS		C: Country data		0.98775	0.98186			0.97738	0.96532	0.97258	0.97705	1.0287						1.0206	1.02708			1.02708	2016
4	4.5	4.5.1	SE_PRE_GPIPARTN	Gender parity index for participation rate in organized learning (one year before the official primary entry age), (ratio)	2019.Q2.G.01	612	Pitcairn	061	Polynesia	Country	PCN	0	-128.3225873	-24.37538456																																
4	4.5	4.5.1	SE_PRE_GPIPARTN	Gender parity index for participation rate in organized learning (one year before the official primary entry age), (ratio)	2019.Q2.G.01	616	Poland	151	Eastern Europe	Country	POL	1	19.40660158	52.1226733	RATIO	Ratio			G	Global			UIS		C: Country data	1.00134	1.0027	0.99862	0.99508	0.9971	0.99023	0.99836	0.99589	0.9949	0.99771	1.00281	1.00023	1.00332	0.96883	1.00159	1.00992	1.0061			1.0061	2016
4	4.5	4.5.1	SE_PRE_GPIPARTN	Gender parity index for participation rate in organized learning (one year before the official primary entry age), (ratio)	2019.Q2.G.01	620	Portugal	039	Southern Europe	Country	PRT	1	-7.961599811	39.68509315	RATIO	Ratio			G	Global			UIS		C: Country data		1.02772		0.94988	1.01797	1.01535	1.00467	0.98886	0.98472	0.9947	0.99006	0.97557	0.98033	0.96595	0.9626	0.98931	0.99689			0.99689	2016
4	4.5	4.5.1	SE_PRE_GPIPARTN	Gender parity index for participation rate in organized learning (one year before the official primary entry age), (ratio)	2019.Q2.G.01	624	Guinea-Bissau	011	Western Africa	Country	GNB	1	-14.40182514	12.11760394	RATIO	Ratio			G	Global			UIS		C: Country data	0.834																			0.834	2000
4	4.5	4.5.1	SE_PRE_GPIPARTN	Gender parity index for participation rate in organized learning (one year before the official primary entry age), (ratio)	2019.Q2.G.01	626	Timor-Leste	035	South-Eastern Asia	Country	TLS	1	125.9451052	-8.797497247	RATIO	Ratio			G	Global			UIS		C: Country data														1.10982	1.12879	1.10776	1.05402	1.01938		1.01938	2017
4	4.5	4.5.1	SE_PRE_GPIPARTN	Gender parity index for participation rate in organized learning (one year before the official primary entry age), (ratio)	2019.Q2.G.01	630	Puerto Rico	029	Caribbean	Country	PRI	0	-66.47591017	18.22753799	RATIO	Ratio			G	Global			UIS		C: Country data											1.0369	1.05552	1.05962	1.02803	1.02683	1.0221	1.0249			1.0249	2016
4	4.5	4.5.1	SE_PRE_GPIPARTN	Gender parity index for participation rate in organized learning (one year before the official primary entry age), (ratio)	2019.Q2.G.01	634	Qatar	145	Western Asia	Country	QAT	1	51.19152467	25.28355379	RATIO	Ratio			G	Global			UIS		[2000-2001]: E: Estimated data // [2002-2006,2009,2013-2017]: C: Country data	0.87189	1.02517	0.99826	0.93666	1.07178	0.81516	1.0639			0.93525				1.02906	1.01519	1.01653	1.01758	1.03518		1.03518	2017
4	4.5	4.5.1	SE_PRE_GPIPARTN	Gender parity index for participation rate in organized learning (one year before the official primary entry age), (ratio)	2019.Q2.G.01	638	Réunion	014	Eastern Africa	Country	REU	0	55.53171398	-21.13183266																																
4	4.5	4.5.1	SE_PRE_GPIPARTN	Gender parity index for participation rate in organized learning (one year before the official primary entry age), (ratio)	2019.Q2.G.01	642	Romania	151	Eastern Europe	Country	ROU	1	24.98481009	45.83893563	RATIO	Ratio			G	Global			UIS		C: Country data	1.02503	1.01472	1.01816	1.0263	1.02058	1.02257	1.02069	1.01131	1.00648	1.00655	1.00336	1.00349	1.00473			0.98842	1.00014			1.00014	2016
4	4.5	4.5.1	SE_PRE_GPIPARTN	Gender parity index for participation rate in organized learning (one year before the official primary entry age), (ratio)	2019.Q2.G.01	643	Russian Federation	151	Eastern Europe	Country	RUS	1	99.01404926	61.61899849	RATIO	Ratio			G	Global			UIS		C: Country data									1.00157	1.0059		1.00257	1.00092	0.99625	0.99336	0.9966	0.98934			0.98934	2016
4	4.5	4.5.1	SE_PRE_GPIPARTN	Gender parity index for participation rate in organized learning (one year before the official primary entry age), (ratio)	2019.Q2.G.01	646	Rwanda	014	Eastern Africa	Country	RWA	1	29.92310194	-1.999842114	RATIO	Ratio			G	Global			UIS		C: Country data																	1.03162	1.02065		1.02065	2017
4	4.5	4.5.1	SE_PRE_GPIPARTN	Gender parity index for participation rate in organized learning (one year before the official primary entry age), (ratio)	2019.Q2.G.01	652	Saint Barthélemy	029	Caribbean	Country	BLM	0	-62.83173536	17.89513362																																
4	4.5	4.5.1	SE_PRE_GPIPARTN	Gender parity index for participation rate in organized learning (one year before the official primary entry age), (ratio)	2019.Q2.G.01	654	Saint Helena	011	Western Africa	Country	SHN	0	-5.705752501	-15.96503946																																
4	4.5	4.5.1	SE_PRE_GPIPARTN	Gender parity index for participation rate in organized learning (one year before the official primary entry age), (ratio)	2019.Q2.G.01	659	Saint Kitts and Nevis	029	Caribbean	Country	KNA	1	-62.76628613	17.33994219																																
4	4.5	4.5.1	SE_PRE_GPIPARTN	Gender parity index for participation rate in organized learning (one year before the official primary entry age), (ratio)	2019.Q2.G.01	660	Anguilla	029	Caribbean	Country	AIA	0	-63.05651612	18.21525315																																
4	4.5	4.5.1	SE_PRE_GPIPARTN	Gender parity index for participation rate in organized learning (one year before the official primary entry age), (ratio)	2019.Q2.G.01	662	Saint Lucia	029	Caribbean	Country	LCA	1	-60.96529553	13.89405601	RATIO	Ratio			G	Global			UIS		[2000]: E: Estimated data // [2001-2017]: C: Country data	1.03293	1.065	0.98423	1.02521	1.04826	1.04663	1.0151	1.00659	1.01794	0.9511	0.98893	0.93826	0.97944	1.13701	1.03779	1.12294	1.01064	1.0868		1.0868	2017
4	4.5	4.5.1	SE_PRE_GPIPARTN	Gender parity index for participation rate in organized learning (one year before the official primary entry age), (ratio)	2019.Q2.G.01	663	Saint Martin (French Part)	029	Caribbean	Country	MAF	0	-63.04505461	18.0882685																																
4	4.5	4.5.1	SE_PRE_GPIPARTN	Gender parity index for participation rate in organized learning (one year before the official primary entry age), (ratio)	2019.Q2.G.01	666	Saint Pierre and Miquelon	021	Northern America	Country	SPM	0	-56.33682442	46.85812735																																
4	4.5	4.5.1	SE_PRE_GPIPARTN	Gender parity index for participation rate in organized learning (one year before the official primary entry age), (ratio)	2019.Q2.G.01	670	Saint Vincent and the Grenadines	029	Caribbean	Country	VCT	1	-61.19024321	13.24627968	RATIO	Ratio			G	Global			UIS		C: Country data														1.00481	0.99371	0.97913	0.99783	1.13378		1.13378	2017
4	4.5	4.5.1	SE_PRE_GPIPARTN	Gender parity index for participation rate in organized learning (one year before the official primary entry age), (ratio)	2019.Q2.G.01	674	San Marino	039	Southern Europe	Country	SMR	1	12.46329038	43.93841766	RATIO	Ratio			G	Global			UIS		[2009,2011-2012]: C: Country data // [2010]: E: Estimated data										0.97787	0.95662	1.30051	1.01295							1.01295	2012
4	4.5	4.5.1	SE_PRE_GPIPARTN	Gender parity index for participation rate in organized learning (one year before the official primary entry age), (ratio)	2019.Q2.G.01	678	Sao Tome and Principe	017	Middle Africa	Country	STP	1	6.609772265	0.241554875	RATIO	Ratio			G	Global			UIS		[2003-2005,2014-2015]: C: Country data // [2013]: E: Estimated data				1.00574	1.05825	1.07573								1.05232	1.0915	1.04557				1.04557	2015
4	4.5	4.5.1	SE_PRE_GPIPARTN	Gender parity index for participation rate in organized learning (one year before the official primary entry age), (ratio)	2019.Q2.G.01	682	Saudi Arabia	145	Western Asia	Country	SAU	1	44.54763347	24.12594211	RATIO	Ratio			G	Global			UIS		C: Country data														2.11006	1.09911	1.05319				1.05319	2015
4	4.5	4.5.1	SE_PRE_GPIPARTN	Gender parity index for participation rate in organized learning (one year before the official primary entry age), (ratio)	2019.Q2.G.01	686	Senegal	011	Western Africa	Country	SEN	1	-14.46636926	14.35920905	RATIO	Ratio			G	Global			UIS		[2009-2015,2017]: C: Country data // [2016]: E: Estimated data										1.13087	1.10452	1.13576	1.13323	1.11337	1.11437	1.12791	1.11059	1.10312		1.10312	2017
4	4.5	4.5.1	SE_PRE_GPIPARTN	Gender parity index for participation rate in organized learning (one year before the official primary entry age), (ratio)	2019.Q2.G.01	688	Serbia	039	Southern Europe	Country	SRB	1	20.805876	44.03145697	RATIO	Ratio			G	Global			UIS		C: Country data														0.99307	1.01488	0.99571	1.00607	1.00543		1.00543	2017
4	4.5	4.5.1	SE_PRE_GPIPARTN	Gender parity index for participation rate in organized learning (one year before the official primary entry age), (ratio)	2019.Q2.G.01	690	Seychelles	014	Eastern Africa	Country	SYC	1	55.46561591	-4.678053059	RATIO	Ratio			G	Global			UIS		[2000-2003,2005,2011,2014-2017]: C: Country data // [2004,2007-2010,2013]: E: Estimated data	0.9472	0.98845	0.98653	0.94596	0.85088	1.1025		0.89989	1.06277	1.02191	1.01867	0.95818		1.06907	0.93021	1.05348	1.07392	1.03198		1.03198	2017
4	4.5	4.5.1	SE_PRE_GPIPARTN	Gender parity index for participation rate in organized learning (one year before the official primary entry age), (ratio)	2019.Q2.G.01	694	Sierra Leone	011	Western Africa	Country	SLE	1	-11.78306584	8.568604164	RATIO	Ratio			G	Global			UIS		C: Country data													1.00302			1.03688	1.02659	1.0553		1.0553	2017
4	4.5	4.5.1	SE_PRE_GPIPARTN	Gender parity index for participation rate in organized learning (one year before the official primary entry age), (ratio)	2019.Q2.G.01	702	Singapore	035	South-Eastern Asia	Country	SGP	1	103.8107883	1.361009155																																
4	4.5	4.5.1	SE_PRE_GPIPARTN	Gender parity index for participation rate in organized learning (one year before the official primary entry age), (ratio)	2019.Q2.G.01	703	Slovakia	151	Eastern Europe	Country	SVK	1	19.48495604	48.70741446	RATIO	Ratio			G	Global			UIS		C: Country data		0.98575	0.97181	0.99019	0.98346	0.99091	0.9958	0.97427	0.9998	0.98771	0.98816	0.98243	0.99071	0.99862	0.9999	0.98217	1.02446			1.02446	2016
4	4.5	4.5.1	SE_PRE_GPIPARTN	Gender parity index for participation rate in organized learning (one year before the official primary entry age), (ratio)	2019.Q2.G.01	704	Viet Nam	035	South-Eastern Asia	Country	VNM	1	105.802499	10.09643079	RATIO	Ratio			G	Global			UIS		C: Country data															0.93758	0.97353		0.98533		0.98533	2017
4	4.5	4.5.1	SE_PRE_GPIPARTN	Gender parity index for participation rate in organized learning (one year before the official primary entry age), (ratio)	2019.Q2.G.01	705	Slovenia	039	Southern Europe	Country	SVN	1	14.82209486	46.11958061	RATIO	Ratio			G	Global			UIS		C: Country data	0.73563		0.97616			0.96055	0.96834	0.97864	0.96946	0.96824	0.99687	0.97658	0.97726	0.98832	0.99271	0.97861	0.9814			0.9814	2016
4	4.5	4.5.1	SE_PRE_GPIPARTN	Gender parity index for participation rate in organized learning (one year before the official primary entry age), (ratio)	2019.Q2.G.01	706	Somalia	014	Eastern Africa	Country	SOM	1	46.20367477	4.406485729																																
4	4.5	4.5.1	SE_PRE_GPIPARTN	Gender parity index for participation rate in organized learning (one year before the official primary entry age), (ratio)	2019.Q2.G.01	710	South Africa	018	Southern Africa	Country	ZAF	1	24.67184355	-29.99957544																																
4	4.5	4.5.1	SE_PRE_GPIPARTN	Gender parity index for participation rate in organized learning (one year before the official primary entry age), (ratio)	2019.Q2.G.01	716	Zimbabwe	014	Eastern Africa	Country	ZWE	1	29.86909584	-19.00075492	RATIO	Ratio			G	Global			UIS		[2012]: E: Estimated data // [2013]: C: Country data													1.03841	1.04085						1.04085	2013
4	4.5	4.5.1	SE_PRE_GPIPARTN	Gender parity index for participation rate in organized learning (one year before the official primary entry age), (ratio)	2019.Q2.G.01	724	Spain	039	Southern Europe	Country	ESP	1	-3.554078296	40.39211472	RATIO	Ratio			G	Global			UIS		C: Country data														1.00252	0.99637	0.99497	1.00003			1.00003	2016
4	4.5	4.5.1	SE_PRE_GPIPARTN	Gender parity index for participation rate in organized learning (one year before the official primary entry age), (ratio)	2019.Q2.G.01	728	South Sudan	014	Eastern Africa	Country	SSD	1	30.32618773	7.290839152	RATIO	Ratio			G	Global			UIS		E: Estimated data												0.77116				0.85215				0.85215	2015
4	4.5	4.5.1	SE_PRE_GPIPARTN	Gender parity index for participation rate in organized learning (one year before the official primary entry age), (ratio)	2019.Q2.G.01	729	Sudan	015	Northern Africa	Country	SDN	0	29.95650159	16.02643066																																
4	4.5	4.5.1	SE_PRE_GPIPARTN	Gender parity index for participation rate in organized learning (one year before the official primary entry age), (ratio)	2019.Q2.G.01	732	Western Sahara	015	Northern Africa	Country	ESH	0	-13.13515523	24.66265342																																
4	4.5	4.5.1	SE_PRE_GPIPARTN	Gender parity index for participation rate in organized learning (one year before the official primary entry age), (ratio)	2019.Q2.G.01	740	Suriname	005	South America	Country	SUR	1	-55.90626394	4.132603197	RATIO	Ratio			G	Global			UIS		C: Country data									1.06776	1.06345	1.0391	1.03337	1.02891	1.07897	1.03234	1.04782	1.05262	1.04008		1.04008	2017
4	4.5	4.5.1	SE_PRE_GPIPARTN	Gender parity index for participation rate in organized learning (one year before the official primary entry age), (ratio)	2019.Q2.G.01	744	Svalbard and Jan Mayen Islands	154	Northern Europe	Country	SJM	0	13.38071013	78.82894131																																
4	4.5	4.5.1	SE_PRE_GPIPARTN	Gender parity index for participation rate in organized learning (one year before the official primary entry age), (ratio)	2019.Q2.G.01	748	Eswatini	018	Southern Africa	Country	SWZ	1	31.50149288	-26.56471011	RATIO	Ratio			G	Global			UIS		E: Estimated data												0.98779								0.98779	2011
4	4.5	4.5.1	SE_PRE_GPIPARTN	Gender parity index for participation rate in organized learning (one year before the official primary entry age), (ratio)	2019.Q2.G.01	752	Sweden	154	Northern Europe	Country	SWE	1	14.3775338	60.60103109	RATIO	Ratio			G	Global			UIS		C: Country data	1.00974	1.00645	0.99614	1.01008	0.99767	0.98758	1.01024	0.98758	0.99745	1.00771	1.00479	0.99534	1.00672	1.00114	0.99864	0.99659	1.00308			1.00308	2016
4	4.5	4.5.1	SE_PRE_GPIPARTN	Gender parity index for participation rate in organized learning (one year before the official primary entry age), (ratio)	2019.Q2.G.01	756	Switzerland	155	Western Europe	Country	CHE	1	8.223158	46.96617097	RATIO	Ratio			G	Global			UIS		C: Country data	1.00983	1.0126	1.01483	1.00854	1.00633	1.00576	1.00411	0.9982	0.99947	1.00173	1.00881	1.02263	1.0038	1.00105	1.00656	0.98962	0.9948			0.9948	2016
4	4.5	4.5.1	SE_PRE_GPIPARTN	Gender parity index for participation rate in organized learning (one year before the official primary entry age), (ratio)	2019.Q2.G.01	760	Syrian Arab Republic	145	Western Asia	Country	SYR	1	38.50466565	35.01676176	RATIO	Ratio			G	Global			UIS		C: Country data	0.92796	0.92447	0.9285	0.93927	0.94476	0.956	0.96683	0.97091	0.97792	0.97527	0.97377	0.96867	0.97157	0.97065						0.97065	2013
4	4.5	4.5.1	SE_PRE_GPIPARTN	Gender parity index for participation rate in organized learning (one year before the official primary entry age), (ratio)	2019.Q2.G.01	762	Tajikistan	143	Central Asia	Country	TJK	1	69.294998	38.43069666	RATIO	Ratio			G	Global			UIS		C: Country data											0.85445	0.87678	0.88471	0.78624	0.82926	0.8629	0.85981	0.86324		0.86324	2017
4	4.5	4.5.1	SE_PRE_GPIPARTN	Gender parity index for participation rate in organized learning (one year before the official primary entry age), (ratio)	2019.Q2.G.01	764	Thailand	035	South-Eastern Asia	Country	THA	1	101.0202951	15.13089239	RATIO	Ratio			G	Global			UIS		[2006-2009,2014-2015,2017]: C: Country data // [2010-2011]: E: Estimated data							1.02101	1.02147	1.02106	1.01519	1.03006	0.99537			1.009	0.91042		0.99672		0.99672	2017
4	4.5	4.5.1	SE_PRE_GPIPARTN	Gender parity index for participation rate in organized learning (one year before the official primary entry age), (ratio)	2019.Q2.G.01	768	Togo	011	Western Africa	Country	TGO	1	0.97835765	8.532096072	RATIO	Ratio			G	Global			UIS		C: Country data		0.91	0.9153	0.92293				0.95627												0.95627	2007
4	4.5	4.5.1	SE_PRE_GPIPARTN	Gender parity index for participation rate in organized learning (one year before the official primary entry age), (ratio)	2019.Q2.G.01	772	Tokelau	061	Polynesia	Country	TKL	0	-171.8154473	-9.214545558	RATIO	Ratio			G	Global			UIS		C: Country data																	1.28333			1.28333	2016
4	4.5	4.5.1	SE_PRE_GPIPARTN	Gender parity index for participation rate in organized learning (one year before the official primary entry age), (ratio)	2019.Q2.G.01	776	Tonga	061	Polynesia	Country	TON	1	-175.1959991	-21.19511329																																
4	4.5	4.5.1	SE_PRE_GPIPARTN	Gender parity index for participation rate in organized learning (one year before the official primary entry age), (ratio)	2019.Q2.G.01	780	Trinidad and Tobago	029	Caribbean	Country	TTO	1	-61.29389504	10.41877263	RATIO	Ratio			G	Global			UIS		[2000-2001]: E: Estimated data // [2004-2005,2007]: C: Country data	0.96112	0.93384			0.98112	0.96577		0.98901												0.98901	2007
4	4.5	4.5.1	SE_PRE_GPIPARTN	Gender parity index for participation rate in organized learning (one year before the official primary entry age), (ratio)	2019.Q2.G.01	784	United Arab Emirates	145	Western Asia	Country	ARE	1	53.98279159	23.43322219	RATIO	Ratio			G	Global			UIS		[2000-2007,2009-2012]: C: Country data // [2013]: E: Estimated data	0.98179	0.98616	0.9716	0.96576	0.96728	0.96745	1.00135	0.98939		1.01822	1.00384	0.9831	0.99424	1.00514						1.00514	2013
4	4.5	4.5.1	SE_PRE_GPIPARTN	Gender parity index for participation rate in organized learning (one year before the official primary entry age), (ratio)	2019.Q2.G.01	788	Tunisia	015	Northern Africa	Country	TUN	1	9.572737411	34.11439971	RATIO	Ratio			G	Global			UIS		C: Country data	1.00288	0.98819	0.98673																	0.98673	2002
4	4.5	4.5.1	SE_PRE_GPIPARTN	Gender parity index for participation rate in organized learning (one year before the official primary entry age), (ratio)	2019.Q2.G.01	792	Turkey	145	Western Asia	Country	TUR	1	35.42890329	38.9899684	RATIO	Ratio			G	Global			UIS		C: Country data														0.9826	0.97597	0.967	0.96964			0.96964	2016
4	4.5	4.5.1	SE_PRE_GPIPARTN	Gender parity index for participation rate in organized learning (one year before the official primary entry age), (ratio)	2019.Q2.G.01	795	Turkmenistan	143	Central Asia	Country	TKM	1	58.9787665	40.0912346																																
4	4.5	4.5.1	SE_PRE_GPIPARTN	Gender parity index for participation rate in organized learning (one year before the official primary entry age), (ratio)	2019.Q2.G.01	796	Turks and Caicos Islands	029	Caribbean	Country	TCA	0	-71.745121	21.80780585																																
4	4.5	4.5.1	SE_PRE_GPIPARTN	Gender parity index for participation rate in organized learning (one year before the official primary entry age), (ratio)	2019.Q2.G.01	798	Tuvalu	061	Polynesia	Country	TUV	1	178.6679611	-7.460048071	RATIO	Ratio			G	Global			UIS		C: Country data																1.07643	1.06174			1.06174	2016
4	4.5	4.5.1	SE_PRE_GPIPARTN	Gender parity index for participation rate in organized learning (one year before the official primary entry age), (ratio)	2019.Q2.G.01	800	Uganda	014	Eastern Africa	Country	UGA	1	32.39100438	1.279557331	RATIO	Ratio			G	Global			UIS		C: Country data											1.05609									1.05609	2010
4	4.5	4.5.1	SE_PRE_GPIPARTN	Gender parity index for participation rate in organized learning (one year before the official primary entry age), (ratio)	2019.Q2.G.01	804	Ukraine	151	Eastern Europe	Country	UKR	1	31.40270802	49.00735945																																
4	4.5	4.5.1	SE_PRE_GPIPARTN	Gender parity index for participation rate in organized learning (one year before the official primary entry age), (ratio)	2019.Q2.G.01	807	North Macedonia	039	Southern Europe	Country	MKD	1	21.7007909	41.60048068	RATIO	Ratio			G	Global			UIS		C: Country data		1.00023	1.00062	0.98329	0.97393			0.98174	0.98258	1.00876	1.03376		1.08497	1.01729	1.05243	0.99916				0.99916	2015
4	4.5	4.5.1	SE_PRE_GPIPARTN	Gender parity index for participation rate in organized learning (one year before the official primary entry age), (ratio)	2019.Q2.G.01	818	Egypt	015	Northern Africa	Country	EGY	1	29.77468534	26.57438204	RATIO	Ratio			G	Global			UIS		[2000-2003,2012]: E: Estimated data // [2014,2016-2017]: C: Country data	0.93951	0.92996	0.9527	0.95245									0.98354		0.9839		0.99093	0.99052		0.99052	2017
4	4.5	4.5.1	SE_PRE_GPIPARTN	Gender parity index for participation rate in organized learning (one year before the official primary entry age), (ratio)	2019.Q2.G.01	826	United Kingdom of Great Britain and Northern Ireland	154	Northern Europe	Country	GBR	1	-2.23830539	53.27691757	RATIO	Ratio			G	Global			UIS		C: Country data							1.00607	1.00267	1.00066			0.99237	1.00028	0.9666	0.99468	0.95592	0.99755			0.99755	2016
4	4.5	4.5.1	SE_PRE_GPIPARTN	Gender parity index for participation rate in organized learning (one year before the official primary entry age), (ratio)	2019.Q2.G.01	831	Guernsey	830	Channel Islands	Country	GGY	0	-2.200712402	49.71561166																																
4	4.5	4.5.1	SE_PRE_GPIPARTN	Gender parity index for participation rate in organized learning (one year before the official primary entry age), (ratio)	2019.Q2.G.01	832	Jersey	830	Channel Islands	Country	JEY	0	-2.136773508	49.22353354																																
4	4.5	4.5.1	SE_PRE_GPIPARTN	Gender parity index for participation rate in organized learning (one year before the official primary entry age), (ratio)	2019.Q2.G.01	833	Isle of Man	154	Northern Europe	Country	IMN	0	-4.538190305	54.22880901																																
4	4.5	4.5.1	SE_PRE_GPIPARTN	Gender parity index for participation rate in organized learning (one year before the official primary entry age), (ratio)	2019.Q2.G.01	834	United Republic of Tanzania	014	Eastern Africa	Country	TZA	1	34.80521182	-6.265332606	RATIO	Ratio			G	Global			UIS		[2004-2005,2008,2010,2012-2013,2017]: C: Country data // [2016]: E: Estimated data					1.00419	1.05639			1.04734		1.02312		1.04217	1.11635			0.99881	1.04083		1.04083	2017
4	4.5	4.5.1	SE_PRE_GPIPARTN	Gender parity index for participation rate in organized learning (one year before the official primary entry age), (ratio)	2019.Q2.G.01	840	United States of America	021	Northern America	Country	USA	1	-99.13830311	39.5277871	RATIO	Ratio			G	Global			UIS		C: Country data													0.99899	1.01123	0.98848	0.9825	1.02117			1.02117	2016
4	4.5	4.5.1	SE_PRE_GPIPARTN	Gender parity index for participation rate in organized learning (one year before the official primary entry age), (ratio)	2019.Q2.G.01	850	United States Virgin Islands	029	Caribbean	Country	VIR	0	-64.76960113	17.73297693																																
4	4.5	4.5.1	SE_PRE_GPIPARTN	Gender parity index for participation rate in organized learning (one year before the official primary entry age), (ratio)	2019.Q2.G.01	854	Burkina Faso	011	Western Africa	Country	BFA	1	-1.742843829	12.27491081	RATIO	Ratio			G	Global			UIS		[2001]: E: Estimated data // [2009,2011,2013-2017]: C: Country data		0.79837								0.95616		1.03465		1.00413	1.01868	1.0177	1.00289	0.99338		0.99338	2017
4	4.5	4.5.1	SE_PRE_GPIPARTN	Gender parity index for participation rate in organized learning (one year before the official primary entry age), (ratio)	2019.Q2.G.01	858	Uruguay	005	South America	Country	URY	1	-56.01387025	-32.8002838	RATIO	Ratio			G	Global			UIS		C: Country data						1.00783	0.99896	0.98555	1.00502	1.00711	0.99094			1.00688	0.99749	1.00311	1.0091			1.0091	2016
4	4.5	4.5.1	SE_PRE_GPIPARTN	Gender parity index for participation rate in organized learning (one year before the official primary entry age), (ratio)	2019.Q2.G.01	860	Uzbekistan	143	Central Asia	Country	UZB	1	63.11944558	41.77560518	RATIO	Ratio			G	Global			UIS		C: Country data										1.03817	1.03178	1.0311	1.02721	1.03543	1.03326	1.02226	1.00671	0.97428		0.97428	2017
4	4.5	4.5.1	SE_PRE_GPIPARTN	Gender parity index for participation rate in organized learning (one year before the official primary entry age), (ratio)	2019.Q2.G.01	862	Venezuela (Bolivarian Republic of)	005	South America	Country	VEN	1	-66.15642084	7.121324748	RATIO	Ratio			G	Global			UIS		C: Country data	1.01213		1.01617	1.01034	1.01208	1.01354	1.00994	1.00183	1.01329	1.06113	1.08639	1.07941	1.00082	1.00831	1.0052	1.00194	1.00538	0.99532		0.99532	2017
4	4.5	4.5.1	SE_PRE_GPIPARTN	Gender parity index for participation rate in organized learning (one year before the official primary entry age), (ratio)	2019.Q2.G.01	876	Wallis and Futuna Islands	061	Polynesia	Country	WLF	0	-176.2034788	-13.28471201																																
4	4.5	4.5.1	SE_PRE_GPIPARTN	Gender parity index for participation rate in organized learning (one year before the official primary entry age), (ratio)	2019.Q2.G.01	882	Samoa	061	Polynesia	Country	WSM	1	-172.4430749	-13.61541469	RATIO	Ratio			G	Global			UIS		C: Country data											1.25241	1.0959	1.06717		1.18694	1.0333	1.08088	1.11957		1.11957	2017
4	4.5	4.5.1	SE_PRE_GPIPARTN	Gender parity index for participation rate in organized learning (one year before the official primary entry age), (ratio)	2019.Q2.G.01	887	Yemen	145	Western Asia	Country	YEM	1	45.22389143	15.22242099	RATIO	Ratio			G	Global			UIS		C: Country data											0.88934			0.87217						0.87217	2013
4	4.5	4.5.1	SE_PRE_GPIPARTN	Gender parity index for participation rate in organized learning (one year before the official primary entry age), (ratio)	2019.Q2.G.01	894	Zambia	014	Eastern Africa	Country	ZMB	1	27.850329	-14.59701056																																
