goal	target	indicator	seriesCode	seriesDesc	release	geoAreaCode	geoAreaName	parentCode	parentName	type	ISO3	UN_Member	X	Y	unitsCode	unitsDesc	unitmultiplierCode	unitmultiplierDesc	reportingTypeCode	reportingTypeDesc	valueDetails	footnotes	sources	timeDetails	nature	value_2000	value_2001	value_2002	value_2003	value_2004	value_2005	value_2006	value_2007	value_2008	value_2009	value_2010	value_2011	value_2012	value_2013	value_2014	value_2015	value_2016	value_2017	value_2018	value_latest_year	latest_year
1	1.a	1.a.2	SD_XPD_ESED	Proportion of total government spending on essential services, education (%)	2019.Q2.G.01	004	Afghanistan	034	Southern Asia	Country	AFG	1	66.02688198	33.83160199	PERCENT	Percentage			G	Global			UIS		[2010-2015]: C: Country data // [2016-2017]: E: Estimated data											17.06756	16.04843	10.3568	14.1028	14.46593	12.509	16.2117	15.66138		15.66138	2017
1	1.a	1.a.2	SD_XPD_ESED	Proportion of total government spending on essential services, education (%)	2019.Q2.G.01	008	Albania	039	Southern Europe	Country	ALB	1	20.06660928	41.13897007	PERCENT	Percentage			G	Global			UIS		C: Country data	10.13703	10.58193	9.88692	10.5736	10.70316	11.35797	10.93295	11.17719						12.12391		11.3177	13.59696			13.59696	2016
1	1.a	1.a.2	SD_XPD_ESED	Proportion of total government spending on essential services, education (%)	2019.Q2.G.01	010	Antarctica	001	World	Country	ATA	0	21.47585697	-80.40897662																																
1	1.a	1.a.2	SD_XPD_ESED	Proportion of total government spending on essential services, education (%)	2019.Q2.G.01	012	Algeria	015	Northern Africa	Country	DZA	1	2.678164227	28.15940032	PERCENT	Percentage			G	Global			UIS		C: Country data									11.42835											11.42835	2008
1	1.a	1.a.2	SD_XPD_ESED	Proportion of total government spending on essential services, education (%)	2019.Q2.G.01	016	American Samoa	061	Polynesia	Country	ASM	0	-170.7187269	-14.30587306																																
1	1.a	1.a.2	SD_XPD_ESED	Proportion of total government spending on essential services, education (%)	2019.Q2.G.01	020	Andorra	039	Southern Europe	Country	AND	1	1.576257417	42.54548611																																
1	1.a	1.a.2	SD_XPD_ESED	Proportion of total government spending on essential services, education (%)	2019.Q2.G.01	024	Angola	017	Middle Africa	Country	AGO	1	17.57817062	-12.33724746	PERCENT	Percentage			G	Global			UIS		C: Country data	5.25508					7.99235	7.45479				8.68477									8.68477	2010
1	1.a	1.a.2	SD_XPD_ESED	Proportion of total government spending on essential services, education (%)	2019.Q2.G.01	028	Antigua and Barbuda	029	Caribbean	Country	ATG	1	-61.7999755	17.07761471	PERCENT	Percentage			G	Global			UIS		C: Country data			11.70154							6.92814										6.92814	2009
1	1.a	1.a.2	SD_XPD_ESED	Proportion of total government spending on essential services, education (%)	2019.Q2.G.01	031	Azerbaijan	145	Western Asia	Country	AZE	1	50.01064725	40.39229544	PERCENT	Percentage			G	Global			UIS		C: Country data	21.11908	20.87755	13.63072	15.17084	14.23504	13.22315	10.10042	9.77937	7.76384	9.34393	8.70084	7.21986	5.64367	6.46413	7.23873	7.63146	8.20115			8.20115	2016
1	1.a	1.a.2	SD_XPD_ESED	Proportion of total government spending on essential services, education (%)	2019.Q2.G.01	032	Argentina	005	South America	Country	ARG	1	-65.14563274	-35.19446255	PERCENT	Percentage			G	Global			UIS		C: Country data	16.22635	16.35638	16.44264	14.35487	15.14052	15.80817	15.51	15.10436	15.74789	16.02104	15.04833	15.15894	14.51861	14.45832	13.79967	13.96344	13.37615			13.37615	2016
1	1.a	1.a.2	SD_XPD_ESED	Proportion of total government spending on essential services, education (%)	2019.Q2.G.01	036	Australia	053	Australia and New Zealand	Country	AUS	1	134.3499412	-25.57717202	PERCENT	Percentage			G	Global			UIS		C: Country data	13.36016					13.58513	13.1782	13.03027	12.59972	13.41502	14.3276	13.50202	13.18372	14.04024	13.88295	14.0758				14.0758	2015
1	1.a	1.a.2	SD_XPD_ESED	Proportion of total government spending on essential services, education (%)	2019.Q2.G.01	040	Austria	155	Western Europe	Country	AUT	1	14.14172472	47.58704857	PERCENT	Percentage			G	Global			UIS		C: Country data	11.03322	10.85632	10.53233	10.73962	9.87333	10.26185	10.37458	10.45229	10.55515	10.58393	10.78913	10.98849	10.70118	10.74029	10.41116	10.69348				10.69348	2015
1	1.a	1.a.2	SD_XPD_ESED	Proportion of total government spending on essential services, education (%)	2019.Q2.G.01	044	Bahamas	029	Caribbean	Country	BHS	1	-78.05111663	24.69546597	PERCENT	Percentage			G	Global			UIS		E: Estimated data	18.92281																			18.92281	2000
1	1.a	1.a.2	SD_XPD_ESED	Proportion of total government spending on essential services, education (%)	2019.Q2.G.01	048	Bahrain	145	Western Asia	Country	BHR	1	50.5490754	26.04407747	PERCENT	Percentage			G	Global			UIS		C: Country data							11.91866	11.02673	10.55867				8.28845	7.21531	8.68403	7.29736		7.18035		7.18035	2017
1	1.a	1.a.2	SD_XPD_ESED	Proportion of total government spending on essential services, education (%)	2019.Q2.G.01	050	Bangladesh	034	Southern Asia	Country	BGD	1	89.17660788	22.86961622	PERCENT	Percentage			G	Global			UIS		[2000-2004,2006-2009,2011-2012,2016]: C: Country data // [2013]: E: Estimated data	20.49042	18.58478	15.6938	16.68163	15.95312		17.33653	18.1534	17.81619	14.02987		16.79397	15.59324	13.82282			11.41942			11.41942	2016
1	1.a	1.a.2	SD_XPD_ESED	Proportion of total government spending on essential services, education (%)	2019.Q2.G.01	051	Armenia	145	Western Asia	Country	ARM	1	44.93839317	40.29499741	PERCENT	Percentage			G	Global			UIS		C: Country data						13.64809	13.57852	13.46559	14.26845	13.45122	12.40051	12.59334	12.36897	11.13676	9.36712	10.65636	10.1972			10.1972	2016
1	1.a	1.a.2	SD_XPD_ESED	Proportion of total government spending on essential services, education (%)	2019.Q2.G.01	052	Barbados	029	Caribbean	Country	BRB	1	-59.5346489	13.13648273	PERCENT	Percentage			G	Global			UIS		C: Country data	22.15035	26.88882	24.72449	18.58456	18.61814	18.24298		17.22097	15.71065	16.10058	18.09633		16.70269	14.84482	17.45106		14.05526	12.87915		12.87915	2017
1	1.a	1.a.2	SD_XPD_ESED	Proportion of total government spending on essential services, education (%)	2019.Q2.G.01	056	Belgium	155	Western Europe	Country	BEL	1	4.660976456	50.64104975	PERCENT	Percentage			G	Global			UIS		C: Country data						11.1742			12.51252	11.84732	12.01315	11.71431		11.89163	12.01405	12.16885				12.16885	2015
1	1.a	1.a.2	SD_XPD_ESED	Proportion of total government spending on essential services, education (%)	2019.Q2.G.01	060	Bermuda	021	Northern America	Country	BMU	0	-64.78155012	32.27881922																																
1	1.a	1.a.2	SD_XPD_ESED	Proportion of total government spending on essential services, education (%)	2019.Q2.G.01	064	Bhutan	034	Southern Asia	Country	BTN	1	90.45098484	27.39598568	PERCENT	Percentage			G	Global			UIS		[2000-2001,2004-2005,2008-2011,2013-2015]: C: Country data // [2016-2017]: E: Estimated data	13.77201	13.08501			18.69831	22.84906			15.02172	14.13973	11.02578	11.28502		16.16983	17.82422	26.35213	26.18062	24.04098		24.04098	2017
1	1.a	1.a.2	SD_XPD_ESED	Proportion of total government spending on essential services, education (%)	2019.Q2.G.01	068	Bolivia (Plurinational State of)	005	South America	Country	BOL	1	-64.66224284	-16.71273412	PERCENT	Percentage			G	Global			UIS		C: Country data	18.67085	18.46146	18.71381	19.94096			21.1625		19.92381	22.56084	24.12779	19.48311	17.82895	16.28364	16.8421					16.8421	2014
1	1.a	1.a.2	SD_XPD_ESED	Proportion of total government spending on essential services, education (%)	2019.Q2.G.01	070	Bosnia and Herzegovina	039	Southern Europe	Country	BIH	1	17.78584332	44.16845548																																
1	1.a	1.a.2	SD_XPD_ESED	Proportion of total government spending on essential services, education (%)	2019.Q2.G.01	072	Botswana	018	Southern Africa	Country	BWA	1	23.81380223	-22.18810073	PERCENT	Percentage			G	Global			UIS		C: Country data						25.82353		26.50779		20.4774										20.4774	2009
1	1.a	1.a.2	SD_XPD_ESED	Proportion of total government spending on essential services, education (%)	2019.Q2.G.01	074	Bouvet Island	005	South America	Country	BVT	0	3.410732868	-54.43295905																																
1	1.a	1.a.2	SD_XPD_ESED	Proportion of total government spending on essential services, education (%)	2019.Q2.G.01	076	Brazil	005	South America	Country	BRA	1	-53.08432878	-10.77668561	PERCENT	Percentage			G	Global			UIS		C: Country data	11.45216	10.61096	9.6373		10.39439	11.25736	12.42332	13.21851	14.08216	14.72369	14.56035	15.269	15.72763	15.59253	15.71917	16.24883				16.24883	2015
1	1.a	1.a.2	SD_XPD_ESED	Proportion of total government spending on essential services, education (%)	2019.Q2.G.01	084	Belize	013	Central America	Country	BLZ	1	-88.70199554	17.19965901	PERCENT	Percentage			G	Global			UIS		C: Country data	16.05444	18.30537		16.15851	16.82134				19.60072	21.77003	23.05208			23.02396	20.91554	21.15392	19.86944	21.68102		21.68102	2017
1	1.a	1.a.2	SD_XPD_ESED	Proportion of total government spending on essential services, education (%)	2019.Q2.G.01	086	British Indian Ocean Territory	014	Eastern Africa	Country	IOT	0	72.38715553	-7.299281071																																
1	1.a	1.a.2	SD_XPD_ESED	Proportion of total government spending on essential services, education (%)	2019.Q2.G.01	090	Solomon Islands	054	Melanesia	Country	SLB	1	160.1584117	-9.622391719	PERCENT	Percentage			G	Global			UIS		C: Country data								22.16813	18.81775	16.78565	17.47849									17.47849	2010
1	1.a	1.a.2	SD_XPD_ESED	Proportion of total government spending on essential services, education (%)	2019.Q2.G.01	092	British Virgin Islands	029	Caribbean	Country	VGB	0	-64.63294223	18.42256578																																
1	1.a	1.a.2	SD_XPD_ESED	Proportion of total government spending on essential services, education (%)	2019.Q2.G.01	096	Brunei Darussalam	035	South-Eastern Asia	Country	BRN	1	114.6288563	4.49736984	PERCENT	Percentage			G	Global			UIS		C: Country data	8.92074										5.30208	9.18219	9.72642		9.9846		11.44195			11.44195	2016
1	1.a	1.a.2	SD_XPD_ESED	Proportion of total government spending on essential services, education (%)	2019.Q2.G.01	100	Bulgaria	151	Eastern Europe	Country	BGR	1	25.23763153	42.75731323	PERCENT	Percentage			G	Global			UIS		C: Country data		9.27774	9.65432	11.18025	6.703	12.07252	12.01048	11.11392	12.61226	12.65675	11.16342	11.10005	10.69092	11.4398						11.4398	2013
1	1.a	1.a.2	SD_XPD_ESED	Proportion of total government spending on essential services, education (%)	2019.Q2.G.01	104	Myanmar	035	South-Eastern Asia	Country	MMR	1	96.51752295	21.19332882	PERCENT	Percentage			G	Global			UIS		C: Country data												5.3992						10.15233	9.41123	9.41123	2018
1	1.a	1.a.2	SD_XPD_ESED	Proportion of total government spending on essential services, education (%)	2019.Q2.G.01	108	Burundi	014	Eastern Africa	Country	BDI	1	29.89080992	-3.366387428	PERCENT	Percentage			G	Global			UIS		[2000-2002,2004-2005,2008-2013]: C: Country data // [2014-2017]: E: Estimated data	10.73526	11.43313	12.48608		9.17908	10.95927			12.61554	16.30169	16.5881	14.9793	16.42832	17.24326	19.68831	24.21655	20.9095	20.40137		20.40137	2017
1	1.a	1.a.2	SD_XPD_ESED	Proportion of total government spending on essential services, education (%)	2019.Q2.G.01	112	Belarus	151	Eastern Europe	Country	BLR	1	28.04940161	53.54193075	PERCENT	Percentage			G	Global			UIS		C: Country data					12.55235	12.62011	12.45032	10.13372		8.44955	11.77813	11.62665	12.7523	12.27399	12.40672	11.46173	12.15878	12.28169		12.28169	2017
1	1.a	1.a.2	SD_XPD_ESED	Proportion of total government spending on essential services, education (%)	2019.Q2.G.01	116	Cambodia	035	South-Eastern Asia	Country	KHM	1	104.922836	12.71163737	PERCENT	Percentage			G	Global			UIS		C: Country data	11.07901	11.38079	10.13757		12.40431			11.10351		8.16524	7.33747	7.3354	7.19985	9.59707	8.7916					8.7916	2014
1	1.a	1.a.2	SD_XPD_ESED	Proportion of total government spending on essential services, education (%)	2019.Q2.G.01	120	Cameroon	017	Middle Africa	Country	CMR	1	12.7419827	5.692387031	PERCENT	Percentage			G	Global			UIS		[2000-2001,2003-2013]: C: Country data // [2014-2017]: E: Estimated data	11.6837	15.73394		21.44202	20.84712	21.37761	20.31265	21.56822	15.58864	19.77979	18.75389	14.86777	15.17622	13.82495	12.92925	13.24399	12.69469	15.46863		15.46863	2017
1	1.a	1.a.2	SD_XPD_ESED	Proportion of total government spending on essential services, education (%)	2019.Q2.G.01	124	Canada	021	Northern America	Country	CAN	1	-101.6575058	57.72360191	PERCENT	Percentage			G	Global			UIS		C: Country data	12.9826	12.21224	12.1479			12.17807		12.32856	12.00996	12.48364	12.33596	12.21914								12.21914	2011
1	1.a	1.a.2	SD_XPD_ESED	Proportion of total government spending on essential services, education (%)	2019.Q2.G.01	132	Cabo Verde	011	Western Africa	Country	CPV	1	-23.63544151	15.07791834	PERCENT	Percentage			G	Global			UIS		C: Country data			19.76623		20.84048		17.54058	18.32875	18.24099	15.88655	14.2169	15.15328		14.77823	16.28219	16.74823	17.84301	16.38291		16.38291	2017
1	1.a	1.a.2	SD_XPD_ESED	Proportion of total government spending on essential services, education (%)	2019.Q2.G.01	136	Cayman Islands	029	Caribbean	Country	CYM	0	-81.16740559	19.32266656																																
1	1.a	1.a.2	SD_XPD_ESED	Proportion of total government spending on essential services, education (%)	2019.Q2.G.01	140	Central African Republic	017	Middle Africa	Country	CAF	1	20.93559492	7.003720791	PERCENT	Percentage			G	Global			UIS		C: Country data	9.93077		9.21473	12.02802	12.06446	9.68047	10.05424	9.86948	7.86	7.83693	6.47538	7.82546								7.82546	2011
1	1.a	1.a.2	SD_XPD_ESED	Proportion of total government spending on essential services, education (%)	2019.Q2.G.01	144	Sri Lanka	034	Southern Asia	Country	LKA	1	80.70489654	7.614693343	PERCENT	Percentage			G	Global			UIS		C: Country data										8.27079	8.60566	9.11016	8.39403	9.41995	10.82396	10.95026	17.72876	14.49976		14.49976	2017
1	1.a	1.a.2	SD_XPD_ESED	Proportion of total government spending on essential services, education (%)	2019.Q2.G.01	148	Chad	017	Middle Africa	Country	TCD	1	18.66618401	15.36279341	PERCENT	Percentage			G	Global			UIS		C: Country data	12.84449	13.78685			11.0319	14.67282				9.54159	8.11928	10.08326	9.21241	12.46146						12.46146	2013
1	1.a	1.a.2	SD_XPD_ESED	Proportion of total government spending on essential services, education (%)	2019.Q2.G.01	152	Chile	005	South America	Country	CHL	1	-71.23029019	-35.2652885	PERCENT	Percentage			G	Global			UIS		C: Country data	16.42791		17.4506	17.63722	17.02105	16.19909	16.23128	16.74641	17.40113	17.03561	17.84356	17.74974		19.64569	19.92072	19.59405	21.15548			21.15548	2016
1	1.a	1.a.2	SD_XPD_ESED	Proportion of total government spending on essential services, education (%)	2019.Q2.G.01	156	China	030	Eastern Asia	Country	CHN	1	104.1403375	32.30955217																																
1	1.a	1.a.2	SD_XPD_ESED	Proportion of total government spending on essential services, education (%)	2019.Q2.G.01	162	Christmas Island	053	Australia and New Zealand	Country	CXR	0	105.6426067	-10.4882473																																
1	1.a	1.a.2	SD_XPD_ESED	Proportion of total government spending on essential services, education (%)	2019.Q2.G.01	166	Cocos (Keeling) Islands	053	Australia and New Zealand	Country	CCK	0	96.82633757	-12.18600682																																
1	1.a	1.a.2	SD_XPD_ESED	Proportion of total government spending on essential services, education (%)	2019.Q2.G.01	170	Colombia	005	South America	Country	COL	1	-73.07446751	3.888209046	PERCENT	Percentage			G	Global			UIS		[2000-2002,2004-2017]: C: Country data // [2003]: E: Estimated data	13.28683	13.46772	15.29956	15.53726	15.43978	15.53561	13.76883	14.48145	14.67729	16.08117	16.41858	15.52914	15.51283	16.91362	15.77154	15.05302	15.97279	15.16969		15.16969	2017
1	1.a	1.a.2	SD_XPD_ESED	Proportion of total government spending on essential services, education (%)	2019.Q2.G.01	174	Comoros	014	Eastern Africa	Country	COM	1	43.34234565	-11.66121732	PERCENT	Percentage			G	Global			UIS		C: Country data			15.78972						29.23312			21.41487	18.49151	16.07073	18.89136	15.27013				15.27013	2015
1	1.a	1.a.2	SD_XPD_ESED	Proportion of total government spending on essential services, education (%)	2019.Q2.G.01	175	Mayotte	014	Eastern Africa	Country	MYT	0	45.14015057	-12.82217691																																
1	1.a	1.a.2	SD_XPD_ESED	Proportion of total government spending on essential services, education (%)	2019.Q2.G.01	178	Congo	011	Western Africa	Country	COG	1	15.22052612	-0.840544119	PERCENT	Percentage			G	Global			UIS		[2002,2014-2015]: E: Estimated data // [2003-2005,2010]: C: Country data			9.05485	9.51995	8.56181	7.59782					24.7278				6.55592	7.9504				7.9504	2015
1	1.a	1.a.2	SD_XPD_ESED	Proportion of total government spending on essential services, education (%)	2019.Q2.G.01	180	Democratic Republic of the Congo	017	Middle Africa	Country	COD	1	23.65496507	-2.877154732	PERCENT	Percentage			G	Global			UIS		[2010,2013,2015]: C: Country data // [2014,2016-2017]: E: Estimated data											9.66111			16.27424	10.55392	11.73837	14.80865	11.71075		11.71075	2017
1	1.a	1.a.2	SD_XPD_ESED	Proportion of total government spending on essential services, education (%)	2019.Q2.G.01	184	Cook Islands	061	Polynesia	Country	COK	0	-159.7711391	-21.22696458																																
1	1.a	1.a.2	SD_XPD_ESED	Proportion of total government spending on essential services, education (%)	2019.Q2.G.01	188	Costa Rica	013	Central America	Country	CRI	1	-84.19712782	9.970998683																																
1	1.a	1.a.2	SD_XPD_ESED	Proportion of total government spending on essential services, education (%)	2019.Q2.G.01	191	Croatia	039	Southern Europe	Country	HRV	1	17.95874553	45.45172212	PERCENT	Percentage			G	Global			UIS		C: Country data			7.97329	8.2119	8.11906			8.83161	9.54932	9.22726	8.95828	8.51584		9.49459						9.49459	2013
1	1.a	1.a.2	SD_XPD_ESED	Proportion of total government spending on essential services, education (%)	2019.Q2.G.01	192	Cuba	029	Caribbean	Country	CUB	1	-79.54460144	22.10030366																																
1	1.a	1.a.2	SD_XPD_ESED	Proportion of total government spending on essential services, education (%)	2019.Q2.G.01	196	Cyprus	145	Western Asia	Country	CYP	1	33.22285964	35.05659437	PERCENT	Percentage			G	Global			UIS		C: Country data	14.26831	14.32157	14.91421	16.51523	15.83298	15.83936	16.17962	16.72048	17.59075	17.20125	15.64949	15.49765		15.69695	15.92778	16.27625				16.27625	2015
1	1.a	1.a.2	SD_XPD_ESED	Proportion of total government spending on essential services, education (%)	2019.Q2.G.01	203	Czechia	151	Eastern Europe	Country	CZE	1	15.33151382	49.73913871	PERCENT	Percentage			G	Global			UIS		C: Country data	8.91229	8.67646	8.8648	8.38266	9.43307	9.20297	10.19694	9.57695	9.21464	9.43733	9.34049	9.92718	9.55685	9.60244	9.4578	13.88252				13.88252	2015
1	1.a	1.a.2	SD_XPD_ESED	Proportion of total government spending on essential services, education (%)	2019.Q2.G.01	204	Benin	011	Western Africa	Country	BEN	1	2.339933594	9.65401646	PERCENT	Percentage			G	Global			UIS		[2000-2010,2012-2015]: C: Country data // [2016]: E: Estimated data	13.5132	15.31058	14.12908	16.68253	19.21395	18.79039	19.70961	14.94869	19.08858	18.17562	26.14396		25.02131	22.34122	22.22771	17.47952	18.7914			18.7914	2016
1	1.a	1.a.2	SD_XPD_ESED	Proportion of total government spending on essential services, education (%)	2019.Q2.G.01	208	Denmark	154	Northern Europe	Country	DNK	1	9.326571283	56.03829721	PERCENT	Percentage			G	Global			UIS		C: Country data	15.34415	15.54854	15.43388	15.14175	15.48686	15.77934	15.51264	15.3567	14.83026	14.94417	15.10334	15.03626	12.48871	15.21744	13.82682					13.82682	2014
1	1.a	1.a.2	SD_XPD_ESED	Proportion of total government spending on essential services, education (%)	2019.Q2.G.01	212	Dominica	029	Caribbean	Country	DMA	1	-61.3493756	15.43391378	PERCENT	Percentage			G	Global			UIS		C: Country data																10.5221				10.5221	2015
1	1.a	1.a.2	SD_XPD_ESED	Proportion of total government spending on essential services, education (%)	2019.Q2.G.01	214	Dominican Republic	029	Caribbean	Country	DOM	1	-70.49847576	18.89832088	PERCENT	Percentage			G	Global			UIS		[2000,2003]: E: Estimated data // [2001-2002,2007]: C: Country data	12.98848	12.50729	12.07972	9.70181				12.57788												12.57788	2007
1	1.a	1.a.2	SD_XPD_ESED	Proportion of total government spending on essential services, education (%)	2019.Q2.G.01	218	Ecuador	005	South America	Country	ECU	1	-78.37005241	-1.447785891	PERCENT	Percentage			G	Global			UIS		C: Country data	4.9573									13.17257	12.99656	11.97611	11.53415	11.44254	12.06831	12.59765				12.59765	2015
1	1.a	1.a.2	SD_XPD_ESED	Proportion of total government spending on essential services, education (%)	2019.Q2.G.01	222	El Salvador	013	Central America	Country	SLV	1	-88.86862995	13.73603564	PERCENT	Percentage			G	Global			UIS		[2000,2005]: E: Estimated data // [2002-2003,2006-2017]: C: Country data	13.29634		15.48564	14.06819		14.65582	15.75177	16.43733	19.44883	18.54698	16.16422	15.87258	15.27999	15.55899	16.11058	16.60156	16.1132	15.63396		15.63396	2017
1	1.a	1.a.2	SD_XPD_ESED	Proportion of total government spending on essential services, education (%)	2019.Q2.G.01	226	Equatorial Guinea	017	Middle Africa	Country	GNQ	1	10.46535826	1.565792376																																
1	1.a	1.a.2	SD_XPD_ESED	Proportion of total government spending on essential services, education (%)	2019.Q2.G.01	231	Ethiopia	014	Eastern Africa	Country	ETH	1	39.63505296	8.631223181	PERCENT	Percentage			G	Global			UIS		[2000-2001,2006-2015]: C: Country data // [2002]: E: Estimated data	14.90773	14.46177	16.18775				23.97538	24.69945	26.35573	23.58375	26.30404	29.67443	30.53954	27.0211	25.91838	27.09871				27.09871	2015
1	1.a	1.a.2	SD_XPD_ESED	Proportion of total government spending on essential services, education (%)	2019.Q2.G.01	232	Eritrea	014	Eastern Africa	Country	ERI	1	38.11074289	16.12894644	PERCENT	Percentage			G	Global			UIS		[2001]: E: Estimated data // [2002,2004,2006]: C: Country data		5.86161	5.63338		5.74185		5.16807													5.16807	2006
1	1.a	1.a.2	SD_XPD_ESED	Proportion of total government spending on essential services, education (%)	2019.Q2.G.01	233	Estonia	154	Northern Europe	Country	EST	1	25.84093481	58.68487172	PERCENT	Percentage			G	Global			UIS		C: Country data	14.6785	14.94748	15.14523	15.04903	14.30608	14.2577		13.68231	13.87971	12.93009	13.64279	13.4062	11.9912	12.58262	14.25663	12.9666				12.9666	2015
1	1.a	1.a.2	SD_XPD_ESED	Proportion of total government spending on essential services, education (%)	2019.Q2.G.01	234	Faroe Islands	154	Northern Europe	Country	FRO	0	-7.122044325	62.21228119																																
1	1.a	1.a.2	SD_XPD_ESED	Proportion of total government spending on essential services, education (%)	2019.Q2.G.01	238	Falkland Islands (Malvinas)	005	South America	Country	FLK	0	-58.75246778	-51.74562601																																
1	1.a	1.a.2	SD_XPD_ESED	Proportion of total government spending on essential services, education (%)	2019.Q2.G.01	239	South Georgia and the South Sandwich Islands	005	South America	Country	SGS	0	-36.90662765	-54.20736749																																
1	1.a	1.a.2	SD_XPD_ESED	Proportion of total government spending on essential services, education (%)	2019.Q2.G.01	242	Fiji	054	Melanesia	Country	FJI	1	177.9660884	-17.83301566	PERCENT	Percentage			G	Global			UIS		C: Country data	21.75859	19.63864	21.03781		23.74915	20.26613	20.84329	23.1704	17.36972	15.85362		14.38152		14.30039						14.30039	2013
1	1.a	1.a.2	SD_XPD_ESED	Proportion of total government spending on essential services, education (%)	2019.Q2.G.01	246	Finland	154	Northern Europe	Country	FIN	1	23.308447	61.91586738	PERCENT	Percentage			G	Global			UIS		C: Country data	12.17092	12.63445	12.68253	12.77597	12.77896	12.2497	12.28382	12.14995	12.1154	11.84332	11.94549	11.91888	12.79729	12.44551	12.30714	12.41223				12.41223	2015
1	1.a	1.a.2	SD_XPD_ESED	Proportion of total government spending on essential services, education (%)	2019.Q2.G.01	248	Åland Islands	154	Northern Europe	Country	ALA	0	19.80945969	60.1544901																																
1	1.a	1.a.2	SD_XPD_ESED	Proportion of total government spending on essential services, education (%)	2019.Q2.G.01	250	France	155	Western Europe	Country	FRA	1	2.457288129	46.62660861	PERCENT	Percentage			G	Global			UIS		C: Country data				10.78735	10.68068	10.35549	10.32101	10.38171	10.2321	10.05424	10.00722	9.80296	9.55435	9.61137	9.63385	9.62021				9.62021	2015
1	1.a	1.a.2	SD_XPD_ESED	Proportion of total government spending on essential services, education (%)	2019.Q2.G.01	254	French Guiana	005	South America	Country	GUF	0	-53.23619089	3.922673437																																
1	1.a	1.a.2	SD_XPD_ESED	Proportion of total government spending on essential services, education (%)	2019.Q2.G.01	258	French Polynesia	061	Polynesia	Country	PYF	0	-149.4052367	-17.67709294																																
1	1.a	1.a.2	SD_XPD_ESED	Proportion of total government spending on essential services, education (%)	2019.Q2.G.01	260	French Southern Territories	014	Eastern Africa	Country	ATF	0	69.64849091	-49.6068576																																
1	1.a	1.a.2	SD_XPD_ESED	Proportion of total government spending on essential services, education (%)	2019.Q2.G.01	262	Djibouti	014	Eastern Africa	Country	DJI	1	42.18274707	11.56004161	PERCENT	Percentage			G	Global			UIS		C: Country data	29.38595	26.28002	25.48931	24.27149	24.70114	22.71505	24.70796	22.52744			12.3284									12.3284	2010
1	1.a	1.a.2	SD_XPD_ESED	Proportion of total government spending on essential services, education (%)	2019.Q2.G.01	266	Gabon	017	Middle Africa	Country	GAB	1	11.78727747	-0.60687619	PERCENT	Percentage			G	Global			UIS		[2000]: E: Estimated data // [2010-2014]: C: Country data	17.70649										13.33042	13.74125	12.58227	8.73757	11.22549					11.22549	2014
1	1.a	1.a.2	SD_XPD_ESED	Proportion of total government spending on essential services, education (%)	2019.Q2.G.01	268	Georgia	145	Western Asia	Country	GEO	1	43.3713615	42.04813028	PERCENT	Percentage			G	Global			UIS		C: Country data	12.54072	12.36196	13.60351	12.49294	15.03676	11.18125	12.89539	9.48665	8.9376	8.99825		9.26943	6.70776				12.6662	12.95336		12.95336	2017
1	1.a	1.a.2	SD_XPD_ESED	Proportion of total government spending on essential services, education (%)	2019.Q2.G.01	270	Gambia	011	Western Africa	Country	GMB	1	-15.39944785	13.45295927	PERCENT	Percentage			G	Global			UIS		[2000-2014]: C: Country data // [2016]: E: Estimated data	11.9218	8.20527	10.94752	8.46884	5.02954	5.34417	5.36076	7.2975	18.88171	13.29374	17.61123	15.11833	13.79553	10.28876	11.75232		10.35779			10.35779	2016
1	1.a	1.a.2	SD_XPD_ESED	Proportion of total government spending on essential services, education (%)	2019.Q2.G.01	275	State of Palestine	145	Western Asia	Country	PSE	0	35.25694122	31.94347933																																
1	1.a	1.a.2	SD_XPD_ESED	Proportion of total government spending on essential services, education (%)	2019.Q2.G.01	276	Germany	155	Western Europe	Country	DEU	1	10.3806066	51.08862743	PERCENT	Percentage			G	Global			UIS		C: Country data							9.57416	10.14314	10.11993	10.25824	10.39811	10.75331	11.1373	11.04308	11.19357	10.99351				10.99351	2015
1	1.a	1.a.2	SD_XPD_ESED	Proportion of total government spending on essential services, education (%)	2019.Q2.G.01	288	Ghana	011	Western Africa	Country	GHA	1	-1.205623522	7.964825185	PERCENT	Percentage			G	Global			UIS		[2001,2004-2014]: C: Country data // [2015-2017]: E: Estimated data		15.74111			22.37925	23.42996	24.16198	22.31702	24.0375	22.49513	20.69614	30.63431	37.52096	21.22221	20.98514	23.8088	22.09332	20.09764		20.09764	2017
1	1.a	1.a.2	SD_XPD_ESED	Proportion of total government spending on essential services, education (%)	2019.Q2.G.01	292	Gibraltar	039	Southern Europe	Country	GIB	0	-5.347561686	36.13895036																																
1	1.a	1.a.2	SD_XPD_ESED	Proportion of total government spending on essential services, education (%)	2019.Q2.G.01	296	Kiribati	057	Micronesia	Country	KIR	1	-157.5643005	1.768837732	PERCENT	Percentage			G	Global			UIS		C: Country data	15.26542	11.51614																		11.51614	2001
1	1.a	1.a.2	SD_XPD_ESED	Proportion of total government spending on essential services, education (%)	2019.Q2.G.01	300	Greece	039	Southern Europe	Country	GRC	1	22.58307827	39.47301873	PERCENT	Percentage			G	Global			UIS		C: Country data	6.95777	7.31652	7.47716	7.3604	7.70183	8.70021														8.70021	2005
1	1.a	1.a.2	SD_XPD_ESED	Proportion of total government spending on essential services, education (%)	2019.Q2.G.01	304	Greenland	021	Northern America	Country	GRL	0	-41.39371316	74.75625681																																
1	1.a	1.a.2	SD_XPD_ESED	Proportion of total government spending on essential services, education (%)	2019.Q2.G.01	308	Grenada	029	Caribbean	Country	GRD	1	-61.68248568	12.11238395	PERCENT	Percentage			G	Global			UIS		C: Country data				10.80899													42.78863			42.78863	2016
1	1.a	1.a.2	SD_XPD_ESED	Proportion of total government spending on essential services, education (%)	2019.Q2.G.01	312	Guadeloupe	029	Caribbean	Country	GLP	0	-61.64762115	16.14416917																																
1	1.a	1.a.2	SD_XPD_ESED	Proportion of total government spending on essential services, education (%)	2019.Q2.G.01	316	Guam	057	Micronesia	Country	GUM	0	144.7029305	13.35485404																																
1	1.a	1.a.2	SD_XPD_ESED	Proportion of total government spending on essential services, education (%)	2019.Q2.G.01	320	Guatemala	013	Central America	Country	GTM	1	-91.2312746	15.00273719	PERCENT	Percentage			G	Global			UIS		C: Country data							20.33845	21.27816	23.34816		19.29692	20.24641	21.10514	20.63795	21.95939	24.0855	23.43475	23.08805		23.08805	2017
1	1.a	1.a.2	SD_XPD_ESED	Proportion of total government spending on essential services, education (%)	2019.Q2.G.01	324	Guinea	011	Western Africa	Country	GIN	1	-11.28173419	11.00210343	PERCENT	Percentage			G	Global			UIS		C: Country data	15.19597	10.31576	13.06432	11.62475	12.3133	10.94747			15.67826	13.5834	12.43832	14.25931	9.46061	14.13281	11.98951	11.59878	15.76886	13.37679		13.37679	2017
1	1.a	1.a.2	SD_XPD_ESED	Proportion of total government spending on essential services, education (%)	2019.Q2.G.01	328	Guyana	005	South America	Country	GUY	1	-58.97322037	4.788012784	PERCENT	Percentage			G	Global			UIS		[2000-2001,2003]: E: Estimated data // [2002,2004-2007,2009-2012,2014-2017]: C: Country data	17.65684	16.55556	16.90001	13.81456	11.08074	13.82344	13.48169	11.52616		10.23917	11.83872	11.72072	10.1867		18.73569	17.80268	18.71751	18.27612		18.27612	2017
1	1.a	1.a.2	SD_XPD_ESED	Proportion of total government spending on essential services, education (%)	2019.Q2.G.01	332	Haiti	029	Caribbean	Country	HTI	1	-72.33640958	18.40426539	PERCENT	Percentage			G	Global			UIS		C: Country data																14.44943	13.13072			13.13072	2016
1	1.a	1.a.2	SD_XPD_ESED	Proportion of total government spending on essential services, education (%)	2019.Q2.G.01	334	Heard Island and McDonald Islands	053	Australia and New Zealand	Country	HMD	0	73.52633626	-53.09106147																																
1	1.a	1.a.2	SD_XPD_ESED	Proportion of total government spending on essential services, education (%)	2019.Q2.G.01	336	Holy See	039	Southern Europe	Country	VAT	0	12.45315803	41.90343751	PERCENT	Percentage			G	Global			UIS		C: Country data	0.0	0.0	0.0	0.0	0.0	0.0	0.0	0.0	0.0	0.0	0.0	0.0	0.0	0.0	0.0	0.0	0.0	0.0	0.0	0.0	2018
1	1.a	1.a.2	SD_XPD_ESED	Proportion of total government spending on essential services, education (%)	2019.Q2.G.01	340	Honduras	013	Central America	Country	HND	1	-86.59974381	14.82243161	PERCENT	Percentage			G	Global			UIS		C: Country data														19.86407	25.65362	24.64456	22.93573	22.02493		22.02493	2017
1	1.a	1.a.2	SD_XPD_ESED	Proportion of total government spending on essential services, education (%)	2019.Q2.G.01	344	China, Hong Kong Special Administrative Region	030	Eastern Asia	Country	HKG	0	114.0266445	22.41749934	PERCENT	Percentage			G	Global			UIS		C: Country data		22.41878	22.20729	23.24429	23.15106	22.47858	23.2826	22.63778	22.9224	23.79947	19.90941	20.14833	18.64948	20.3008	17.6204	18.60857	18.12696	17.84128		17.84128	2017
1	1.a	1.a.2	SD_XPD_ESED	Proportion of total government spending on essential services, education (%)	2019.Q2.G.01	348	Hungary	151	Eastern Europe	Country	HUN	1	19.41221519	47.1651448	PERCENT	Percentage			G	Global			UIS		C: Country data	10.32361	10.45507	10.17915	11.82977	11.0059	10.80057	10.32771	10.33817	10.27056	9.86438	9.68557	9.30432	8.61055	8.52697	9.38128	9.13914				9.13914	2015
1	1.a	1.a.2	SD_XPD_ESED	Proportion of total government spending on essential services, education (%)	2019.Q2.G.01	352	Iceland	154	Northern Europe	Country	ISL	1	-19.02116966	64.79134763	PERCENT	Percentage			G	Global			UIS		C: Country data	15.73919	16.20946	17.08744	16.3759	16.80605	17.8101	17.92558	17.21786	13.03326	15.16024	14.60397	15.41712	17.33143	17.66942	17.54874	18.15801				18.15801	2015
1	1.a	1.a.2	SD_XPD_ESED	Proportion of total government spending on essential services, education (%)	2019.Q2.G.01	356	India	034	Southern Asia	Country	IND	1	79.3608464	22.34642074	PERCENT	Percentage			G	Global			UIS		C: Country data	16.73051			12.4108	11.19686	11.20846	11.69371			11.1912	11.83368	13.56491	13.99212	14.05018						14.05018	2013
1	1.a	1.a.2	SD_XPD_ESED	Proportion of total government spending on essential services, education (%)	2019.Q2.G.01	360	Indonesia	035	South-Eastern Asia	Country	IDN	1	113.9174	-0.994582204	PERCENT	Percentage			G	Global			UIS		[2001-2005]: E: Estimated data // [2007-2015]: C: Country data		11.59389	14.36905	16.27818	14.1703	15.1488		14.94431	13.67475	19.30844	16.65418	18.00613	18.09042	17.60393	17.67152	20.5033				20.5033	2015
1	1.a	1.a.2	SD_XPD_ESED	Proportion of total government spending on essential services, education (%)	2019.Q2.G.01	364	Iran (Islamic Republic of)	034	Southern Asia	Country	IRN	1	54.19766348	32.74370885	PERCENT	Percentage			G	Global			UIS		C: Country data	20.63385	24.42417	26.33352	21.65296	21.47405	22.32196	20.21824	19.87443	20.57943	18.02354	18.80435	19.1267	17.39562	21.67391	19.66486	18.56875	19.30131	20.04203		20.04203	2017
1	1.a	1.a.2	SD_XPD_ESED	Proportion of total government spending on essential services, education (%)	2019.Q2.G.01	368	Iraq	145	Western Asia	Country	IRQ	1	43.76606267	33.05013795																																
1	1.a	1.a.2	SD_XPD_ESED	Proportion of total government spending on essential services, education (%)	2019.Q2.G.01	372	Ireland	154	Northern Europe	Country	IRL	1	-7.121425272	53.25274054	PERCENT	Percentage			G	Global			UIS		C: Country data	13.39741	12.59372	12.36966	12.74792	13.52982	13.56242	13.42976	13.12242	13.02137	13.05178	9.28401	12.56876	13.71778	13.21616	13.01292	13.02933				13.02933	2015
1	1.a	1.a.2	SD_XPD_ESED	Proportion of total government spending on essential services, education (%)	2019.Q2.G.01	376	Israel	145	Western Asia	Country	ISR	1	34.62277992	31.06164552	PERCENT	Percentage			G	Global			UIS		C: Country data	12.95934	12.92301	12.87542	12.7922	12.84341	12.73938	13.13155	13.13438	13.33211	13.21112	13.61069	13.9209	13.91873	14.492	14.46036	15.04403				15.04403	2015
1	1.a	1.a.2	SD_XPD_ESED	Proportion of total government spending on essential services, education (%)	2019.Q2.G.01	380	Italy	039	Southern Europe	Country	ITA	1	12.57022427	42.79917282	PERCENT	Percentage			G	Global			UIS		C: Country data	9.2225	9.82544	9.50514	9.64084	9.38801	9.01373	9.52719	8.80193	9.20517	8.86717	8.72395	8.39238	8.04118	8.1558	8.00604	8.11298				8.11298	2015
1	1.a	1.a.2	SD_XPD_ESED	Proportion of total government spending on essential services, education (%)	2019.Q2.G.01	384	Côte d'Ivoire	011	Western Africa	Country	CIV	1	-5.552690016	7.62211586	PERCENT	Percentage			G	Global			UIS		[2000-2014]: C: Country data // [2015-2017]: E: Estimated data	20.80695	23.20203	22.5923	22.64823	22.10716	21.84569	20.01789	20.75588	21.52691	22.19011	22.77275	22.42686	20.85876	21.57473	21.76678	21.17322	21.27839	18.62352		18.62352	2017
1	1.a	1.a.2	SD_XPD_ESED	Proportion of total government spending on essential services, education (%)	2019.Q2.G.01	388	Jamaica	029	Caribbean	Country	JAM	1	-77.31068409	18.15616857	PERCENT	Percentage			G	Global			UIS		C: Country data	16.7966	19.99115	18.36393	13.36234	11.73302	14.26937		17.17305	19.11938	17.55284	16.10294	18.58193	18.80926	20.57386	21.79749	20.05148	19.14512	18.40254		18.40254	2017
1	1.a	1.a.2	SD_XPD_ESED	Proportion of total government spending on essential services, education (%)	2019.Q2.G.01	392	Japan	030	Eastern Asia	Country	JPN	1	139.2716103	36.6554539	PERCENT	Percentage			G	Global			UIS		C: Country data													9.36686	9.30925	9.09332		9.13113			9.13113	2016
1	1.a	1.a.2	SD_XPD_ESED	Proportion of total government spending on essential services, education (%)	2019.Q2.G.01	398	Kazakhstan	143	Central Asia	Country	KAZ	1	66.65359159	48.01963494	PERCENT	Percentage			G	Global			UIS		C: Country data			14.75948		10.60979	10.2278	13.26734	11.94462	13.64711	13.0409						12.19487	13.86969	11.4215		11.4215	2017
1	1.a	1.a.2	SD_XPD_ESED	Proportion of total government spending on essential services, education (%)	2019.Q2.G.01	400	Jordan	145	Western Asia	Country	JOR	1	37.13024774	30.65365973	PERCENT	Percentage			G	Global			UIS		C: Country data																	13.45211	12.5294		12.5294	2017
1	1.a	1.a.2	SD_XPD_ESED	Proportion of total government spending on essential services, education (%)	2019.Q2.G.01	404	Kenya	014	Eastern Africa	Country	KEN	1	37.86096816	0.534797278	PERCENT	Percentage			G	Global			UIS		[2000-2001,2003-2006,2010-2015]: C: Country data // [2002,2016-2017]: E: Estimated data	23.39701	22.39571	25.62821	24.98009	26.66815	27.46934	25.0814				20.55599	19.25283	19.9239	19.13569	17.08103	16.66466	17.33847	17.58228		17.58228	2017
1	1.a	1.a.2	SD_XPD_ESED	Proportion of total government spending on essential services, education (%)	2019.Q2.G.01	408	Democratic People's Republic of Korea	030	Eastern Asia	Country	PRK	1	127.1803633	40.1462645																																
1	1.a	1.a.2	SD_XPD_ESED	Proportion of total government spending on essential services, education (%)	2019.Q2.G.01	410	Republic of Korea	030	Eastern Asia	Country	KOR	1	127.8610254	36.45201023																																
1	1.a	1.a.2	SD_XPD_ESED	Proportion of total government spending on essential services, education (%)	2019.Q2.G.01	414	Kuwait	145	Western Asia	Country	KWT	1	47.49305029	29.53949468	PERCENT	Percentage			G	Global			UIS		[2001,2006]: E: Estimated data // [2002,2004-2005]: C: Country data		18.01418	15.25836		14.95361	13.85411	13.37001													13.37001	2006
1	1.a	1.a.2	SD_XPD_ESED	Proportion of total government spending on essential services, education (%)	2019.Q2.G.01	417	Kyrgyzstan	143	Central Asia	Country	KGZ	1	74.52324839	41.46204516	PERCENT	Percentage			G	Global			UIS		[2000-2016]: C: Country data // [2017]: E: Estimated data	11.6113	13.72139	15.14647	15.93953	16.24381	16.7684	19.0526	21.85146	21.20624	19.15301	15.68131	18.17253	18.19501	17.77379	14.49646	15.76744	16.77731	18.64431		18.64431	2017
1	1.a	1.a.2	SD_XPD_ESED	Proportion of total government spending on essential services, education (%)	2019.Q2.G.01	418	Lao People's Democratic Republic	035	South-Eastern Asia	Country	LAO	1	101.9901968	20.27482773	PERCENT	Percentage			G	Global			UIS		C: Country data	7.26613	9.11738	16.20455		16.24383	13.73158	17.48047	17.35745	13.96301	8.17408	7.27595	8.01467	8.58465	12.80755	12.18988					12.18988	2014
1	1.a	1.a.2	SD_XPD_ESED	Proportion of total government spending on essential services, education (%)	2019.Q2.G.01	422	Lebanon	145	Western Asia	Country	LBN	1	35.89391711	33.92152458	PERCENT	Percentage			G	Global			UIS		C: Country data		7.42125	7.0563		7.93123	8.42131	7.69319	7.34104	5.86977	5.503	5.53429	5.73381	7.10916	8.57552						8.57552	2013
1	1.a	1.a.2	SD_XPD_ESED	Proportion of total government spending on essential services, education (%)	2019.Q2.G.01	426	Lesotho	018	Southern Africa	Country	LSO	1	28.25362195	-29.58041814	PERCENT	Percentage			G	Global			UIS		C: Country data	19.20038	23.84892	24.36376	32.10573	27.6499	32.40492	28.23381		24.69755										13.80394	13.80394	2018
1	1.a	1.a.2	SD_XPD_ESED	Proportion of total government spending on essential services, education (%)	2019.Q2.G.01	428	Latvia	154	Northern Europe	Country	LVA	1	26.42461876	56.64196636	PERCENT	Percentage			G	Global			UIS		C: Country data	14.60148	15.87752	16.37018	15.37676	14.50181		13.91163	14.06705	14.7631	13.02514	11.80903	12.71531	17.73655	18.74402	13.97237	14.12741				14.12741	2015
1	1.a	1.a.2	SD_XPD_ESED	Proportion of total government spending on essential services, education (%)	2019.Q2.G.01	430	Liberia	011	Western Africa	Country	LBR	1	-9.311879038	6.448381009	PERCENT	Percentage			G	Global			UIS		[2008,2012]: C: Country data // [2013-2017]: E: Estimated data									6.45407				5.18434	4.67327	6.89349	7.22077	7.01118	7.05795		7.05795	2017
1	1.a	1.a.2	SD_XPD_ESED	Proportion of total government spending on essential services, education (%)	2019.Q2.G.01	434	Libya	015	Northern Africa	Country	LBY	1	18.0295985	27.04042819																																
1	1.a	1.a.2	SD_XPD_ESED	Proportion of total government spending on essential services, education (%)	2019.Q2.G.01	438	Liechtenstein	155	Western Europe	Country	LIE	1	9.552985019	47.14167005																																
1	1.a	1.a.2	SD_XPD_ESED	Proportion of total government spending on essential services, education (%)	2019.Q2.G.01	440	Lithuania	154	Northern Europe	Country	LTU	1	23.90517807	55.33680309	PERCENT	Percentage			G	Global			UIS		C: Country data		16.67028	17.4651	15.93098	15.57213	14.57956	14.28965	13.32594	13.05296	12.77761	12.85882	12.33635	13.53597	13.28802	13.19014	12.28826				12.28826	2015
1	1.a	1.a.2	SD_XPD_ESED	Proportion of total government spending on essential services, education (%)	2019.Q2.G.01	442	Luxembourg	155	Western Europe	Country	LUX	1	6.092656563	49.77679538	PERCENT	Percentage			G	Global			UIS		C: Country data		9.30211											9.28219		9.55324	9.42761				9.42761	2015
1	1.a	1.a.2	SD_XPD_ESED	Proportion of total government spending on essential services, education (%)	2019.Q2.G.01	446	China, Macao Special Administrative Region	030	Eastern Asia	Country	MAC	0	113.5665388	22.1237259																																
1	1.a	1.a.2	SD_XPD_ESED	Proportion of total government spending on essential services, education (%)	2019.Q2.G.01	450	Madagascar	014	Eastern Africa	Country	MDG	1	46.6982339	-19.38514785	PERCENT	Percentage			G	Global			UIS		[2000-2009,2011-2013]: C: Country data // [2014]: E: Estimated data	15.89051	17.68247	17.93676	15.76314	12.96077	18.03304	15.32419	18.04455	16.25814	22.58583		19.7797	20.3258	13.98938	18.96677					18.96677	2014
1	1.a	1.a.2	SD_XPD_ESED	Proportion of total government spending on essential services, education (%)	2019.Q2.G.01	454	Malawi	014	Eastern Africa	Country	MWI	1	33.4884625	-13.40819859	PERCENT	Percentage			G	Global			UIS		[2003,2010-2011,2013-2016]: C: Country data // [2017]: E: Estimated data				16.55257							12.51796	15.09788		20.4242	16.33403	21.55158	17.10361	14.34011		14.34011	2017
1	1.a	1.a.2	SD_XPD_ESED	Proportion of total government spending on essential services, education (%)	2019.Q2.G.01	458	Malaysia	035	South-Eastern Asia	Country	MYS	1	116.8346314	5.452415309	PERCENT	Percentage			G	Global			UIS		C: Country data	21.39068	24.34852	25.9036	24.54244	21.01292		16.74557	16.12466	14.03864	18.46463	18.40623	20.97702	19.92866	19.45431	19.80056	19.81079	20.69582	21.05574		21.05574	2017
1	1.a	1.a.2	SD_XPD_ESED	Proportion of total government spending on essential services, education (%)	2019.Q2.G.01	462	Maldives	034	Southern Asia	Country	MDV	1	73.09672546	-0.614385021	PERCENT	Percentage			G	Global			UIS		[2002,2004]: E: Estimated data // [2003,2005-2016]: C: Country data			21.2399	20.3462	19.47924	13.01498	13.34758	12.74641	12.61971	15.63228	12.46061	11.7121	12.83329	12.77898	10.34837	12.89076	11.28889			11.28889	2016
1	1.a	1.a.2	SD_XPD_ESED	Proportion of total government spending on essential services, education (%)	2019.Q2.G.01	466	Mali	011	Western Africa	Country	MLI	1	-3.522016039	17.35311254	PERCENT	Percentage			G	Global			UIS		C: Country data	15.32381	14.49319	14.52521	18.28376	17.73635	16.2803			18.03169	16.95941	16.50391	18.25834	22.40338	16.62345	18.22426	18.15549	13.90388			13.90388	2016
1	1.a	1.a.2	SD_XPD_ESED	Proportion of total government spending on essential services, education (%)	2019.Q2.G.01	470	Malta	039	Southern Europe	Country	MLT	1	14.44617519	35.89194275	PERCENT	Percentage			G	Global			UIS		C: Country data			9.53534		10.55489			14.53679	13.06568	12.34494	15.71921	18.9048	15.26156	18.7752	17.53777	13.15089				13.15089	2015
1	1.a	1.a.2	SD_XPD_ESED	Proportion of total government spending on essential services, education (%)	2019.Q2.G.01	474	Martinique	029	Caribbean	Country	MTQ	0	-60.91544135	14.56086108																																
1	1.a	1.a.2	SD_XPD_ESED	Proportion of total government spending on essential services, education (%)	2019.Q2.G.01	478	Mauritania	011	Western Africa	Country	MRT	1	-10.33187259	20.26089546	PERCENT	Percentage			G	Global			UIS		[2004,2016]: E: Estimated data // [2006,2008,2010-2013]: C: Country data					8.17586		10.31029		13.88017		16.03502	13.68266	10.01775	11.40537			9.33055			9.33055	2016
1	1.a	1.a.2	SD_XPD_ESED	Proportion of total government spending on essential services, education (%)	2019.Q2.G.01	480	Mauritius	014	Eastern Africa	Country	MUS	1	57.568022	-20.28581998	PERCENT	Percentage			G	Global			UIS		C: Country data	17.5419	13.23924	12.91514	17.92272	17.3871	17.08813	15.17617	14.18328	14.03944	13.24723	14.57315	13.84617	14.96062	14.78901	20.90518	19.45709	19.9625	19.9341		19.9341	2017
1	1.a	1.a.2	SD_XPD_ESED	Proportion of total government spending on essential services, education (%)	2019.Q2.G.01	484	Mexico	013	Central America	Country	MEX	1	-102.5148166	23.93378032	PERCENT	Percentage			G	Global			UIS		C: Country data	19.64613	20.62428	21.46491	22.47187	22.05383	21.90379	20.82432	19.88907	17.38016	18.66512	18.64259	18.42102	18.08719	16.90599	18.80594	19.01875				19.01875	2015
1	1.a	1.a.2	SD_XPD_ESED	Proportion of total government spending on essential services, education (%)	2019.Q2.G.01	492	Monaco	155	Western Europe	Country	MCO	1	7.424214814	43.73532918																																
1	1.a	1.a.2	SD_XPD_ESED	Proportion of total government spending on essential services, education (%)	2019.Q2.G.01	496	Mongolia	030	Eastern Asia	Country	MNG	1	103.0728057	46.83892054	PERCENT	Percentage			G	Global			UIS		C: Country data	16.07477		20.31151		13.57351			13.28645		14.51142	14.71114	12.15085	13.35302	12.32158	12.07037	12.42683	12.78848	13.49122		13.49122	2017
1	1.a	1.a.2	SD_XPD_ESED	Proportion of total government spending on essential services, education (%)	2019.Q2.G.01	498	Republic of Moldova	151	Eastern Europe	Country	MDA	1	28.4650624	47.20236795	PERCENT	Percentage			G	Global			UIS		C: Country data	12.92393	16.42476	17.88434	16.19259	19.45202	19.29665	18.60882	19.41697	19.85008	20.99263	22.26701	21.91588	20.74197		18.7651		18.49182	18.3323		18.3323	2017
1	1.a	1.a.2	SD_XPD_ESED	Proportion of total government spending on essential services, education (%)	2019.Q2.G.01	499	Montenegro	039	Southern Europe	Country	MNE	1	19.25214024	42.78717043																																
1	1.a	1.a.2	SD_XPD_ESED	Proportion of total government spending on essential services, education (%)	2019.Q2.G.01	500	Montserrat	029	Caribbean	Country	MSR	0	-62.19261223	16.73558313																																
1	1.a	1.a.2	SD_XPD_ESED	Proportion of total government spending on essential services, education (%)	2019.Q2.G.01	504	Morocco	015	Northern Africa	Country	MAR	1	-6.281942841	31.8440131	PERCENT	Percentage			G	Global			UIS		C: Country data									17.47064	17.29529										17.29529	2009
1	1.a	1.a.2	SD_XPD_ESED	Proportion of total government spending on essential services, education (%)	2019.Q2.G.01	508	Mozambique	014	Eastern Africa	Country	MOZ	1	38.18479941	-14.27963886	PERCENT	Percentage			G	Global			UIS		C: Country data					18.00154	22.71818	18.55004						19.70182	18.97809						18.97809	2013
1	1.a	1.a.2	SD_XPD_ESED	Proportion of total government spending on essential services, education (%)	2019.Q2.G.01	512	Oman	145	Western Asia	Country	OMN	1	57.87743482	21.98805614	PERCENT	Percentage			G	Global			UIS		C: Country data	8.98344	10.58399	11.06248	10.03896	10.31647	10.05364	11.22463			10.94918				11.08018			12.18027	15.34366		15.34366	2017
1	1.a	1.a.2	SD_XPD_ESED	Proportion of total government spending on essential services, education (%)	2019.Q2.G.01	516	Namibia	018	Southern Africa	Country	NAM	1	17.21907885	-22.13817068	PERCENT	Percentage			G	Global			UIS		[2000,2003,2006,2008,2010,2014]: C: Country data // [2001-2002]: E: Estimated data	21.92506	22.77571	21.83686	20.32821			21.60299		24.86161		26.12351				7.64146					7.64146	2014
1	1.a	1.a.2	SD_XPD_ESED	Proportion of total government spending on essential services, education (%)	2019.Q2.G.01	520	Nauru	057	Micronesia	Country	NRU	1	166.92313	-0.528742623																																
1	1.a	1.a.2	SD_XPD_ESED	Proportion of total government spending on essential services, education (%)	2019.Q2.G.01	524	Nepal	034	Southern Asia	Country	NPL	1	83.94678863	28.25866332	PERCENT	Percentage			G	Global			UIS		[2000-2001,2016-2017]: E: Estimated data // [2002-2015]: C: Country data	19.15604	21.6562	20.44405	21.31265	21.61336	22.29422	25.50064	21.14614	22.23003	19.87293	16.03235	17.98384	17.43708	17.56964	18.28129	16.98966	19.1285	15.74647		15.74647	2017
1	1.a	1.a.2	SD_XPD_ESED	Proportion of total government spending on essential services, education (%)	2019.Q2.G.01	528	Netherlands	155	Western Europe	Country	NLD	1	5.331480568	51.86728884	PERCENT	Percentage			G	Global			UIS		C: Country data	11.29406	11.21875	11.30557	11.62225	11.95494	12.43889	12.06503	11.84698	11.90538	11.61361	11.7416	11.98119	11.83227	12.30814	12.19076	12.25385				12.25385	2015
1	1.a	1.a.2	SD_XPD_ESED	Proportion of total government spending on essential services, education (%)	2019.Q2.G.01	530	Netherlands Antilles	029	Caribbean	Country	ANT	0	-68.30676179	12.22720635																																
1	1.a	1.a.2	SD_XPD_ESED	Proportion of total government spending on essential services, education (%)	2019.Q2.G.01	531	Curaçao	029	Caribbean	Country	CUW	0	-68.95033464	12.15058042																																
1	1.a	1.a.2	SD_XPD_ESED	Proportion of total government spending on essential services, education (%)	2019.Q2.G.01	533	Aruba	029	Caribbean	Country	ABW	0	-69.97050586	12.50878756																																
1	1.a	1.a.2	SD_XPD_ESED	Proportion of total government spending on essential services, education (%)	2019.Q2.G.01	534	Sint Maarten (Dutch part)	029	Caribbean	Country	SXM	0	-63.06198692	18.03926508																																
1	1.a	1.a.2	SD_XPD_ESED	Proportion of total government spending on essential services, education (%)	2019.Q2.G.01	540	New Caledonia	054	Melanesia	Country	NCL	0	165.5067368	-21.41742531																																
1	1.a	1.a.2	SD_XPD_ESED	Proportion of total government spending on essential services, education (%)	2019.Q2.G.01	548	Vanuatu	054	Melanesia	Country	VUT	1	167.0679779	-15.34445547	PERCENT	Percentage			G	Global			UIS		C: Country data	27.52419	40.07755	36.40962	44.8018					21.40563	18.72315					17.25246	12.9964		11.78265		11.78265	2017
1	1.a	1.a.2	SD_XPD_ESED	Proportion of total government spending on essential services, education (%)	2019.Q2.G.01	554	New Zealand	053	Australia and New Zealand	Country	NZL	1	170.4755673	-43.98721568	PERCENT	Percentage			G	Global			UIS		C: Country data		16.72736	16.78895	16.77555	17.02215	16.27487	15.17903	15.00028	14.09215	15.35943	15.71588	15.81701	17.81994	16.59321	16.2968	16.38173	16.57483			16.57483	2016
1	1.a	1.a.2	SD_XPD_ESED	Proportion of total government spending on essential services, education (%)	2019.Q2.G.01	558	Nicaragua	013	Central America	Country	NIC	1	-85.03060315	12.84210839																																
1	1.a	1.a.2	SD_XPD_ESED	Proportion of total government spending on essential services, education (%)	2019.Q2.G.01	562	Niger	011	Western Africa	Country	NER	1	9.400167877	17.42143036	PERCENT	Percentage			G	Global			UIS		C: Country data	18.78317	16.59557	16.65247	13.8455			16.88377	17.37597	16.17733	18.91294	18.10404	21.67581	19.19202	18.08453	21.6615	18.51086	15.34716	13.25023		13.25023	2017
1	1.a	1.a.2	SD_XPD_ESED	Proportion of total government spending on essential services, education (%)	2019.Q2.G.01	566	Nigeria	011	Western Africa	Country	NGA	1	8.097363256	9.585789025																																
1	1.a	1.a.2	SD_XPD_ESED	Proportion of total government spending on essential services, education (%)	2019.Q2.G.01	570	Niue	061	Polynesia	Country	NIU	0	-169.8601693	-19.05000475																																
1	1.a	1.a.2	SD_XPD_ESED	Proportion of total government spending on essential services, education (%)	2019.Q2.G.01	574	Norfolk Island	053	Australia and New Zealand	Country	NFK	0	167.9515548	-29.03230018																																
1	1.a	1.a.2	SD_XPD_ESED	Proportion of total government spending on essential services, education (%)	2019.Q2.G.01	578	Norway	154	Northern Europe	Country	NOR	1	11.47846389	61.34311134	PERCENT	Percentage			G	Global			UIS		C: Country data	15.77262	15.92199	16.25833	15.68493	16.4396	16.54838	15.86487	15.99489	15.85855	15.64057	15.22733	14.95735	17.42965	17.26891	17.04335	15.72807				15.72807	2015
1	1.a	1.a.2	SD_XPD_ESED	Proportion of total government spending on essential services, education (%)	2019.Q2.G.01	580	Northern Mariana Islands	057	Micronesia	Country	MNP	0	145.7582114	15.19099517																																
1	1.a	1.a.2	SD_XPD_ESED	Proportion of total government spending on essential services, education (%)	2019.Q2.G.01	581	United States Minor Outlying Islands	057	Micronesia	Country	UMI	0	-162.4343752	5.874443968																																
1	1.a	1.a.2	SD_XPD_ESED	Proportion of total government spending on essential services, education (%)	2019.Q2.G.01	583	Micronesia (Federated States of)	057	Micronesia	Country	FSM	1	158.225216	6.880670092	PERCENT	Percentage			G	Global			UIS		[2000]: E: Estimated data // [2015]: C: Country data	9.96512															22.31239				22.31239	2015
1	1.a	1.a.2	SD_XPD_ESED	Proportion of total government spending on essential services, education (%)	2019.Q2.G.01	584	Marshall Islands	057	Micronesia	Country	MHL	1	171.0839119	7.110213497	PERCENT	Percentage			G	Global			UIS		C: Country data			14.8142	22.50875																22.50875	2003
1	1.a	1.a.2	SD_XPD_ESED	Proportion of total government spending on essential services, education (%)	2019.Q2.G.01	585	Palau	057	Micronesia	Country	PLW	1	134.5733878	7.502307591	PERCENT	Percentage			G	Global			UIS		[2000,2002]: E: Estimated data // [2001]: C: Country data	13.96441	15.30785	15.53766																	15.53766	2002
1	1.a	1.a.2	SD_XPD_ESED	Proportion of total government spending on essential services, education (%)	2019.Q2.G.01	586	Pakistan	034	Southern Asia	Country	PAK	1	68.80479684	29.36491634	PERCENT	Percentage			G	Global			UIS		C: Country data	8.48988				11.22935	13.77751	15.2891	15.44552	14.09696	11.86443	11.86466	10.92461	11.04063	11.51398	11.30066	13.18728	12.60315	13.84731		13.84731	2017
1	1.a	1.a.2	SD_XPD_ESED	Proportion of total government spending on essential services, education (%)	2019.Q2.G.01	591	Panama	013	Central America	Country	PAN	1	-81.26616623	8.450965746	PERCENT	Percentage			G	Global			UIS		[2000-2002,2008,2011]: C: Country data // [2003-2004]: E: Estimated data	19.83194	16.63913	16.9575	16.34301	14.56827				14.88983			13.01972								13.01972	2011
1	1.a	1.a.2	SD_XPD_ESED	Proportion of total government spending on essential services, education (%)	2019.Q2.G.01	598	Papua New Guinea	054	Melanesia	Country	PNG	1	145.8587761	-6.756057077																																
1	1.a	1.a.2	SD_XPD_ESED	Proportion of total government spending on essential services, education (%)	2019.Q2.G.01	600	Paraguay	005	South America	Country	PRY	1	-60.54854225	-21.70216237																																
1	1.a	1.a.2	SD_XPD_ESED	Proportion of total government spending on essential services, education (%)	2019.Q2.G.01	604	Peru	005	South America	Country	PER	1	-71.82093277	-13.58939705	PERCENT	Percentage			G	Global			UIS		C: Country data	15.25037	14.79623	14.57806	14.65831	15.27385	14.27852	14.0353	14.14177	14.53442	14.59631	13.55558	13.55255	14.36907	15.22388	16.21989	17.57486	17.8701	18.2358		18.2358	2017
1	1.a	1.a.2	SD_XPD_ESED	Proportion of total government spending on essential services, education (%)	2019.Q2.G.01	608	Philippines	035	South-Eastern Asia	Country	PHL	1	120.8601418	14.16591706	PERCENT	Percentage			G	Global			UIS		C: Country data	15.20676	13.91591	14.06893	14.38022	12.75085	12.42236	13.26853	13.66702	14.44199	13.21116										13.21116	2009
1	1.a	1.a.2	SD_XPD_ESED	Proportion of total government spending on essential services, education (%)	2019.Q2.G.01	612	Pitcairn	061	Polynesia	Country	PCN	0	-128.3225873	-24.37538456																																
1	1.a	1.a.2	SD_XPD_ESED	Proportion of total government spending on essential services, education (%)	2019.Q2.G.01	616	Poland	151	Eastern Europe	Country	POL	1	19.40660158	52.1226733	PERCENT	Percentage			G	Global			UIS		C: Country data	11.8693	11.83149	11.88938	11.64438	12.28659	12.22228	12.66541	11.26715	11.37921	11.07648	11.06464	10.98486	11.22697	11.59794	11.62072	11.58267				11.58267	2015
1	1.a	1.a.2	SD_XPD_ESED	Proportion of total government spending on essential services, education (%)	2019.Q2.G.01	620	Portugal	039	Southern Europe	Country	PRT	1	-7.961599811	39.68509315	PERCENT	Percentage			G	Global			UIS		C: Country data	12.05288	12.09582	11.9002	11.65633	10.96746	10.85812	10.87095	11.0547	10.37183	11.07481	10.42656	10.23923	10.19303	10.56848	9.90569	10.152				10.152	2015
1	1.a	1.a.2	SD_XPD_ESED	Proportion of total government spending on essential services, education (%)	2019.Q2.G.01	624	Guinea-Bissau	011	Western Africa	Country	GNB	1	-14.40182514	12.11760394	PERCENT	Percentage			G	Global			UIS		C: Country data											9.06924	10.19974	14.5398	16.19138						16.19138	2013
1	1.a	1.a.2	SD_XPD_ESED	Proportion of total government spending on essential services, education (%)	2019.Q2.G.01	626	Timor-Leste	035	South-Eastern Asia	Country	TLS	1	125.9451052	-8.797497247	PERCENT	Percentage			G	Global			UIS		C: Country data									7.09054	10.58612	9.15421	7.6509	5.53769	5.89318	6.77287					6.77287	2014
1	1.a	1.a.2	SD_XPD_ESED	Proportion of total government spending on essential services, education (%)	2019.Q2.G.01	630	Puerto Rico	029	Caribbean	Country	PRI	0	-66.47591017	18.22753799																																
1	1.a	1.a.2	SD_XPD_ESED	Proportion of total government spending on essential services, education (%)	2019.Q2.G.01	634	Qatar	145	Western Asia	Country	QAT	1	51.19152467	25.28355379	PERCENT	Percentage			G	Global			UIS		C: Country data	9.67605	10.55131	12.00746	10.70006	12.05313	13.74476			15.05552	14.83565	13.81727	13.10685	12.30603	13.1471	12.74315			8.88238		8.88238	2017
1	1.a	1.a.2	SD_XPD_ESED	Proportion of total government spending on essential services, education (%)	2019.Q2.G.01	638	Réunion	014	Eastern Africa	Country	REU	0	55.53171398	-21.13183266																																
1	1.a	1.a.2	SD_XPD_ESED	Proportion of total government spending on essential services, education (%)	2019.Q2.G.01	642	Romania	151	Eastern Europe	Country	ROU	1	24.98481009	45.83893563	PERCENT	Percentage			G	Global			UIS		C: Country data	8.18758	9.84882	10.92235	11.13906	9.84331	10.83668	12.71962	12.00496	11.61622	11.02129	9.12913	8.32978	8.43579		9.25695	9.07624				9.07624	2015
1	1.a	1.a.2	SD_XPD_ESED	Proportion of total government spending on essential services, education (%)	2019.Q2.G.01	643	Russian Federation	151	Eastern Europe	Country	RUS	1	99.01404926	61.61899849	PERCENT	Percentage			G	Global			UIS		C: Country data	8.95185	9.21336	10.58384	10.53169	11.17591	11.95057	12.4258		11.95923				11.14676			10.86947				10.86947	2015
1	1.a	1.a.2	SD_XPD_ESED	Proportion of total government spending on essential services, education (%)	2019.Q2.G.01	646	Rwanda	014	Eastern Africa	Country	RWA	1	29.92310194	-1.999842114	PERCENT	Percentage			G	Global			UIS		[2000-2001,2007-2008,2010-2013]: C: Country data // [2014-2017]: E: Estimated data	18.83533	25.31314						17.78655	15.59151		17.54806	15.34338	15.81547	16.85963	13.73432	12.53905	12.27839	11.07961		11.07961	2017
1	1.a	1.a.2	SD_XPD_ESED	Proportion of total government spending on essential services, education (%)	2019.Q2.G.01	652	Saint Barthélemy	029	Caribbean	Country	BLM	0	-62.83173536	17.89513362																																
1	1.a	1.a.2	SD_XPD_ESED	Proportion of total government spending on essential services, education (%)	2019.Q2.G.01	654	Saint Helena	011	Western Africa	Country	SHN	0	-5.705752501	-15.96503946																																
1	1.a	1.a.2	SD_XPD_ESED	Proportion of total government spending on essential services, education (%)	2019.Q2.G.01	659	Saint Kitts and Nevis	029	Caribbean	Country	KNA	1	-62.76628613	17.33994219	PERCENT	Percentage			G	Global			UIS		C: Country data	13.68505	14.20753	11.05933	12.28806	11.79026	11.05621	12.47841	13.05181								8.6355				8.6355	2015
1	1.a	1.a.2	SD_XPD_ESED	Proportion of total government spending on essential services, education (%)	2019.Q2.G.01	660	Anguilla	029	Caribbean	Country	AIA	0	-63.05651612	18.21525315																																
1	1.a	1.a.2	SD_XPD_ESED	Proportion of total government spending on essential services, education (%)	2019.Q2.G.01	662	Saint Lucia	029	Caribbean	Country	LCA	1	-60.96529553	13.89405601	PERCENT	Percentage			G	Global			UIS		[2001,2003]: E: Estimated data // [2004-2006,2008-2016]: C: Country data		25.85463		15.42216	15.04104	16.30697	19.01138		19.94337	13.89532	14.20208	13.83676	12.19245	13.84786	15.30152	16.45298	21.9757			21.9757	2016
1	1.a	1.a.2	SD_XPD_ESED	Proportion of total government spending on essential services, education (%)	2019.Q2.G.01	663	Saint Martin (French Part)	029	Caribbean	Country	MAF	0	-63.04505461	18.0882685																																
1	1.a	1.a.2	SD_XPD_ESED	Proportion of total government spending on essential services, education (%)	2019.Q2.G.01	666	Saint Pierre and Miquelon	021	Northern America	Country	SPM	0	-56.33682442	46.85812735																																
1	1.a	1.a.2	SD_XPD_ESED	Proportion of total government spending on essential services, education (%)	2019.Q2.G.01	670	Saint Vincent and the Grenadines	029	Caribbean	Country	VCT	1	-61.19024321	13.24627968	PERCENT	Percentage			G	Global			UIS		[2000,2002,2005,2007,2009-2010,2016-2017]: C: Country data // [2003]: E: Estimated data	30.7892		28.70131	31.47551		22.59199		20.03841		17.3385	15.48563						20.14841	18.97828		18.97828	2017
1	1.a	1.a.2	SD_XPD_ESED	Proportion of total government spending on essential services, education (%)	2019.Q2.G.01	674	San Marino	039	Southern Europe	Country	SMR	1	12.46329038	43.93841766	PERCENT	Percentage			G	Global			UIS		C: Country data											10.78129	10.64036								10.64036	2011
1	1.a	1.a.2	SD_XPD_ESED	Proportion of total government spending on essential services, education (%)	2019.Q2.G.01	678	Sao Tome and Principe	017	Middle Africa	Country	STP	1	6.609772265	0.241554875	PERCENT	Percentage			G	Global			UIS		C: Country data			6.42829	6.68909	5.84991	12.12649	14.08841	16.65969	18.24332	20.5595	19.32359		13.71967	18.82663	12.3226	11.29725	15.96804	18.39938		18.39938	2017
1	1.a	1.a.2	SD_XPD_ESED	Proportion of total government spending on essential services, education (%)	2019.Q2.G.01	682	Saudi Arabia	145	Western Asia	Country	SAU	1	44.54763347	24.12594211	PERCENT	Percentage			G	Global			UIS		C: Country data	17.83659	20.89614	21.29412	21.45522	20.18866	19.29229	21.60387		19.25742											19.25742	2008
1	1.a	1.a.2	SD_XPD_ESED	Proportion of total government spending on essential services, education (%)	2019.Q2.G.01	686	Senegal	011	Western Africa	Country	SEN	1	-14.46636926	14.35920905	PERCENT	Percentage			G	Global			UIS		[2000-2006,2009-2016]: C: Country data // [2008,2017]: E: Estimated data	17.61849	15.72974	16.72192	16.11751	16.96225	21.77097	17.95464		19.22614	23.30045	24.04635	21.08697	20.79525	25.74235	24.76247	23.75856	21.33722	21.56281		21.56281	2017
1	1.a	1.a.2	SD_XPD_ESED	Proportion of total government spending on essential services, education (%)	2019.Q2.G.01	688	Serbia	039	Southern Europe	Country	SRB	1	20.805876	44.03145697	PERCENT	Percentage			G	Global			UIS		C: Country data								9.97664	10.39082	10.48218	10.09823	10.17957	9.22701		8.764	8.87636	8.69299			8.69299	2016
1	1.a	1.a.2	SD_XPD_ESED	Proportion of total government spending on essential services, education (%)	2019.Q2.G.01	690	Seychelles	014	Eastern Africa	Country	SYC	1	55.46561591	-4.678053059	PERCENT	Percentage			G	Global			UIS		C: Country data			9.22016	12.0432			10.95452					10.38641	6.7712	9.54766	12.08458		11.72343			11.72343	2016
1	1.a	1.a.2	SD_XPD_ESED	Proportion of total government spending on essential services, education (%)	2019.Q2.G.01	694	Sierra Leone	011	Western Africa	Country	SLE	1	-11.78306584	8.568604164	PERCENT	Percentage			G	Global			UIS		[2000-2005]: E: Estimated data // [2007-2014,2016-2017]: C: Country data	20.7313	17.9708	17.70319	17.31936	17.1488	15.50661		19.75022	14.9309	15.89646	12.80191	12.41146	14.12596	15.20231	15.09174		12.47358	19.91514		19.91514	2017
1	1.a	1.a.2	SD_XPD_ESED	Proportion of total government spending on essential services, education (%)	2019.Q2.G.01	702	Singapore	035	South-Eastern Asia	Country	SGP	1	103.8107883	1.361009155	PERCENT	Percentage			G	Global			UIS		C: Country data	18.2846	19.46945	18.18288	21.80652	20.3052	19.81695	19.74932	20.01841	19.94286	17.19887	17.16863	19.89241	21.16143	19.95866						19.95866	2013
1	1.a	1.a.2	SD_XPD_ESED	Proportion of total government spending on essential services, education (%)	2019.Q2.G.01	703	Slovakia	151	Eastern Europe	Country	SVK	1	19.48495604	48.70741446	PERCENT	Percentage			G	Global			UIS		C: Country data	7.44282	8.87773	9.41757	10.56774	10.86331	9.46612	9.58011	9.71228	9.54789	9.09838	9.76616	9.70747	9.62131	9.86131	10.06451	10.28055				10.28055	2015
1	1.a	1.a.2	SD_XPD_ESED	Proportion of total government spending on essential services, education (%)	2019.Q2.G.01	704	Viet Nam	035	South-Eastern Asia	Country	VNM	1	105.802499	10.09643079	PERCENT	Percentage			G	Global			UIS		C: Country data									18.05421	15.239	17.11449	17.81127	18.78502	18.51551						18.51551	2013
1	1.a	1.a.2	SD_XPD_ESED	Proportion of total government spending on essential services, education (%)	2019.Q2.G.01	705	Slovenia	039	Southern Europe	Country	SVN	1	14.82209486	46.11958061	PERCENT	Percentage			G	Global			UIS		C: Country data		13.81725	13.72527	13.69596	13.49902	13.29055	13.3197	12.89666	12.54904	12.30418	12.08019	12.07168	12.63184	9.99504	11.27432	11.21851				11.21851	2015
1	1.a	1.a.2	SD_XPD_ESED	Proportion of total government spending on essential services, education (%)	2019.Q2.G.01	706	Somalia	014	Eastern Africa	Country	SOM	1	46.20367477	4.406485729																																
1	1.a	1.a.2	SD_XPD_ESED	Proportion of total government spending on essential services, education (%)	2019.Q2.G.01	710	South Africa	018	Southern Africa	Country	ZAF	1	24.67184355	-29.99957544	PERCENT	Percentage			G	Global			UIS		C: Country data		20.47205	20.0957	19.5923	19.93463	19.92499	18.00499	18.02707	17.90631	18.30626	18.04437	18.96147	20.63561	19.17124	19.13845	18.69935	18.04952	18.72744		18.72744	2017
1	1.a	1.a.2	SD_XPD_ESED	Proportion of total government spending on essential services, education (%)	2019.Q2.G.01	716	Zimbabwe	014	Eastern Africa	Country	ZWE	1	29.86909584	-19.00075492	PERCENT	Percentage			G	Global			UIS		C: Country data											8.72091		29.75109	28.66034	30.00762					30.00762	2014
1	1.a	1.a.2	SD_XPD_ESED	Proportion of total government spending on essential services, education (%)	2019.Q2.G.01	724	Spain	039	Southern Europe	Country	ESP	1	-3.554078296	40.39211472	PERCENT	Percentage			G	Global			UIS		C: Country data	10.66263	10.71261	10.709	10.88755	10.72426	10.77912	10.88591	10.84699	10.9364	10.63257	10.56192	10.61811	9.21341	9.49991	9.54349	9.77104				9.77104	2015
1	1.a	1.a.2	SD_XPD_ESED	Proportion of total government spending on essential services, education (%)	2019.Q2.G.01	728	South Sudan	014	Eastern Africa	Country	SSD	1	30.32618773	7.290839152	PERCENT	Percentage			G	Global			UIS		C: Country data												3.9507		3.22802	4.13136	3.27551	0.8457	1.06624		1.06624	2017
1	1.a	1.a.2	SD_XPD_ESED	Proportion of total government spending on essential services, education (%)	2019.Q2.G.01	729	Sudan	015	Northern Africa	Country	SDN	0	29.95650159	16.02643066	PERCENT	Percentage			G	Global			UIS		C: Country data	9.11689		11.04489		7.94924	5.9668	8.25316		9.39278	10.78182										10.78182	2009
1	1.a	1.a.2	SD_XPD_ESED	Proportion of total government spending on essential services, education (%)	2019.Q2.G.01	732	Western Sahara	015	Northern Africa	Country	ESH	0	-13.13515523	24.66265342																																
1	1.a	1.a.2	SD_XPD_ESED	Proportion of total government spending on essential services, education (%)	2019.Q2.G.01	740	Suriname	005	South America	Country	SUR	1	-55.90626394	4.132603197																																
1	1.a	1.a.2	SD_XPD_ESED	Proportion of total government spending on essential services, education (%)	2019.Q2.G.01	744	Svalbard and Jan Mayen Islands	154	Northern Europe	Country	SJM	0	13.38071013	78.82894131																																
1	1.a	1.a.2	SD_XPD_ESED	Proportion of total government spending on essential services, education (%)	2019.Q2.G.01	748	Eswatini	018	Southern Africa	Country	SWZ	1	31.50149288	-26.56471011	PERCENT	Percentage			G	Global			UIS		C: Country data	18.74508	19.65618	17.29377	22.06382	21.10407	20.89186	22.70757		21.81324	19.38638	18.28303	22.33393			24.94522					24.94522	2014
1	1.a	1.a.2	SD_XPD_ESED	Proportion of total government spending on essential services, education (%)	2019.Q2.G.01	752	Sweden	154	Northern Europe	Country	SWE	1	14.3775338	60.60103109	PERCENT	Percentage			G	Global			UIS		C: Country data	12.98767	12.87803	13.21271	12.92092	13.06133	12.76274	12.80702	12.84536	13.02625	13.2655	13.3062	13.17745	15.23017	15.14408	15.32981	15.50328				15.50328	2015
1	1.a	1.a.2	SD_XPD_ESED	Proportion of total government spending on essential services, education (%)	2019.Q2.G.01	756	Switzerland	155	Western Europe	Country	CHE	1	8.223158	46.96617097	PERCENT	Percentage			G	Global			UIS		C: Country data	14.64065	15.42771	15.31152	16.33489	16.22231	15.8207	15.97005	15.67513	16.00964	15.64362	15.39088	15.5535	15.64387	15.209	15.4618	15.52784	15.52673			15.52673	2016
1	1.a	1.a.2	SD_XPD_ESED	Proportion of total government spending on essential services, education (%)	2019.Q2.G.01	760	Syrian Arab Republic	145	Western Asia	Country	SYR	1	38.50466565	35.01676176	PERCENT	Percentage			G	Global			UIS		C: Country data		15.66206	16.82607	19.8554	17.1454		20.04848	18.92593	20.04079	19.18405										19.18405	2009
1	1.a	1.a.2	SD_XPD_ESED	Proportion of total government spending on essential services, education (%)	2019.Q2.G.01	762	Tajikistan	143	Central Asia	Country	TJK	1	69.294998	38.43069666	PERCENT	Percentage			G	Global			UIS		C: Country data	12.02514	13.18853	14.59364	12.69424	13.67676	15.29338	15.63601	12.21488	12.8005	14.31216	15.33145	14.56051	16.35024			16.44339				16.44339	2015
1	1.a	1.a.2	SD_XPD_ESED	Proportion of total government spending on essential services, education (%)	2019.Q2.G.01	764	Thailand	035	South-Eastern Asia	Country	THA	1	101.0202951	15.13089239	PERCENT	Percentage			G	Global			UIS		C: Country data	28.3886	24.24134	16.22293	20.86635	21.45767	20.54682	22.00279	18.48467	18.16285	18.1783	16.22262	22.63024	21.3968	19.12593						19.12593	2013
1	1.a	1.a.2	SD_XPD_ESED	Proportion of total government spending on essential services, education (%)	2019.Q2.G.01	768	Togo	011	Western Africa	Country	TGO	1	0.97835765	8.532096072	PERCENT	Percentage			G	Global			UIS		C: Country data	24.42371	25.73136	30.70003	27.75643	21.83069	17.67808	17.28665	18.15452	19.24566	19.37198	19.61576	16.90379	17.68043	16.59207	17.39141	16.66499	15.99131			15.99131	2016
1	1.a	1.a.2	SD_XPD_ESED	Proportion of total government spending on essential services, education (%)	2019.Q2.G.01	772	Tokelau	061	Polynesia	Country	TKL	0	-171.8154473	-9.214545558																																
1	1.a	1.a.2	SD_XPD_ESED	Proportion of total government spending on essential services, education (%)	2019.Q2.G.01	776	Tonga	061	Polynesia	Country	TON	1	-175.1959991	-21.19511329	PERCENT	Percentage			G	Global			UIS		[2000,2002-2004]: C: Country data // [2001]: E: Estimated data	22.95586	19.7819	15.46275	18.41225	18.10253															18.10253	2004
1	1.a	1.a.2	SD_XPD_ESED	Proportion of total government spending on essential services, education (%)	2019.Q2.G.01	780	Trinidad and Tobago	029	Caribbean	Country	TTO	1	-61.29389504	10.41877263	PERCENT	Percentage			G	Global			UIS		C: Country data	11.73112	12.16543	14.28521	13.91007																13.91007	2003
1	1.a	1.a.2	SD_XPD_ESED	Proportion of total government spending on essential services, education (%)	2019.Q2.G.01	784	United Arab Emirates	145	Western Asia	Country	ARE	1	53.98279159	23.43322219																																
1	1.a	1.a.2	SD_XPD_ESED	Proportion of total government spending on essential services, education (%)	2019.Q2.G.01	788	Tunisia	015	Northern Africa	Country	TUN	1	9.572737411	34.11439971	PERCENT	Percentage			G	Global			UIS		[2000]: E: Estimated data // [2001-2010,2012,2015]: C: Country data	24.59178	24.64776	22.88013	27.68429	27.83381	26.69569	26.86131	26.42863	25.25867	25.26201	24.84683		20.99101			22.89854				22.89854	2015
1	1.a	1.a.2	SD_XPD_ESED	Proportion of total government spending on essential services, education (%)	2019.Q2.G.01	792	Turkey	145	Western Asia	Country	TUR	1	35.42890329	38.9899684	PERCENT	Percentage			G	Global			UIS		C: Country data	6.37583	5.98266	6.65165	7.41988	8.65172		7.96737						12.83047	12.74773	13.13256	12.83896				12.83896	2015
1	1.a	1.a.2	SD_XPD_ESED	Proportion of total government spending on essential services, education (%)	2019.Q2.G.01	795	Turkmenistan	143	Central Asia	Country	TKM	1	58.9787665	40.0912346	PERCENT	Percentage			G	Global			UIS		C: Country data													20.79551							20.79551	2012
1	1.a	1.a.2	SD_XPD_ESED	Proportion of total government spending on essential services, education (%)	2019.Q2.G.01	796	Turks and Caicos Islands	029	Caribbean	Country	TCA	0	-71.745121	21.80780585																																
1	1.a	1.a.2	SD_XPD_ESED	Proportion of total government spending on essential services, education (%)	2019.Q2.G.01	798	Tuvalu	061	Polynesia	Country	TUV	1	178.6679611	-7.460048071																																
1	1.a	1.a.2	SD_XPD_ESED	Proportion of total government spending on essential services, education (%)	2019.Q2.G.01	800	Uganda	014	Eastern Africa	Country	UGA	1	32.39100438	1.279557331	PERCENT	Percentage			G	Global			UIS		[2000,2015-2017]: E: Estimated data // [2004,2010-2014]: C: Country data	10.35487				20.30834						10.10489	13.61137	11.4519	11.74312	10.87596	12.13618	11.37934	12.0089		12.0089	2017
1	1.a	1.a.2	SD_XPD_ESED	Proportion of total government spending on essential services, education (%)	2019.Q2.G.01	804	Ukraine	151	Eastern Europe	Country	UKR	1	31.40270802	49.00735945	PERCENT	Percentage			G	Global			UIS		C: Country data	11.35897	12.81095	14.36096	14.41952	12.78175	13.73865	13.92323	14.03619	13.55783	15.05482		13.48432	13.66552	13.86764	13.12135		12.35312			12.35312	2016
1	1.a	1.a.2	SD_XPD_ESED	Proportion of total government spending on essential services, education (%)	2019.Q2.G.01	807	North Macedonia	039	Southern Europe	Country	MKD	1	21.7007909	41.60048068	PERCENT	Percentage			G	Global			UIS		C: Country data			8.64088																	8.64088	2002
1	1.a	1.a.2	SD_XPD_ESED	Proportion of total government spending on essential services, education (%)	2019.Q2.G.01	818	Egypt	015	Northern Africa	Country	EGY	1	29.77468534	26.57438204	PERCENT	Percentage			G	Global			UIS		C: Country data				15.3519	14.74871	15.04361	11.01859	11.20964	10.9418											10.9418	2008
1	1.a	1.a.2	SD_XPD_ESED	Proportion of total government spending on essential services, education (%)	2019.Q2.G.01	826	United Kingdom of Great Britain and Northern Ireland	154	Northern Europe	Country	GBR	1	-2.23830539	53.27691757	PERCENT	Percentage			G	Global			UIS		C: Country data	12.02011	12.25854	13.51474	13.60071	12.93768	13.17415	13.13644	13.03284	12.95477	12.61481	13.02604	12.6972		12.90301	13.67785	13.83661	13.91696			13.91696	2016
1	1.a	1.a.2	SD_XPD_ESED	Proportion of total government spending on essential services, education (%)	2019.Q2.G.01	831	Guernsey	830	Channel Islands	Country	GGY	0	-2.200712402	49.71561166																																
1	1.a	1.a.2	SD_XPD_ESED	Proportion of total government spending on essential services, education (%)	2019.Q2.G.01	832	Jersey	830	Channel Islands	Country	JEY	0	-2.136773508	49.22353354																																
1	1.a	1.a.2	SD_XPD_ESED	Proportion of total government spending on essential services, education (%)	2019.Q2.G.01	833	Isle of Man	154	Northern Europe	Country	IMN	0	-4.538190305	54.22880901																																
1	1.a	1.a.2	SD_XPD_ESED	Proportion of total government spending on essential services, education (%)	2019.Q2.G.01	834	United Republic of Tanzania	014	Eastern Africa	Country	TZA	1	34.80521182	-6.265332606	PERCENT	Percentage			G	Global			UIS		C: Country data					19.49264	18.14314	15.01412	19.43174	18.77841	17.41092	19.64801				17.2971					17.2971	2014
1	1.a	1.a.2	SD_XPD_ESED	Proportion of total government spending on essential services, education (%)	2019.Q2.G.01	840	United States of America	021	Northern America	Country	USA	1	-99.13830311	39.5277871	PERCENT	Percentage			G	Global			UIS		C: Country data											13.15071	13.01936	13.46366	13.39362	13.59483					13.59483	2014
1	1.a	1.a.2	SD_XPD_ESED	Proportion of total government spending on essential services, education (%)	2019.Q2.G.01	850	United States Virgin Islands	029	Caribbean	Country	VIR	0	-64.76960113	17.73297693																																
1	1.a	1.a.2	SD_XPD_ESED	Proportion of total government spending on essential services, education (%)	2019.Q2.G.01	854	Burkina Faso	011	Western Africa	Country	BFA	1	-1.742843829	12.27491081	PERCENT	Percentage			G	Global			UIS		C: Country data						19.49419	18.2017	17.86382			16.17282	19.50061	15.89538	16.16528	19.36811	18.02708				18.02708	2015
1	1.a	1.a.2	SD_XPD_ESED	Proportion of total government spending on essential services, education (%)	2019.Q2.G.01	858	Uruguay	005	South America	Country	URY	1	-56.01387025	-32.8002838	PERCENT	Percentage			G	Global			UIS		C: Country data	8.31853	9.20001	7.69367	6.80134	8.39025	9.43665	9.8755					14.92611								14.92611	2011
1	1.a	1.a.2	SD_XPD_ESED	Proportion of total government spending on essential services, education (%)	2019.Q2.G.01	860	Uzbekistan	143	Central Asia	Country	UZB	1	63.11944558	41.77560518	PERCENT	Percentage			G	Global			UIS		E: Estimated data														22.08446	22.87459	21.0728	22.29514	19.9572		19.9572	2017
1	1.a	1.a.2	SD_XPD_ESED	Proportion of total government spending on essential services, education (%)	2019.Q2.G.01	862	Venezuela (Bolivarian Republic of)	005	South America	Country	VEN	1	-66.15642084	7.121324748																																
1	1.a	1.a.2	SD_XPD_ESED	Proportion of total government spending on essential services, education (%)	2019.Q2.G.01	876	Wallis and Futuna Islands	061	Polynesia	Country	WLF	0	-176.2034788	-13.28471201																																
1	1.a	1.a.2	SD_XPD_ESED	Proportion of total government spending on essential services, education (%)	2019.Q2.G.01	882	Samoa	061	Polynesia	Country	WSM	1	-172.4430749	-13.61541469	PERCENT	Percentage			G	Global			UIS		[2000-2001,2008,2016]: C: Country data // [2002]: E: Estimated data	10.4613	12.77033	12.7938						16.06423								10.47922			10.47922	2016
1	1.a	1.a.2	SD_XPD_ESED	Proportion of total government spending on essential services, education (%)	2019.Q2.G.01	887	Yemen	145	Western Asia	Country	YEM	1	45.22389143	15.22242099	PERCENT	Percentage			G	Global			UIS		[2000,2008]: C: Country data // [2001]: E: Estimated data	30.48928	30.32128							12.48924											12.48924	2008
1	1.a	1.a.2	SD_XPD_ESED	Proportion of total government spending on essential services, education (%)	2019.Q2.G.01	894	Zambia	014	Eastern Africa	Country	ZMB	1	27.850329	-14.59701056	PERCENT	Percentage			G	Global			UIS		C: Country data	8.35262				10.58499	7.72973		6.22791	5.6518											5.6518	2008
