goal	target	indicator	seriesCode	seriesDesc	release	geoAreaCode	geoAreaName	parentCode	parentName	type	ISO3	UN_Member	X	Y	unitsCode	unitsDesc	unitmultiplierCode	unitmultiplierDesc	reportingTypeCode	reportingTypeDesc	valueDetails	footnotes	sources	timeDetails	nature	value_2000	value_2001	value_2002	value_2003	value_2004	value_2005	value_2006	value_2007	value_2008	value_2009	value_2010	value_2011	value_2012	value_2013	value_2014	value_2015	value_2016	value_2017	value_2018	value_latest_year	latest_year
17	17.2	17.2.1	DC_ODA_TOTL	Net official development assistance (ODA) from OECD-DAC countries, by donor countries (millions of constant 2017 United States dollars)	2019.Q2.G.01	004	Afghanistan	034	Southern Asia	Country	AFG	1	66.02688198	33.83160199																																
17	17.2	17.2.1	DC_ODA_TOTL	Net official development assistance (ODA) from OECD-DAC countries, by donor countries (millions of constant 2017 United States dollars)	2019.Q2.G.01	008	Albania	039	Southern Europe	Country	ALB	1	20.06660928	41.13897007																																
17	17.2	17.2.1	DC_ODA_TOTL	Net official development assistance (ODA) from OECD-DAC countries, by donor countries (millions of constant 2017 United States dollars)	2019.Q2.G.01	010	Antarctica	001	World	Country	ATA	0	21.47585697	-80.40897662																																
17	17.2	17.2.1	DC_ODA_TOTL	Net official development assistance (ODA) from OECD-DAC countries, by donor countries (millions of constant 2017 United States dollars)	2019.Q2.G.01	012	Algeria	015	Northern Africa	Country	DZA	1	2.678164227	28.15940032																																
17	17.2	17.2.1	DC_ODA_TOTL	Net official development assistance (ODA) from OECD-DAC countries, by donor countries (millions of constant 2017 United States dollars)	2019.Q2.G.01	016	American Samoa	061	Polynesia	Country	ASM	0	-170.7187269	-14.30587306																																
17	17.2	17.2.1	DC_ODA_TOTL	Net official development assistance (ODA) from OECD-DAC countries, by donor countries (millions of constant 2017 United States dollars)	2019.Q2.G.01	020	Andorra	039	Southern Europe	Country	AND	1	1.576257417	42.54548611																																
17	17.2	17.2.1	DC_ODA_TOTL	Net official development assistance (ODA) from OECD-DAC countries, by donor countries (millions of constant 2017 United States dollars)	2019.Q2.G.01	024	Angola	017	Middle Africa	Country	AGO	1	17.57817062	-12.33724746																																
17	17.2	17.2.1	DC_ODA_TOTL	Net official development assistance (ODA) from OECD-DAC countries, by donor countries (millions of constant 2017 United States dollars)	2019.Q2.G.01	028	Antigua and Barbuda	029	Caribbean	Country	ATG	1	-61.7999755	17.07761471																																
17	17.2	17.2.1	DC_ODA_TOTL	Net official development assistance (ODA) from OECD-DAC countries, by donor countries (millions of constant 2017 United States dollars)	2019.Q2.G.01	031	Azerbaijan	145	Western Asia	Country	AZE	1	50.01064725	40.39229544																																
17	17.2	17.2.1	DC_ODA_TOTL	Net official development assistance (ODA) from OECD-DAC countries, by donor countries (millions of constant 2017 United States dollars)	2019.Q2.G.01	032	Argentina	005	South America	Country	ARG	1	-65.14563274	-35.19446255																																
17	17.2	17.2.1	DC_ODA_TOTL	Net official development assistance (ODA) from OECD-DAC countries, by donor countries (millions of constant 2017 United States dollars)	2019.Q2.G.01	036	Australia	053	Australia and New Zealand	Country	AUS	1	134.3499412	-25.57717202	CON_USD	Constant USD			G	Global		[2000-2016]: Net Disbursements | Based on OECD, DAC database, 2019 | Constant 2017 USD million // [2017-2018]: Net Disbursements | Based on OECD, DAC database, 2019 | Provisional. | Constant 2017 USD million	The Organisation for Economic Co-operation and Development (OECD).		C: Country data	2110.99342	2020.42673	2115.36006	2114.19744	2159.52375	2291.40113	2791.38894	3024.01686	3190.63246	3139.40485	3514.69381	3880.35821	4220.08815	4012.95724	3868.96108	3731.22923	3495.16568	3035.96	3151.29664	3151.29664	2018
17	17.2	17.2.1	DC_ODA_TOTL	Net official development assistance (ODA) from OECD-DAC countries, by donor countries (millions of constant 2017 United States dollars)	2019.Q2.G.01	040	Austria	155	Western Europe	Country	AUT	1	14.14172472	47.58704857	CON_USD	Constant USD			G	Global		[2000-2016]: Net Disbursements | Based on OECD, DAC database, 2019 | Constant 2017 USD million // [2017-2018]: Net Disbursements | Based on OECD, DAC database, 2019 | Provisional. | Constant 2017 USD million	The Organisation for Economic Co-operation and Development (OECD).		C: Country data	724.15256	1052.59017	812.32797	649.09688	779.0709	1763.47581	1632.03025	1766.74802	1558.43444	1055.61476	1164.12541	1001.77538	1056.3737	1065.90679	1100.26727	1380.9825	1687.93141	1251.27	1104.26617	1104.26617	2018
17	17.2	17.2.1	DC_ODA_TOTL	Net official development assistance (ODA) from OECD-DAC countries, by donor countries (millions of constant 2017 United States dollars)	2019.Q2.G.01	044	Bahamas	029	Caribbean	Country	BHS	1	-78.05111663	24.69546597																																
17	17.2	17.2.1	DC_ODA_TOTL	Net official development assistance (ODA) from OECD-DAC countries, by donor countries (millions of constant 2017 United States dollars)	2019.Q2.G.01	048	Bahrain	145	Western Asia	Country	BHR	1	50.5490754	26.04407747																																
17	17.2	17.2.1	DC_ODA_TOTL	Net official development assistance (ODA) from OECD-DAC countries, by donor countries (millions of constant 2017 United States dollars)	2019.Q2.G.01	050	Bangladesh	034	Southern Asia	Country	BGD	1	89.17660788	22.86961622																																
17	17.2	17.2.1	DC_ODA_TOTL	Net official development assistance (ODA) from OECD-DAC countries, by donor countries (millions of constant 2017 United States dollars)	2019.Q2.G.01	051	Armenia	145	Western Asia	Country	ARM	1	44.93839317	40.29499741																																
17	17.2	17.2.1	DC_ODA_TOTL	Net official development assistance (ODA) from OECD-DAC countries, by donor countries (millions of constant 2017 United States dollars)	2019.Q2.G.01	052	Barbados	029	Caribbean	Country	BRB	1	-59.5346489	13.13648273																																
17	17.2	17.2.1	DC_ODA_TOTL	Net official development assistance (ODA) from OECD-DAC countries, by donor countries (millions of constant 2017 United States dollars)	2019.Q2.G.01	056	Belgium	155	Western Europe	Country	BEL	1	4.660976456	50.64104975	CON_USD	Constant USD			G	Global		[2000-2016]: Net Disbursements | Based on OECD, DAC database, 2019 | Constant 2017 USD million // [2017-2018]: Net Disbursements | Based on OECD, DAC database, 2019 | Provisional. | Constant 2017 USD million	The Organisation for Economic Co-operation and Development (OECD).		C: Country data	1335.83738	1424.63753	1644.99491	2327.55118	1638.69899	2151.90482	2097.07192	1859.96428	2118.25306	2381.47325	2828.92684	2469.07061	2159.67216	2055.12263	2172.58236	2002.89889	2383.86158	2196.17	2218.5048	2218.5048	2018
17	17.2	17.2.1	DC_ODA_TOTL	Net official development assistance (ODA) from OECD-DAC countries, by donor countries (millions of constant 2017 United States dollars)	2019.Q2.G.01	060	Bermuda	021	Northern America	Country	BMU	0	-64.78155012	32.27881922																																
17	17.2	17.2.1	DC_ODA_TOTL	Net official development assistance (ODA) from OECD-DAC countries, by donor countries (millions of constant 2017 United States dollars)	2019.Q2.G.01	064	Bhutan	034	Southern Asia	Country	BTN	1	90.45098484	27.39598568																																
17	17.2	17.2.1	DC_ODA_TOTL	Net official development assistance (ODA) from OECD-DAC countries, by donor countries (millions of constant 2017 United States dollars)	2019.Q2.G.01	068	Bolivia (Plurinational State of)	005	South America	Country	BOL	1	-64.66224284	-16.71273412																																
17	17.2	17.2.1	DC_ODA_TOTL	Net official development assistance (ODA) from OECD-DAC countries, by donor countries (millions of constant 2017 United States dollars)	2019.Q2.G.01	070	Bosnia and Herzegovina	039	Southern Europe	Country	BIH	1	17.78584332	44.16845548																																
17	17.2	17.2.1	DC_ODA_TOTL	Net official development assistance (ODA) from OECD-DAC countries, by donor countries (millions of constant 2017 United States dollars)	2019.Q2.G.01	072	Botswana	018	Southern Africa	Country	BWA	1	23.81380223	-22.18810073																																
17	17.2	17.2.1	DC_ODA_TOTL	Net official development assistance (ODA) from OECD-DAC countries, by donor countries (millions of constant 2017 United States dollars)	2019.Q2.G.01	074	Bouvet Island	005	South America	Country	BVT	0	3.410732868	-54.43295905																																
17	17.2	17.2.1	DC_ODA_TOTL	Net official development assistance (ODA) from OECD-DAC countries, by donor countries (millions of constant 2017 United States dollars)	2019.Q2.G.01	076	Brazil	005	South America	Country	BRA	1	-53.08432878	-10.77668561																																
17	17.2	17.2.1	DC_ODA_TOTL	Net official development assistance (ODA) from OECD-DAC countries, by donor countries (millions of constant 2017 United States dollars)	2019.Q2.G.01	084	Belize	013	Central America	Country	BLZ	1	-88.70199554	17.19965901																																
17	17.2	17.2.1	DC_ODA_TOTL	Net official development assistance (ODA) from OECD-DAC countries, by donor countries (millions of constant 2017 United States dollars)	2019.Q2.G.01	086	British Indian Ocean Territory	014	Eastern Africa	Country	IOT	0	72.38715553	-7.299281071																																
17	17.2	17.2.1	DC_ODA_TOTL	Net official development assistance (ODA) from OECD-DAC countries, by donor countries (millions of constant 2017 United States dollars)	2019.Q2.G.01	090	Solomon Islands	054	Melanesia	Country	SLB	1	160.1584117	-9.622391719																																
17	17.2	17.2.1	DC_ODA_TOTL	Net official development assistance (ODA) from OECD-DAC countries, by donor countries (millions of constant 2017 United States dollars)	2019.Q2.G.01	092	British Virgin Islands	029	Caribbean	Country	VGB	0	-64.63294223	18.42256578																																
17	17.2	17.2.1	DC_ODA_TOTL	Net official development assistance (ODA) from OECD-DAC countries, by donor countries (millions of constant 2017 United States dollars)	2019.Q2.G.01	096	Brunei Darussalam	035	South-Eastern Asia	Country	BRN	1	114.6288563	4.49736984																																
17	17.2	17.2.1	DC_ODA_TOTL	Net official development assistance (ODA) from OECD-DAC countries, by donor countries (millions of constant 2017 United States dollars)	2019.Q2.G.01	100	Bulgaria	151	Eastern Europe	Country	BGR	1	25.23763153	42.75731323																																
17	17.2	17.2.1	DC_ODA_TOTL	Net official development assistance (ODA) from OECD-DAC countries, by donor countries (millions of constant 2017 United States dollars)	2019.Q2.G.01	104	Myanmar	035	South-Eastern Asia	Country	MMR	1	96.51752295	21.19332882																																
17	17.2	17.2.1	DC_ODA_TOTL	Net official development assistance (ODA) from OECD-DAC countries, by donor countries (millions of constant 2017 United States dollars)	2019.Q2.G.01	108	Burundi	014	Eastern Africa	Country	BDI	1	29.89080992	-3.366387428																																
17	17.2	17.2.1	DC_ODA_TOTL	Net official development assistance (ODA) from OECD-DAC countries, by donor countries (millions of constant 2017 United States dollars)	2019.Q2.G.01	112	Belarus	151	Eastern Europe	Country	BLR	1	28.04940161	53.54193075																																
17	17.2	17.2.1	DC_ODA_TOTL	Net official development assistance (ODA) from OECD-DAC countries, by donor countries (millions of constant 2017 United States dollars)	2019.Q2.G.01	116	Cambodia	035	South-Eastern Asia	Country	KHM	1	104.922836	12.71163737																																
17	17.2	17.2.1	DC_ODA_TOTL	Net official development assistance (ODA) from OECD-DAC countries, by donor countries (millions of constant 2017 United States dollars)	2019.Q2.G.01	120	Cameroon	017	Middle Africa	Country	CMR	1	12.7419827	5.692387031																																
17	17.2	17.2.1	DC_ODA_TOTL	Net official development assistance (ODA) from OECD-DAC countries, by donor countries (millions of constant 2017 United States dollars)	2019.Q2.G.01	124	Canada	021	Northern America	Country	CAN	1	-101.6575058	57.72360191	CON_USD	Constant USD			G	Global		[2000-2016]: Net Disbursements | Based on OECD, DAC database, 2019 | Constant 2017 USD million // [2017-2018]: Net Disbursements | Based on OECD, DAC database, 2019 | Provisional. | Constant 2017 USD million	The Organisation for Economic Co-operation and Development (OECD).		C: Country data	2767.01101	2494.70992	3266.83667	2858.66834	3292.31914	4296.02166	3842.826	3901.89665	4413.27404	3998.54579	4574.52043	4453.53288	4600.82251	4088.54883	3684.87907	4334.1024	4104.32061	4304.89	4520.58706	4520.58706	2018
17	17.2	17.2.1	DC_ODA_TOTL	Net official development assistance (ODA) from OECD-DAC countries, by donor countries (millions of constant 2017 United States dollars)	2019.Q2.G.01	132	Cabo Verde	011	Western Africa	Country	CPV	1	-23.63544151	15.07791834																																
17	17.2	17.2.1	DC_ODA_TOTL	Net official development assistance (ODA) from OECD-DAC countries, by donor countries (millions of constant 2017 United States dollars)	2019.Q2.G.01	136	Cayman Islands	029	Caribbean	Country	CYM	0	-81.16740559	19.32266656																																
17	17.2	17.2.1	DC_ODA_TOTL	Net official development assistance (ODA) from OECD-DAC countries, by donor countries (millions of constant 2017 United States dollars)	2019.Q2.G.01	140	Central African Republic	017	Middle Africa	Country	CAF	1	20.93559492	7.003720791																																
17	17.2	17.2.1	DC_ODA_TOTL	Net official development assistance (ODA) from OECD-DAC countries, by donor countries (millions of constant 2017 United States dollars)	2019.Q2.G.01	144	Sri Lanka	034	Southern Asia	Country	LKA	1	80.70489654	7.614693343																																
17	17.2	17.2.1	DC_ODA_TOTL	Net official development assistance (ODA) from OECD-DAC countries, by donor countries (millions of constant 2017 United States dollars)	2019.Q2.G.01	148	Chad	017	Middle Africa	Country	TCD	1	18.66618401	15.36279341																																
17	17.2	17.2.1	DC_ODA_TOTL	Net official development assistance (ODA) from OECD-DAC countries, by donor countries (millions of constant 2017 United States dollars)	2019.Q2.G.01	152	Chile	005	South America	Country	CHL	1	-71.23029019	-35.2652885																																
17	17.2	17.2.1	DC_ODA_TOTL	Net official development assistance (ODA) from OECD-DAC countries, by donor countries (millions of constant 2017 United States dollars)	2019.Q2.G.01	156	China	030	Eastern Asia	Country	CHN	1	104.1403375	32.30955217																																
17	17.2	17.2.1	DC_ODA_TOTL	Net official development assistance (ODA) from OECD-DAC countries, by donor countries (millions of constant 2017 United States dollars)	2019.Q2.G.01	162	Christmas Island	053	Australia and New Zealand	Country	CXR	0	105.6426067	-10.4882473																																
17	17.2	17.2.1	DC_ODA_TOTL	Net official development assistance (ODA) from OECD-DAC countries, by donor countries (millions of constant 2017 United States dollars)	2019.Q2.G.01	166	Cocos (Keeling) Islands	053	Australia and New Zealand	Country	CCK	0	96.82633757	-12.18600682																																
17	17.2	17.2.1	DC_ODA_TOTL	Net official development assistance (ODA) from OECD-DAC countries, by donor countries (millions of constant 2017 United States dollars)	2019.Q2.G.01	170	Colombia	005	South America	Country	COL	1	-73.07446751	3.888209046																																
17	17.2	17.2.1	DC_ODA_TOTL	Net official development assistance (ODA) from OECD-DAC countries, by donor countries (millions of constant 2017 United States dollars)	2019.Q2.G.01	174	Comoros	014	Eastern Africa	Country	COM	1	43.34234565	-11.66121732																																
17	17.2	17.2.1	DC_ODA_TOTL	Net official development assistance (ODA) from OECD-DAC countries, by donor countries (millions of constant 2017 United States dollars)	2019.Q2.G.01	175	Mayotte	014	Eastern Africa	Country	MYT	0	45.14015057	-12.82217691																																
17	17.2	17.2.1	DC_ODA_TOTL	Net official development assistance (ODA) from OECD-DAC countries, by donor countries (millions of constant 2017 United States dollars)	2019.Q2.G.01	178	Congo	011	Western Africa	Country	COG	1	15.22052612	-0.840544119																																
17	17.2	17.2.1	DC_ODA_TOTL	Net official development assistance (ODA) from OECD-DAC countries, by donor countries (millions of constant 2017 United States dollars)	2019.Q2.G.01	180	Democratic Republic of the Congo	017	Middle Africa	Country	COD	1	23.65496507	-2.877154732																																
17	17.2	17.2.1	DC_ODA_TOTL	Net official development assistance (ODA) from OECD-DAC countries, by donor countries (millions of constant 2017 United States dollars)	2019.Q2.G.01	184	Cook Islands	061	Polynesia	Country	COK	0	-159.7711391	-21.22696458																																
17	17.2	17.2.1	DC_ODA_TOTL	Net official development assistance (ODA) from OECD-DAC countries, by donor countries (millions of constant 2017 United States dollars)	2019.Q2.G.01	188	Costa Rica	013	Central America	Country	CRI	1	-84.19712782	9.970998683																																
17	17.2	17.2.1	DC_ODA_TOTL	Net official development assistance (ODA) from OECD-DAC countries, by donor countries (millions of constant 2017 United States dollars)	2019.Q2.G.01	191	Croatia	039	Southern Europe	Country	HRV	1	17.95874553	45.45172212																																
17	17.2	17.2.1	DC_ODA_TOTL	Net official development assistance (ODA) from OECD-DAC countries, by donor countries (millions of constant 2017 United States dollars)	2019.Q2.G.01	192	Cuba	029	Caribbean	Country	CUB	1	-79.54460144	22.10030366																																
17	17.2	17.2.1	DC_ODA_TOTL	Net official development assistance (ODA) from OECD-DAC countries, by donor countries (millions of constant 2017 United States dollars)	2019.Q2.G.01	196	Cyprus	145	Western Asia	Country	CYP	1	33.22285964	35.05659437																																
17	17.2	17.2.1	DC_ODA_TOTL	Net official development assistance (ODA) from OECD-DAC countries, by donor countries (millions of constant 2017 United States dollars)	2019.Q2.G.01	203	Czechia	151	Eastern Europe	Country	CZE	1	15.33151382	49.73913871	CON_USD	Constant USD			G	Global		[2000-2016]: Net Disbursements | Based on OECD, DAC database, 2019 | Constant 2017 USD million // [2017-2018]: Net Disbursements | Based on OECD, DAC database, 2019 | Provisional. | Constant 2017 USD million	The Organisation for Economic Co-operation and Development (OECD).		C: Country data	35.68702	54.88272	78.88711	133.5767	140.46307	163.3218	182.04041	175.65869	205.00426	188.43881	203.56756	207.47629	198.25788	187.86549	195.7337	215.0087	275.94649	304.12	294.32248	294.32248	2018
17	17.2	17.2.1	DC_ODA_TOTL	Net official development assistance (ODA) from OECD-DAC countries, by donor countries (millions of constant 2017 United States dollars)	2019.Q2.G.01	204	Benin	011	Western Africa	Country	BEN	1	2.339933594	9.65401646																																
17	17.2	17.2.1	DC_ODA_TOTL	Net official development assistance (ODA) from OECD-DAC countries, by donor countries (millions of constant 2017 United States dollars)	2019.Q2.G.01	208	Denmark	154	Northern Europe	Country	DNK	1	9.326571283	56.03829721	CON_USD	Constant USD			G	Global		[2000-2016]: Net Disbursements | Based on OECD, DAC database, 2019 | Constant 2017 USD million // [2017-2018]: Net Disbursements | Based on OECD, DAC database, 2019 | Provisional. | Constant 2017 USD million	The Organisation for Economic Co-operation and Development (OECD).		C: Country data	2776.29145	2736.21803	2546.87811	2227.09361	2314.29946	2331.49624	2400.39141	2459.05928	2452.99046	2530.54915	2634.03394	2547.67472	2469.21159	2581.45415	2622.08923	2669.57857	2449.60267	2448.02	2448.96554	2448.96554	2018
17	17.2	17.2.1	DC_ODA_TOTL	Net official development assistance (ODA) from OECD-DAC countries, by donor countries (millions of constant 2017 United States dollars)	2019.Q2.G.01	212	Dominica	029	Caribbean	Country	DMA	1	-61.3493756	15.43391378																																
17	17.2	17.2.1	DC_ODA_TOTL	Net official development assistance (ODA) from OECD-DAC countries, by donor countries (millions of constant 2017 United States dollars)	2019.Q2.G.01	214	Dominican Republic	029	Caribbean	Country	DOM	1	-70.49847576	18.89832088																																
17	17.2	17.2.1	DC_ODA_TOTL	Net official development assistance (ODA) from OECD-DAC countries, by donor countries (millions of constant 2017 United States dollars)	2019.Q2.G.01	218	Ecuador	005	South America	Country	ECU	1	-78.37005241	-1.447785891																																
17	17.2	17.2.1	DC_ODA_TOTL	Net official development assistance (ODA) from OECD-DAC countries, by donor countries (millions of constant 2017 United States dollars)	2019.Q2.G.01	222	El Salvador	013	Central America	Country	SLV	1	-88.86862995	13.73603564																																
17	17.2	17.2.1	DC_ODA_TOTL	Net official development assistance (ODA) from OECD-DAC countries, by donor countries (millions of constant 2017 United States dollars)	2019.Q2.G.01	226	Equatorial Guinea	017	Middle Africa	Country	GNQ	1	10.46535826	1.565792376																																
17	17.2	17.2.1	DC_ODA_TOTL	Net official development assistance (ODA) from OECD-DAC countries, by donor countries (millions of constant 2017 United States dollars)	2019.Q2.G.01	231	Ethiopia	014	Eastern Africa	Country	ETH	1	39.63505296	8.631223181																																
17	17.2	17.2.1	DC_ODA_TOTL	Net official development assistance (ODA) from OECD-DAC countries, by donor countries (millions of constant 2017 United States dollars)	2019.Q2.G.01	232	Eritrea	014	Eastern Africa	Country	ERI	1	38.11074289	16.12894644																																
17	17.2	17.2.1	DC_ODA_TOTL	Net official development assistance (ODA) from OECD-DAC countries, by donor countries (millions of constant 2017 United States dollars)	2019.Q2.G.01	233	Estonia	154	Northern Europe	Country	EST	1	25.84093481	58.68487172																																
17	17.2	17.2.1	DC_ODA_TOTL	Net official development assistance (ODA) from OECD-DAC countries, by donor countries (millions of constant 2017 United States dollars)	2019.Q2.G.01	234	Faroe Islands	154	Northern Europe	Country	FRO	0	-7.122044325	62.21228119																																
17	17.2	17.2.1	DC_ODA_TOTL	Net official development assistance (ODA) from OECD-DAC countries, by donor countries (millions of constant 2017 United States dollars)	2019.Q2.G.01	238	Falkland Islands (Malvinas)	005	South America	Country	FLK	0	-58.75246778	-51.74562601																																
17	17.2	17.2.1	DC_ODA_TOTL	Net official development assistance (ODA) from OECD-DAC countries, by donor countries (millions of constant 2017 United States dollars)	2019.Q2.G.01	239	South Georgia and the South Sandwich Islands	005	South America	Country	SGS	0	-36.90662765	-54.20736749																																
17	17.2	17.2.1	DC_ODA_TOTL	Net official development assistance (ODA) from OECD-DAC countries, by donor countries (millions of constant 2017 United States dollars)	2019.Q2.G.01	242	Fiji	054	Melanesia	Country	FJI	1	177.9660884	-17.83301566																																
17	17.2	17.2.1	DC_ODA_TOTL	Net official development assistance (ODA) from OECD-DAC countries, by donor countries (millions of constant 2017 United States dollars)	2019.Q2.G.01	246	Finland	154	Northern Europe	Country	FIN	1	23.308447	61.91586738	CON_USD	Constant USD			G	Global		[2000-2016]: Net Disbursements | Based on OECD, DAC database, 2019 | Constant 2017 USD million // [2017-2018]: Net Disbursements | Based on OECD, DAC database, 2019 | Provisional. | Constant 2017 USD million	The Organisation for Economic Co-operation and Development (OECD).		C: Country data	598.63341	625.35336	699.27812	703.32165	773.89625	1016.90947	923.0955	968.66626	1059.47898	1192.14885	1290.43266	1263.98569	1246.55522	1279.90968	1434.23265	1326.91387	1088.3555	1083.79	925.24644	925.24644	2018
17	17.2	17.2.1	DC_ODA_TOTL	Net official development assistance (ODA) from OECD-DAC countries, by donor countries (millions of constant 2017 United States dollars)	2019.Q2.G.01	248	Åland Islands	154	Northern Europe	Country	ALA	0	19.80945969	60.1544901																																
17	17.2	17.2.1	DC_ODA_TOTL	Net official development assistance (ODA) from OECD-DAC countries, by donor countries (millions of constant 2017 United States dollars)	2019.Q2.G.01	250	France	155	Western Europe	Country	FRA	1	2.457288129	46.62660861	CON_USD	Constant USD			G	Global		[2000-2016]: Net Disbursements | Based on OECD, DAC database, 2019 | Constant 2017 USD million // [2017-2018]: Net Disbursements | Based on OECD, DAC database, 2019 | Provisional. | Constant 2017 USD million	The Organisation for Economic Co-operation and Development (OECD).		C: Country data	6316.63676	6517.7983	7929.3747	8585.04648	8975.68417	10415.88049	10672.44007	8896.80409	9103.14871	10885.28018	11605.77708	11021.10861	10906.44664	9877.0793	9204.25535	9264.60092	9872.98941	11330.86	11831.74889	11831.74889	2018
17	17.2	17.2.1	DC_ODA_TOTL	Net official development assistance (ODA) from OECD-DAC countries, by donor countries (millions of constant 2017 United States dollars)	2019.Q2.G.01	254	French Guiana	005	South America	Country	GUF	0	-53.23619089	3.922673437																																
17	17.2	17.2.1	DC_ODA_TOTL	Net official development assistance (ODA) from OECD-DAC countries, by donor countries (millions of constant 2017 United States dollars)	2019.Q2.G.01	258	French Polynesia	061	Polynesia	Country	PYF	0	-149.4052367	-17.67709294																																
17	17.2	17.2.1	DC_ODA_TOTL	Net official development assistance (ODA) from OECD-DAC countries, by donor countries (millions of constant 2017 United States dollars)	2019.Q2.G.01	260	French Southern Territories	014	Eastern Africa	Country	ATF	0	69.64849091	-49.6068576																																
17	17.2	17.2.1	DC_ODA_TOTL	Net official development assistance (ODA) from OECD-DAC countries, by donor countries (millions of constant 2017 United States dollars)	2019.Q2.G.01	262	Djibouti	014	Eastern Africa	Country	DJI	1	42.18274707	11.56004161																																
17	17.2	17.2.1	DC_ODA_TOTL	Net official development assistance (ODA) from OECD-DAC countries, by donor countries (millions of constant 2017 United States dollars)	2019.Q2.G.01	266	Gabon	017	Middle Africa	Country	GAB	1	11.78727747	-0.60687619																																
17	17.2	17.2.1	DC_ODA_TOTL	Net official development assistance (ODA) from OECD-DAC countries, by donor countries (millions of constant 2017 United States dollars)	2019.Q2.G.01	268	Georgia	145	Western Asia	Country	GEO	1	43.3713615	42.04813028																																
17	17.2	17.2.1	DC_ODA_TOTL	Net official development assistance (ODA) from OECD-DAC countries, by donor countries (millions of constant 2017 United States dollars)	2019.Q2.G.01	270	Gambia	011	Western Africa	Country	GMB	1	-15.39944785	13.45295927																																
17	17.2	17.2.1	DC_ODA_TOTL	Net official development assistance (ODA) from OECD-DAC countries, by donor countries (millions of constant 2017 United States dollars)	2019.Q2.G.01	275	State of Palestine	145	Western Asia	Country	PSE	0	35.25694122	31.94347933																																
17	17.2	17.2.1	DC_ODA_TOTL	Net official development assistance (ODA) from OECD-DAC countries, by donor countries (millions of constant 2017 United States dollars)	2019.Q2.G.01	276	Germany	155	Western Europe	Country	DEU	1	10.3806066	51.08862743	CON_USD	Constant USD			G	Global		[2000-2016]: Net Disbursements | Based on OECD, DAC database, 2019 | Constant 2017 USD million // [2017-2018]: Net Disbursements | Based on OECD, DAC database, 2019 | Provisional. | Constant 2017 USD million	The Organisation for Economic Co-operation and Development (OECD).		C: Country data	7663.5104	7724.58497	7728.79564	8115.81836	8108.16965	10778.8659	11012.47209	11695.11493	12521.54638	11012.0297	12352.77748	12634.15408	12358.80866	12902.93281	14774.35473	18764.74058	25603.57277	25005.06	24265.57606	24265.57606	2018
17	17.2	17.2.1	DC_ODA_TOTL	Net official development assistance (ODA) from OECD-DAC countries, by donor countries (millions of constant 2017 United States dollars)	2019.Q2.G.01	288	Ghana	011	Western Africa	Country	GHA	1	-1.205623522	7.964825185																																
17	17.2	17.2.1	DC_ODA_TOTL	Net official development assistance (ODA) from OECD-DAC countries, by donor countries (millions of constant 2017 United States dollars)	2019.Q2.G.01	292	Gibraltar	039	Southern Europe	Country	GIB	0	-5.347561686	36.13895036																																
17	17.2	17.2.1	DC_ODA_TOTL	Net official development assistance (ODA) from OECD-DAC countries, by donor countries (millions of constant 2017 United States dollars)	2019.Q2.G.01	296	Kiribati	057	Micronesia	Country	KIR	1	-157.5643005	1.768837732																																
17	17.2	17.2.1	DC_ODA_TOTL	Net official development assistance (ODA) from OECD-DAC countries, by donor countries (millions of constant 2017 United States dollars)	2019.Q2.G.01	300	Greece	039	Southern Europe	Country	GRC	1	22.58307827	39.47301873	CON_USD	Constant USD			G	Global		[2000-2016]: Net Disbursements | Based on OECD, DAC database, 2019 | Constant 2017 USD million // [2017-2018]: Net Disbursements | Based on OECD, DAC database, 2019 | Provisional. | Constant 2017 USD million	The Organisation for Economic Co-operation and Development (OECD).		C: Country data	349.3797	317.33011	399.76537	422.74903	330.44981	386.92457	408.50472	427.79224	546.30672	476.44033	416.00481	328.90999	275.26867	199.27763	210.24331	243.43227	377.92641	313.58	268.22714	268.22714	2018
17	17.2	17.2.1	DC_ODA_TOTL	Net official development assistance (ODA) from OECD-DAC countries, by donor countries (millions of constant 2017 United States dollars)	2019.Q2.G.01	304	Greenland	021	Northern America	Country	GRL	0	-41.39371316	74.75625681																																
17	17.2	17.2.1	DC_ODA_TOTL	Net official development assistance (ODA) from OECD-DAC countries, by donor countries (millions of constant 2017 United States dollars)	2019.Q2.G.01	308	Grenada	029	Caribbean	Country	GRD	1	-61.68248568	12.11238395																																
17	17.2	17.2.1	DC_ODA_TOTL	Net official development assistance (ODA) from OECD-DAC countries, by donor countries (millions of constant 2017 United States dollars)	2019.Q2.G.01	312	Guadeloupe	029	Caribbean	Country	GLP	0	-61.64762115	16.14416917																																
17	17.2	17.2.1	DC_ODA_TOTL	Net official development assistance (ODA) from OECD-DAC countries, by donor countries (millions of constant 2017 United States dollars)	2019.Q2.G.01	316	Guam	057	Micronesia	Country	GUM	0	144.7029305	13.35485404																																
17	17.2	17.2.1	DC_ODA_TOTL	Net official development assistance (ODA) from OECD-DAC countries, by donor countries (millions of constant 2017 United States dollars)	2019.Q2.G.01	320	Guatemala	013	Central America	Country	GTM	1	-91.2312746	15.00273719																																
17	17.2	17.2.1	DC_ODA_TOTL	Net official development assistance (ODA) from OECD-DAC countries, by donor countries (millions of constant 2017 United States dollars)	2019.Q2.G.01	324	Guinea	011	Western Africa	Country	GIN	1	-11.28173419	11.00210343																																
17	17.2	17.2.1	DC_ODA_TOTL	Net official development assistance (ODA) from OECD-DAC countries, by donor countries (millions of constant 2017 United States dollars)	2019.Q2.G.01	328	Guyana	005	South America	Country	GUY	1	-58.97322037	4.788012784																																
17	17.2	17.2.1	DC_ODA_TOTL	Net official development assistance (ODA) from OECD-DAC countries, by donor countries (millions of constant 2017 United States dollars)	2019.Q2.G.01	332	Haiti	029	Caribbean	Country	HTI	1	-72.33640958	18.40426539																																
17	17.2	17.2.1	DC_ODA_TOTL	Net official development assistance (ODA) from OECD-DAC countries, by donor countries (millions of constant 2017 United States dollars)	2019.Q2.G.01	334	Heard Island and McDonald Islands	053	Australia and New Zealand	Country	HMD	0	73.52633626	-53.09106147																																
17	17.2	17.2.1	DC_ODA_TOTL	Net official development assistance (ODA) from OECD-DAC countries, by donor countries (millions of constant 2017 United States dollars)	2019.Q2.G.01	336	Holy See	039	Southern Europe	Country	VAT	0	12.45315803	41.90343751																																
17	17.2	17.2.1	DC_ODA_TOTL	Net official development assistance (ODA) from OECD-DAC countries, by donor countries (millions of constant 2017 United States dollars)	2019.Q2.G.01	340	Honduras	013	Central America	Country	HND	1	-86.59974381	14.82243161																																
17	17.2	17.2.1	DC_ODA_TOTL	Net official development assistance (ODA) from OECD-DAC countries, by donor countries (millions of constant 2017 United States dollars)	2019.Q2.G.01	344	China, Hong Kong Special Administrative Region	030	Eastern Asia	Country	HKG	0	114.0266445	22.41749934																																
17	17.2	17.2.1	DC_ODA_TOTL	Net official development assistance (ODA) from OECD-DAC countries, by donor countries (millions of constant 2017 United States dollars)	2019.Q2.G.01	348	Hungary	151	Eastern Europe	Country	HUN	1	19.41221519	47.1651448	CON_USD	Constant USD			G	Global		[2003-2016]: Net Disbursements | Based on OECD, DAC database, 2019 | Constant 2017 USD million // [2017-2018]: Net Disbursements | Based on OECD, DAC database, 2019 | Provisional. | Constant 2017 USD million	The Organisation for Economic Co-operation and Development (OECD).		C: Country data				27.31876	77.49346	106.81805	162.17777	92.95107	87.32358	105.30987	103.7206	119.85789	110.06495	115.21098	130.2073	165.52605	211.57149	148.68	179.51663	179.51663	2018
17	17.2	17.2.1	DC_ODA_TOTL	Net official development assistance (ODA) from OECD-DAC countries, by donor countries (millions of constant 2017 United States dollars)	2019.Q2.G.01	352	Iceland	154	Northern Europe	Country	ISL	1	-19.02116966	64.79134763	CON_USD	Constant USD			G	Global		[2000-2016]: Net Disbursements | Based on OECD, DAC database, 2019 | Constant 2017 USD million // [2017-2018]: Net Disbursements | Based on OECD, DAC database, 2019 | Provisional. | Constant 2017 USD million	The Organisation for Economic Co-operation and Development (OECD).		C: Country data	14.12979	18.19752	20.95777	24.37971	26.1684	29.30869	45.75278	46.75489	59.4296	51.69134	40.2045	32.91528	35.04263	44.76652	44.0991	50.39127	66.73304	68.27	80.16523	80.16523	2018
17	17.2	17.2.1	DC_ODA_TOTL	Net official development assistance (ODA) from OECD-DAC countries, by donor countries (millions of constant 2017 United States dollars)	2019.Q2.G.01	356	India	034	Southern Asia	Country	IND	1	79.3608464	22.34642074																																
17	17.2	17.2.1	DC_ODA_TOTL	Net official development assistance (ODA) from OECD-DAC countries, by donor countries (millions of constant 2017 United States dollars)	2019.Q2.G.01	360	Indonesia	035	South-Eastern Asia	Country	IDN	1	113.9174	-0.994582204																																
17	17.2	17.2.1	DC_ODA_TOTL	Net official development assistance (ODA) from OECD-DAC countries, by donor countries (millions of constant 2017 United States dollars)	2019.Q2.G.01	364	Iran (Islamic Republic of)	034	Southern Asia	Country	IRN	1	54.19766348	32.74370885																																
17	17.2	17.2.1	DC_ODA_TOTL	Net official development assistance (ODA) from OECD-DAC countries, by donor countries (millions of constant 2017 United States dollars)	2019.Q2.G.01	368	Iraq	145	Western Asia	Country	IRQ	1	43.76606267	33.05013795																																
17	17.2	17.2.1	DC_ODA_TOTL	Net official development assistance (ODA) from OECD-DAC countries, by donor countries (millions of constant 2017 United States dollars)	2019.Q2.G.01	372	Ireland	154	Northern Europe	Country	IRL	1	-7.121425272	53.25274054	CON_USD	Constant USD			G	Global		[2000-2016]: Net Disbursements | Based on OECD, DAC database, 2019 | Constant 2017 USD million // [2017-2018]: Net Disbursements | Based on OECD, DAC database, 2019 | Provisional. | Constant 2017 USD million	The Organisation for Economic Co-operation and Development (OECD).		C: Country data	363.82185	429.23188	538.09993	546.59308	596.02601	683.70416	929.65537	982.2108	1042.49325	857.2355	828.81663	818.7728	767.23483	767.4475	742.20315	727.16611	821.29922	838.03	884.92467	884.92467	2018
17	17.2	17.2.1	DC_ODA_TOTL	Net official development assistance (ODA) from OECD-DAC countries, by donor countries (millions of constant 2017 United States dollars)	2019.Q2.G.01	376	Israel	145	Western Asia	Country	ISR	1	34.62277992	31.06164552																																
17	17.2	17.2.1	DC_ODA_TOTL	Net official development assistance (ODA) from OECD-DAC countries, by donor countries (millions of constant 2017 United States dollars)	2019.Q2.G.01	380	Italy	039	Southern Europe	Country	ITA	1	12.57022427	42.79917282	CON_USD	Constant USD			G	Global		[2000-2016]: Net Disbursements | Based on OECD, DAC database, 2019 | Constant 2017 USD million // [2017-2018]: Net Disbursements | Based on OECD, DAC database, 2019 | Provisional. | Constant 2017 USD million	The Organisation for Economic Co-operation and Development (OECD).		C: Country data	2275.16642	2687.55751	3542.03575	2987.1287	2680.79201	5439.59594	3780.56544	3690.31809	4183.67402	2883.36911	2745.87025	3721.66005	2512.60689	3011.82712	3489.19121	4128.67538	5218.62506	5858.03	4612.98752	4612.98752	2018
17	17.2	17.2.1	DC_ODA_TOTL	Net official development assistance (ODA) from OECD-DAC countries, by donor countries (millions of constant 2017 United States dollars)	2019.Q2.G.01	384	Côte d'Ivoire	011	Western Africa	Country	CIV	1	-5.552690016	7.62211586																																
17	17.2	17.2.1	DC_ODA_TOTL	Net official development assistance (ODA) from OECD-DAC countries, by donor countries (millions of constant 2017 United States dollars)	2019.Q2.G.01	388	Jamaica	029	Caribbean	Country	JAM	1	-77.31068409	18.15616857																																
17	17.2	17.2.1	DC_ODA_TOTL	Net official development assistance (ODA) from OECD-DAC countries, by donor countries (millions of constant 2017 United States dollars)	2019.Q2.G.01	392	Japan	030	Eastern Asia	Country	JPN	1	139.2716103	36.6554539	CON_USD	Constant USD			G	Global		[2000-2016]: Net Disbursements | Based on OECD, DAC database, 2019 | Constant 2017 USD million // [2017-2018]: Net Disbursements | Based on OECD, DAC database, 2019 | Provisional. | Constant 2017 USD million	The Organisation for Economic Co-operation and Development (OECD).		C: Country data	11699.09861	9719.4054	9581.60176	8623.96404	8172.30201	12372.79987	11196.6661	7889.89171	8732.14772	7817.72211	8746.12707	8099.53691	7817.54601	10372.68177	9142.76471	9929.84334	10079.86343	11462.65	9921.36507	9921.36507	2018
17	17.2	17.2.1	DC_ODA_TOTL	Net official development assistance (ODA) from OECD-DAC countries, by donor countries (millions of constant 2017 United States dollars)	2019.Q2.G.01	398	Kazakhstan	143	Central Asia	Country	KAZ	1	66.65359159	48.01963494																																
17	17.2	17.2.1	DC_ODA_TOTL	Net official development assistance (ODA) from OECD-DAC countries, by donor countries (millions of constant 2017 United States dollars)	2019.Q2.G.01	400	Jordan	145	Western Asia	Country	JOR	1	37.13024774	30.65365973																																
17	17.2	17.2.1	DC_ODA_TOTL	Net official development assistance (ODA) from OECD-DAC countries, by donor countries (millions of constant 2017 United States dollars)	2019.Q2.G.01	404	Kenya	014	Eastern Africa	Country	KEN	1	37.86096816	0.534797278																																
17	17.2	17.2.1	DC_ODA_TOTL	Net official development assistance (ODA) from OECD-DAC countries, by donor countries (millions of constant 2017 United States dollars)	2019.Q2.G.01	408	Democratic People's Republic of Korea	030	Eastern Asia	Country	PRK	1	127.1803633	40.1462645																																
17	17.2	17.2.1	DC_ODA_TOTL	Net official development assistance (ODA) from OECD-DAC countries, by donor countries (millions of constant 2017 United States dollars)	2019.Q2.G.01	410	Republic of Korea	030	Eastern Asia	Country	KOR	1	127.8610254	36.45201023	CON_USD	Constant USD			G	Global		[2000-2016]: Net Disbursements | Based on OECD, DAC database, 2019 | Constant 2017 USD million // [2017-2018]: Net Disbursements | Based on OECD, DAC database, 2019 | Provisional. | Constant 2017 USD million	The Organisation for Economic Co-operation and Development (OECD).		C: Country data	304.76438	418.79462	414.98417	501.40602	541.74242	852.26165	479.94223	699.85649	935.77428	1054.83135	1333.98196	1420.15358	1723.52587	1825.70478	1846.68365	1998.71149	2357.89612	2201.35	2336.30039	2336.30039	2018
17	17.2	17.2.1	DC_ODA_TOTL	Net official development assistance (ODA) from OECD-DAC countries, by donor countries (millions of constant 2017 United States dollars)	2019.Q2.G.01	414	Kuwait	145	Western Asia	Country	KWT	1	47.49305029	29.53949468																																
17	17.2	17.2.1	DC_ODA_TOTL	Net official development assistance (ODA) from OECD-DAC countries, by donor countries (millions of constant 2017 United States dollars)	2019.Q2.G.01	417	Kyrgyzstan	143	Central Asia	Country	KGZ	1	74.52324839	41.46204516																																
17	17.2	17.2.1	DC_ODA_TOTL	Net official development assistance (ODA) from OECD-DAC countries, by donor countries (millions of constant 2017 United States dollars)	2019.Q2.G.01	418	Lao People's Democratic Republic	035	South-Eastern Asia	Country	LAO	1	101.9901968	20.27482773																																
17	17.2	17.2.1	DC_ODA_TOTL	Net official development assistance (ODA) from OECD-DAC countries, by donor countries (millions of constant 2017 United States dollars)	2019.Q2.G.01	422	Lebanon	145	Western Asia	Country	LBN	1	35.89391711	33.92152458																																
17	17.2	17.2.1	DC_ODA_TOTL	Net official development assistance (ODA) from OECD-DAC countries, by donor countries (millions of constant 2017 United States dollars)	2019.Q2.G.01	426	Lesotho	018	Southern Africa	Country	LSO	1	28.25362195	-29.58041814																																
17	17.2	17.2.1	DC_ODA_TOTL	Net official development assistance (ODA) from OECD-DAC countries, by donor countries (millions of constant 2017 United States dollars)	2019.Q2.G.01	428	Latvia	154	Northern Europe	Country	LVA	1	26.42461876	56.64196636																																
17	17.2	17.2.1	DC_ODA_TOTL	Net official development assistance (ODA) from OECD-DAC countries, by donor countries (millions of constant 2017 United States dollars)	2019.Q2.G.01	430	Liberia	011	Western Africa	Country	LBR	1	-9.311879038	6.448381009																																
17	17.2	17.2.1	DC_ODA_TOTL	Net official development assistance (ODA) from OECD-DAC countries, by donor countries (millions of constant 2017 United States dollars)	2019.Q2.G.01	434	Libya	015	Northern Africa	Country	LBY	1	18.0295985	27.04042819																																
17	17.2	17.2.1	DC_ODA_TOTL	Net official development assistance (ODA) from OECD-DAC countries, by donor countries (millions of constant 2017 United States dollars)	2019.Q2.G.01	438	Liechtenstein	155	Western Europe	Country	LIE	1	9.552985019	47.14167005																																
17	17.2	17.2.1	DC_ODA_TOTL	Net official development assistance (ODA) from OECD-DAC countries, by donor countries (millions of constant 2017 United States dollars)	2019.Q2.G.01	440	Lithuania	154	Northern Europe	Country	LTU	1	23.90517807	55.33680309																																
17	17.2	17.2.1	DC_ODA_TOTL	Net official development assistance (ODA) from OECD-DAC countries, by donor countries (millions of constant 2017 United States dollars)	2019.Q2.G.01	442	Luxembourg	155	Western Europe	Country	LUX	1	6.092656563	49.77679538	CON_USD	Constant USD			G	Global		[2000-2016]: Net Disbursements | Based on OECD, DAC database, 2019 | Constant 2017 USD million // [2017-2018]: Net Disbursements | Based on OECD, DAC database, 2019 | Provisional. | Constant 2017 USD million	The Organisation for Economic Co-operation and Development (OECD).		C: Country data	231.23431	267.74	264.25952	283.69048	304.49914	317.98755	333.4969	389.12874	392.51675	400.98961	395.06327	364.8815	375.31597	384.46079	369.27291	380.1859	407.08783	424.18	439.79702	439.79702	2018
17	17.2	17.2.1	DC_ODA_TOTL	Net official development assistance (ODA) from OECD-DAC countries, by donor countries (millions of constant 2017 United States dollars)	2019.Q2.G.01	446	China, Macao Special Administrative Region	030	Eastern Asia	Country	MAC	0	113.5665388	22.1237259																																
17	17.2	17.2.1	DC_ODA_TOTL	Net official development assistance (ODA) from OECD-DAC countries, by donor countries (millions of constant 2017 United States dollars)	2019.Q2.G.01	450	Madagascar	014	Eastern Africa	Country	MDG	1	46.6982339	-19.38514785																																
17	17.2	17.2.1	DC_ODA_TOTL	Net official development assistance (ODA) from OECD-DAC countries, by donor countries (millions of constant 2017 United States dollars)	2019.Q2.G.01	454	Malawi	014	Eastern Africa	Country	MWI	1	33.4884625	-13.40819859																																
17	17.2	17.2.1	DC_ODA_TOTL	Net official development assistance (ODA) from OECD-DAC countries, by donor countries (millions of constant 2017 United States dollars)	2019.Q2.G.01	458	Malaysia	035	South-Eastern Asia	Country	MYS	1	116.8346314	5.452415309																																
17	17.2	17.2.1	DC_ODA_TOTL	Net official development assistance (ODA) from OECD-DAC countries, by donor countries (millions of constant 2017 United States dollars)	2019.Q2.G.01	462	Maldives	034	Southern Asia	Country	MDV	1	73.09672546	-0.614385021																																
17	17.2	17.2.1	DC_ODA_TOTL	Net official development assistance (ODA) from OECD-DAC countries, by donor countries (millions of constant 2017 United States dollars)	2019.Q2.G.01	466	Mali	011	Western Africa	Country	MLI	1	-3.522016039	17.35311254																																
17	17.2	17.2.1	DC_ODA_TOTL	Net official development assistance (ODA) from OECD-DAC countries, by donor countries (millions of constant 2017 United States dollars)	2019.Q2.G.01	470	Malta	039	Southern Europe	Country	MLT	1	14.44617519	35.89194275																																
17	17.2	17.2.1	DC_ODA_TOTL	Net official development assistance (ODA) from OECD-DAC countries, by donor countries (millions of constant 2017 United States dollars)	2019.Q2.G.01	474	Martinique	029	Caribbean	Country	MTQ	0	-60.91544135	14.56086108																																
17	17.2	17.2.1	DC_ODA_TOTL	Net official development assistance (ODA) from OECD-DAC countries, by donor countries (millions of constant 2017 United States dollars)	2019.Q2.G.01	478	Mauritania	011	Western Africa	Country	MRT	1	-10.33187259	20.26089546																																
17	17.2	17.2.1	DC_ODA_TOTL	Net official development assistance (ODA) from OECD-DAC countries, by donor countries (millions of constant 2017 United States dollars)	2019.Q2.G.01	480	Mauritius	014	Eastern Africa	Country	MUS	1	57.568022	-20.28581998																																
17	17.2	17.2.1	DC_ODA_TOTL	Net official development assistance (ODA) from OECD-DAC countries, by donor countries (millions of constant 2017 United States dollars)	2019.Q2.G.01	484	Mexico	013	Central America	Country	MEX	1	-102.5148166	23.93378032																																
17	17.2	17.2.1	DC_ODA_TOTL	Net official development assistance (ODA) from OECD-DAC countries, by donor countries (millions of constant 2017 United States dollars)	2019.Q2.G.01	492	Monaco	155	Western Europe	Country	MCO	1	7.424214814	43.73532918																																
17	17.2	17.2.1	DC_ODA_TOTL	Net official development assistance (ODA) from OECD-DAC countries, by donor countries (millions of constant 2017 United States dollars)	2019.Q2.G.01	496	Mongolia	030	Eastern Asia	Country	MNG	1	103.0728057	46.83892054																																
17	17.2	17.2.1	DC_ODA_TOTL	Net official development assistance (ODA) from OECD-DAC countries, by donor countries (millions of constant 2017 United States dollars)	2019.Q2.G.01	498	Republic of Moldova	151	Eastern Europe	Country	MDA	1	28.4650624	47.20236795																																
17	17.2	17.2.1	DC_ODA_TOTL	Net official development assistance (ODA) from OECD-DAC countries, by donor countries (millions of constant 2017 United States dollars)	2019.Q2.G.01	499	Montenegro	039	Southern Europe	Country	MNE	1	19.25214024	42.78717043																																
17	17.2	17.2.1	DC_ODA_TOTL	Net official development assistance (ODA) from OECD-DAC countries, by donor countries (millions of constant 2017 United States dollars)	2019.Q2.G.01	500	Montserrat	029	Caribbean	Country	MSR	0	-62.19261223	16.73558313																																
17	17.2	17.2.1	DC_ODA_TOTL	Net official development assistance (ODA) from OECD-DAC countries, by donor countries (millions of constant 2017 United States dollars)	2019.Q2.G.01	504	Morocco	015	Northern Africa	Country	MAR	1	-6.281942841	31.8440131																																
17	17.2	17.2.1	DC_ODA_TOTL	Net official development assistance (ODA) from OECD-DAC countries, by donor countries (millions of constant 2017 United States dollars)	2019.Q2.G.01	508	Mozambique	014	Eastern Africa	Country	MOZ	1	38.18479941	-14.27963886																																
17	17.2	17.2.1	DC_ODA_TOTL	Net official development assistance (ODA) from OECD-DAC countries, by donor countries (millions of constant 2017 United States dollars)	2019.Q2.G.01	512	Oman	145	Western Asia	Country	OMN	1	57.87743482	21.98805614																																
17	17.2	17.2.1	DC_ODA_TOTL	Net official development assistance (ODA) from OECD-DAC countries, by donor countries (millions of constant 2017 United States dollars)	2019.Q2.G.01	516	Namibia	018	Southern Africa	Country	NAM	1	17.21907885	-22.13817068																																
17	17.2	17.2.1	DC_ODA_TOTL	Net official development assistance (ODA) from OECD-DAC countries, by donor countries (millions of constant 2017 United States dollars)	2019.Q2.G.01	520	Nauru	057	Micronesia	Country	NRU	1	166.92313	-0.528742623																																
17	17.2	17.2.1	DC_ODA_TOTL	Net official development assistance (ODA) from OECD-DAC countries, by donor countries (millions of constant 2017 United States dollars)	2019.Q2.G.01	524	Nepal	034	Southern Asia	Country	NPL	1	83.94678863	28.25866332																																
17	17.2	17.2.1	DC_ODA_TOTL	Net official development assistance (ODA) from OECD-DAC countries, by donor countries (millions of constant 2017 United States dollars)	2019.Q2.G.01	528	Netherlands	155	Western Europe	Country	NLD	1	5.331480568	51.86728884	CON_USD	Constant USD			G	Global		[2000-2016]: Net Disbursements | Based on OECD, DAC database, 2019 | Constant 2017 USD million // [2017-2018]: Net Disbursements | Based on OECD, DAC database, 2019 | Provisional. | Constant 2017 USD million	The Organisation for Economic Co-operation and Development (OECD).		C: Country data	5005.31391	5004.25335	4822.04616	4685.77789	4451.72344	5308.43156	5466.38653	5606.62186	5844.38901	5550.84118	5720.58483	5425.98126	5037.25851	4738.65388	4850.02769	5913.62978	5121.3482	4958.45	5246.38794	5246.38794	2018
17	17.2	17.2.1	DC_ODA_TOTL	Net official development assistance (ODA) from OECD-DAC countries, by donor countries (millions of constant 2017 United States dollars)	2019.Q2.G.01	530	Netherlands Antilles	029	Caribbean	Country	ANT	0	-68.30676179	12.22720635																																
17	17.2	17.2.1	DC_ODA_TOTL	Net official development assistance (ODA) from OECD-DAC countries, by donor countries (millions of constant 2017 United States dollars)	2019.Q2.G.01	531	Curaçao	029	Caribbean	Country	CUW	0	-68.95033464	12.15058042																																
17	17.2	17.2.1	DC_ODA_TOTL	Net official development assistance (ODA) from OECD-DAC countries, by donor countries (millions of constant 2017 United States dollars)	2019.Q2.G.01	533	Aruba	029	Caribbean	Country	ABW	0	-69.97050586	12.50878756																																
17	17.2	17.2.1	DC_ODA_TOTL	Net official development assistance (ODA) from OECD-DAC countries, by donor countries (millions of constant 2017 United States dollars)	2019.Q2.G.01	534	Sint Maarten (Dutch part)	029	Caribbean	Country	SXM	0	-63.06198692	18.03926508																																
17	17.2	17.2.1	DC_ODA_TOTL	Net official development assistance (ODA) from OECD-DAC countries, by donor countries (millions of constant 2017 United States dollars)	2019.Q2.G.01	540	New Caledonia	054	Melanesia	Country	NCL	0	165.5067368	-21.41742531																																
17	17.2	17.2.1	DC_ODA_TOTL	Net official development assistance (ODA) from OECD-DAC countries, by donor countries (millions of constant 2017 United States dollars)	2019.Q2.G.01	548	Vanuatu	054	Melanesia	Country	VUT	1	167.0679779	-15.34445547																																
17	17.2	17.2.1	DC_ODA_TOTL	Net official development assistance (ODA) from OECD-DAC countries, by donor countries (millions of constant 2017 United States dollars)	2019.Q2.G.01	554	New Zealand	053	Australia and New Zealand	Country	NZL	1	170.4755673	-43.98721568	CON_USD	Constant USD			G	Global		[2000-2016]: Net Disbursements | Based on OECD, DAC database, 2019 | Constant 2017 USD million // [2017-2018]: Net Disbursements | Based on OECD, DAC database, 2019 | Provisional. | Constant 2017 USD million	The Organisation for Economic Co-operation and Development (OECD).		C: Country data	263.31244	268.79045	264.57736	282.50153	306.53773	363.19963	364.11885	380.95705	423.78205	413.0231	385.38383	423.69283	438.85768	427.53123	457.20518	473.79327	471.62749	449.75	564.89149	564.89149	2018
17	17.2	17.2.1	DC_ODA_TOTL	Net official development assistance (ODA) from OECD-DAC countries, by donor countries (millions of constant 2017 United States dollars)	2019.Q2.G.01	558	Nicaragua	013	Central America	Country	NIC	1	-85.03060315	12.84210839																																
17	17.2	17.2.1	DC_ODA_TOTL	Net official development assistance (ODA) from OECD-DAC countries, by donor countries (millions of constant 2017 United States dollars)	2019.Q2.G.01	562	Niger	011	Western Africa	Country	NER	1	9.400167877	17.42143036																																
17	17.2	17.2.1	DC_ODA_TOTL	Net official development assistance (ODA) from OECD-DAC countries, by donor countries (millions of constant 2017 United States dollars)	2019.Q2.G.01	566	Nigeria	011	Western Africa	Country	NGA	1	8.097363256	9.585789025																																
17	17.2	17.2.1	DC_ODA_TOTL	Net official development assistance (ODA) from OECD-DAC countries, by donor countries (millions of constant 2017 United States dollars)	2019.Q2.G.01	570	Niue	061	Polynesia	Country	NIU	0	-169.8601693	-19.05000475																																
17	17.2	17.2.1	DC_ODA_TOTL	Net official development assistance (ODA) from OECD-DAC countries, by donor countries (millions of constant 2017 United States dollars)	2019.Q2.G.01	574	Norfolk Island	053	Australia and New Zealand	Country	NFK	0	167.9515548	-29.03230018																																
17	17.2	17.2.1	DC_ODA_TOTL	Net official development assistance (ODA) from OECD-DAC countries, by donor countries (millions of constant 2017 United States dollars)	2019.Q2.G.01	578	Norway	154	Northern Europe	Country	NOR	1	11.47846389	61.34311134	CON_USD	Constant USD			G	Global		[2000-2016]: Net Disbursements | Based on OECD, DAC database, 2019 | Constant 2017 USD million // [2017-2018]: Net Disbursements | Based on OECD, DAC database, 2019 | Provisional. | Constant 2017 USD million	The Organisation for Economic Co-operation and Development (OECD).		C: Country data	2239.36845	2399.18203	2731.00588	2836.20621	2743.95316	3064.50666	2957.87646	3324.12812	3145.1535	3718.61472	3619.30788	3419.8383	3431.03421	3971.66895	3867.37415	4283.28798	4621.02086	4124.98	3952.02462	3952.02462	2018
17	17.2	17.2.1	DC_ODA_TOTL	Net official development assistance (ODA) from OECD-DAC countries, by donor countries (millions of constant 2017 United States dollars)	2019.Q2.G.01	580	Northern Mariana Islands	057	Micronesia	Country	MNP	0	145.7582114	15.19099517																																
17	17.2	17.2.1	DC_ODA_TOTL	Net official development assistance (ODA) from OECD-DAC countries, by donor countries (millions of constant 2017 United States dollars)	2019.Q2.G.01	581	United States Minor Outlying Islands	057	Micronesia	Country	UMI	0	-162.4343752	5.874443968																																
17	17.2	17.2.1	DC_ODA_TOTL	Net official development assistance (ODA) from OECD-DAC countries, by donor countries (millions of constant 2017 United States dollars)	2019.Q2.G.01	583	Micronesia (Federated States of)	057	Micronesia	Country	FSM	1	158.225216	6.880670092																																
17	17.2	17.2.1	DC_ODA_TOTL	Net official development assistance (ODA) from OECD-DAC countries, by donor countries (millions of constant 2017 United States dollars)	2019.Q2.G.01	584	Marshall Islands	057	Micronesia	Country	MHL	1	171.0839119	7.110213497																																
17	17.2	17.2.1	DC_ODA_TOTL	Net official development assistance (ODA) from OECD-DAC countries, by donor countries (millions of constant 2017 United States dollars)	2019.Q2.G.01	585	Palau	057	Micronesia	Country	PLW	1	134.5733878	7.502307591																																
17	17.2	17.2.1	DC_ODA_TOTL	Net official development assistance (ODA) from OECD-DAC countries, by donor countries (millions of constant 2017 United States dollars)	2019.Q2.G.01	586	Pakistan	034	Southern Asia	Country	PAK	1	68.80479684	29.36491634																																
17	17.2	17.2.1	DC_ODA_TOTL	Net official development assistance (ODA) from OECD-DAC countries, by donor countries (millions of constant 2017 United States dollars)	2019.Q2.G.01	591	Panama	013	Central America	Country	PAN	1	-81.26616623	8.450965746																																
17	17.2	17.2.1	DC_ODA_TOTL	Net official development assistance (ODA) from OECD-DAC countries, by donor countries (millions of constant 2017 United States dollars)	2019.Q2.G.01	598	Papua New Guinea	054	Melanesia	Country	PNG	1	145.8587761	-6.756057077																																
17	17.2	17.2.1	DC_ODA_TOTL	Net official development assistance (ODA) from OECD-DAC countries, by donor countries (millions of constant 2017 United States dollars)	2019.Q2.G.01	600	Paraguay	005	South America	Country	PRY	1	-60.54854225	-21.70216237																																
17	17.2	17.2.1	DC_ODA_TOTL	Net official development assistance (ODA) from OECD-DAC countries, by donor countries (millions of constant 2017 United States dollars)	2019.Q2.G.01	604	Peru	005	South America	Country	PER	1	-71.82093277	-13.58939705																																
17	17.2	17.2.1	DC_ODA_TOTL	Net official development assistance (ODA) from OECD-DAC countries, by donor countries (millions of constant 2017 United States dollars)	2019.Q2.G.01	608	Philippines	035	South-Eastern Asia	Country	PHL	1	120.8601418	14.16591706																																
17	17.2	17.2.1	DC_ODA_TOTL	Net official development assistance (ODA) from OECD-DAC countries, by donor countries (millions of constant 2017 United States dollars)	2019.Q2.G.01	612	Pitcairn	061	Polynesia	Country	PCN	0	-128.3225873	-24.37538456																																
17	17.2	17.2.1	DC_ODA_TOTL	Net official development assistance (ODA) from OECD-DAC countries, by donor countries (millions of constant 2017 United States dollars)	2019.Q2.G.01	616	Poland	151	Eastern Europe	Country	POL	1	19.40660158	52.1226733	CON_USD	Constant USD			G	Global		[2000-2016]: Net Disbursements | Based on OECD, DAC database, 2019 | Constant 2017 USD million // [2017-2018]: Net Disbursements | Based on OECD, DAC database, 2019 | Provisional. | Constant 2017 USD million	The Organisation for Economic Co-operation and Development (OECD).		C: Country data	48.27563	54.18161	21.18891	38.12616	147.73755	222.35593	306.97838	319.33601	278.95011	344.10588	330.6821	347.86759	376.33112	421.80624	388.65874	449.82664	705.39978	679.46	716.05999	716.05999	2018
17	17.2	17.2.1	DC_ODA_TOTL	Net official development assistance (ODA) from OECD-DAC countries, by donor countries (millions of constant 2017 United States dollars)	2019.Q2.G.01	620	Portugal	039	Southern Europe	Country	PRT	1	-7.961599811	39.68509315	CON_USD	Constant USD			G	Global		[2000-2016]: Net Disbursements | Based on OECD, DAC database, 2019 | Constant 2017 USD million // [2017-2018]: Net Disbursements | Based on OECD, DAC database, 2019 | Provisional. | Constant 2017 USD million	The Organisation for Economic Co-operation and Development (OECD).		C: Country data	464.5923	457.27263	501.06599	400.32783	1146.9778	405.85154	409.32008	432.6704	531.95683	450.57939	595.80251	620.70076	553.13491	440.26983	385.26278	323.36383	355.05047	380.74	321.52923	321.52923	2018
17	17.2	17.2.1	DC_ODA_TOTL	Net official development assistance (ODA) from OECD-DAC countries, by donor countries (millions of constant 2017 United States dollars)	2019.Q2.G.01	624	Guinea-Bissau	011	Western Africa	Country	GNB	1	-14.40182514	12.11760394																																
17	17.2	17.2.1	DC_ODA_TOTL	Net official development assistance (ODA) from OECD-DAC countries, by donor countries (millions of constant 2017 United States dollars)	2019.Q2.G.01	626	Timor-Leste	035	South-Eastern Asia	Country	TLS	1	125.9451052	-8.797497247																																
17	17.2	17.2.1	DC_ODA_TOTL	Net official development assistance (ODA) from OECD-DAC countries, by donor countries (millions of constant 2017 United States dollars)	2019.Q2.G.01	630	Puerto Rico	029	Caribbean	Country	PRI	0	-66.47591017	18.22753799																																
17	17.2	17.2.1	DC_ODA_TOTL	Net official development assistance (ODA) from OECD-DAC countries, by donor countries (millions of constant 2017 United States dollars)	2019.Q2.G.01	634	Qatar	145	Western Asia	Country	QAT	1	51.19152467	25.28355379																																
17	17.2	17.2.1	DC_ODA_TOTL	Net official development assistance (ODA) from OECD-DAC countries, by donor countries (millions of constant 2017 United States dollars)	2019.Q2.G.01	638	Réunion	014	Eastern Africa	Country	REU	0	55.53171398	-21.13183266																																
17	17.2	17.2.1	DC_ODA_TOTL	Net official development assistance (ODA) from OECD-DAC countries, by donor countries (millions of constant 2017 United States dollars)	2019.Q2.G.01	642	Romania	151	Eastern Europe	Country	ROU	1	24.98481009	45.83893563																																
17	17.2	17.2.1	DC_ODA_TOTL	Net official development assistance (ODA) from OECD-DAC countries, by donor countries (millions of constant 2017 United States dollars)	2019.Q2.G.01	643	Russian Federation	151	Eastern Europe	Country	RUS	1	99.01404926	61.61899849																																
17	17.2	17.2.1	DC_ODA_TOTL	Net official development assistance (ODA) from OECD-DAC countries, by donor countries (millions of constant 2017 United States dollars)	2019.Q2.G.01	646	Rwanda	014	Eastern Africa	Country	RWA	1	29.92310194	-1.999842114																																
17	17.2	17.2.1	DC_ODA_TOTL	Net official development assistance (ODA) from OECD-DAC countries, by donor countries (millions of constant 2017 United States dollars)	2019.Q2.G.01	652	Saint Barthélemy	029	Caribbean	Country	BLM	0	-62.83173536	17.89513362																																
17	17.2	17.2.1	DC_ODA_TOTL	Net official development assistance (ODA) from OECD-DAC countries, by donor countries (millions of constant 2017 United States dollars)	2019.Q2.G.01	654	Saint Helena	011	Western Africa	Country	SHN	0	-5.705752501	-15.96503946																																
17	17.2	17.2.1	DC_ODA_TOTL	Net official development assistance (ODA) from OECD-DAC countries, by donor countries (millions of constant 2017 United States dollars)	2019.Q2.G.01	659	Saint Kitts and Nevis	029	Caribbean	Country	KNA	1	-62.76628613	17.33994219																																
17	17.2	17.2.1	DC_ODA_TOTL	Net official development assistance (ODA) from OECD-DAC countries, by donor countries (millions of constant 2017 United States dollars)	2019.Q2.G.01	660	Anguilla	029	Caribbean	Country	AIA	0	-63.05651612	18.21525315																																
17	17.2	17.2.1	DC_ODA_TOTL	Net official development assistance (ODA) from OECD-DAC countries, by donor countries (millions of constant 2017 United States dollars)	2019.Q2.G.01	662	Saint Lucia	029	Caribbean	Country	LCA	1	-60.96529553	13.89405601																																
17	17.2	17.2.1	DC_ODA_TOTL	Net official development assistance (ODA) from OECD-DAC countries, by donor countries (millions of constant 2017 United States dollars)	2019.Q2.G.01	663	Saint Martin (French Part)	029	Caribbean	Country	MAF	0	-63.04505461	18.0882685																																
17	17.2	17.2.1	DC_ODA_TOTL	Net official development assistance (ODA) from OECD-DAC countries, by donor countries (millions of constant 2017 United States dollars)	2019.Q2.G.01	666	Saint Pierre and Miquelon	021	Northern America	Country	SPM	0	-56.33682442	46.85812735																																
17	17.2	17.2.1	DC_ODA_TOTL	Net official development assistance (ODA) from OECD-DAC countries, by donor countries (millions of constant 2017 United States dollars)	2019.Q2.G.01	670	Saint Vincent and the Grenadines	029	Caribbean	Country	VCT	1	-61.19024321	13.24627968																																
17	17.2	17.2.1	DC_ODA_TOTL	Net official development assistance (ODA) from OECD-DAC countries, by donor countries (millions of constant 2017 United States dollars)	2019.Q2.G.01	674	San Marino	039	Southern Europe	Country	SMR	1	12.46329038	43.93841766																																
17	17.2	17.2.1	DC_ODA_TOTL	Net official development assistance (ODA) from OECD-DAC countries, by donor countries (millions of constant 2017 United States dollars)	2019.Q2.G.01	678	Sao Tome and Principe	017	Middle Africa	Country	STP	1	6.609772265	0.241554875																																
17	17.2	17.2.1	DC_ODA_TOTL	Net official development assistance (ODA) from OECD-DAC countries, by donor countries (millions of constant 2017 United States dollars)	2019.Q2.G.01	682	Saudi Arabia	145	Western Asia	Country	SAU	1	44.54763347	24.12594211																																
17	17.2	17.2.1	DC_ODA_TOTL	Net official development assistance (ODA) from OECD-DAC countries, by donor countries (millions of constant 2017 United States dollars)	2019.Q2.G.01	686	Senegal	011	Western Africa	Country	SEN	1	-14.46636926	14.35920905																																
17	17.2	17.2.1	DC_ODA_TOTL	Net official development assistance (ODA) from OECD-DAC countries, by donor countries (millions of constant 2017 United States dollars)	2019.Q2.G.01	688	Serbia	039	Southern Europe	Country	SRB	1	20.805876	44.03145697																																
17	17.2	17.2.1	DC_ODA_TOTL	Net official development assistance (ODA) from OECD-DAC countries, by donor countries (millions of constant 2017 United States dollars)	2019.Q2.G.01	690	Seychelles	014	Eastern Africa	Country	SYC	1	55.46561591	-4.678053059																																
17	17.2	17.2.1	DC_ODA_TOTL	Net official development assistance (ODA) from OECD-DAC countries, by donor countries (millions of constant 2017 United States dollars)	2019.Q2.G.01	694	Sierra Leone	011	Western Africa	Country	SLE	1	-11.78306584	8.568604164																																
17	17.2	17.2.1	DC_ODA_TOTL	Net official development assistance (ODA) from OECD-DAC countries, by donor countries (millions of constant 2017 United States dollars)	2019.Q2.G.01	702	Singapore	035	South-Eastern Asia	Country	SGP	1	103.8107883	1.361009155																																
17	17.2	17.2.1	DC_ODA_TOTL	Net official development assistance (ODA) from OECD-DAC countries, by donor countries (millions of constant 2017 United States dollars)	2019.Q2.G.01	703	Slovakia	151	Eastern Europe	Country	SVK	1	19.48495604	48.70741446	CON_USD	Constant USD			G	Global		[2000-2016]: Net Disbursements | Based on OECD, DAC database, 2019 | Constant 2017 USD million // [2017-2018]: Net Disbursements | Based on OECD, DAC database, 2019 | Provisional. | Constant 2017 USD million	The Organisation for Economic Co-operation and Development (OECD).		C: Country data	13.97505	19.63571	14.28943	24.82699	38.49792	72.96255	65.67486	65.93627	76.92637	63.77867	65.2364	71.34578	70.59967	73.42405	71.17008	86.99864	109.44579	119.2	124.41759	124.41759	2018
17	17.2	17.2.1	DC_ODA_TOTL	Net official development assistance (ODA) from OECD-DAC countries, by donor countries (millions of constant 2017 United States dollars)	2019.Q2.G.01	704	Viet Nam	035	South-Eastern Asia	Country	VNM	1	105.802499	10.09643079																																
17	17.2	17.2.1	DC_ODA_TOTL	Net official development assistance (ODA) from OECD-DAC countries, by donor countries (millions of constant 2017 United States dollars)	2019.Q2.G.01	705	Slovenia	039	Southern Europe	Country	SVN	1	14.82209486	46.11958061	CON_USD	Constant USD			G	Global		[2005-2016]: Net Disbursements | Based on OECD, DAC database, 2019 | Constant 2017 USD million // [2017-2018]: Net Disbursements | Based on OECD, DAC database, 2019 | Provisional. | Constant 2017 USD million	The Organisation for Economic Co-operation and Development (OECD).		C: Country data						38.49898	47.3769	51.28933	58.15529	61.41811	53.64638	54.13312	54.27968	54.4638	54.06386	65.83153	84.19365	75.79	77.93763	77.93763	2018
17	17.2	17.2.1	DC_ODA_TOTL	Net official development assistance (ODA) from OECD-DAC countries, by donor countries (millions of constant 2017 United States dollars)	2019.Q2.G.01	706	Somalia	014	Eastern Africa	Country	SOM	1	46.20367477	4.406485729																																
17	17.2	17.2.1	DC_ODA_TOTL	Net official development assistance (ODA) from OECD-DAC countries, by donor countries (millions of constant 2017 United States dollars)	2019.Q2.G.01	710	South Africa	018	Southern Africa	Country	ZAF	1	24.67184355	-29.99957544																																
17	17.2	17.2.1	DC_ODA_TOTL	Net official development assistance (ODA) from OECD-DAC countries, by donor countries (millions of constant 2017 United States dollars)	2019.Q2.G.01	716	Zimbabwe	014	Eastern Africa	Country	ZWE	1	29.86909584	-19.00075492																																
17	17.2	17.2.1	DC_ODA_TOTL	Net official development assistance (ODA) from OECD-DAC countries, by donor countries (millions of constant 2017 United States dollars)	2019.Q2.G.01	724	Spain	039	Southern Europe	Country	ESP	1	-3.554078296	40.39211472	CON_USD	Constant USD			G	Global		[2000-2016]: Net Disbursements | Based on OECD, DAC database, 2019 | Constant 2017 USD million // [2017-2018]: Net Disbursements | Based on OECD, DAC database, 2019 | Provisional. | Constant 2017 USD million	The Organisation for Economic Co-operation and Development (OECD).		C: Country data	2008.25104	2886.67664	2597.04294	2387.80424	2596.34244	3086.39864	3713.68631	4441.22229	5513.61844	5461.93149	5180.74973	3460.60342	1826.36804	2030.67007	1627.36661	1441.18831	4358.80571	2560.3	2442.39286	2442.39286	2018
17	17.2	17.2.1	DC_ODA_TOTL	Net official development assistance (ODA) from OECD-DAC countries, by donor countries (millions of constant 2017 United States dollars)	2019.Q2.G.01	728	South Sudan	014	Eastern Africa	Country	SSD	1	30.32618773	7.290839152																																
17	17.2	17.2.1	DC_ODA_TOTL	Net official development assistance (ODA) from OECD-DAC countries, by donor countries (millions of constant 2017 United States dollars)	2019.Q2.G.01	729	Sudan	015	Northern Africa	Country	SDN	0	29.95650159	16.02643066																																
17	17.2	17.2.1	DC_ODA_TOTL	Net official development assistance (ODA) from OECD-DAC countries, by donor countries (millions of constant 2017 United States dollars)	2019.Q2.G.01	732	Western Sahara	015	Northern Africa	Country	ESH	0	-13.13515523	24.66265342																																
17	17.2	17.2.1	DC_ODA_TOTL	Net official development assistance (ODA) from OECD-DAC countries, by donor countries (millions of constant 2017 United States dollars)	2019.Q2.G.01	740	Suriname	005	South America	Country	SUR	1	-55.90626394	4.132603197																																
17	17.2	17.2.1	DC_ODA_TOTL	Net official development assistance (ODA) from OECD-DAC countries, by donor countries (millions of constant 2017 United States dollars)	2019.Q2.G.01	744	Svalbard and Jan Mayen Islands	154	Northern Europe	Country	SJM	0	13.38071013	78.82894131																																
17	17.2	17.2.1	DC_ODA_TOTL	Net official development assistance (ODA) from OECD-DAC countries, by donor countries (millions of constant 2017 United States dollars)	2019.Q2.G.01	748	Eswatini	018	Southern Africa	Country	SWZ	1	31.50149288	-26.56471011																																
17	17.2	17.2.1	DC_ODA_TOTL	Net official development assistance (ODA) from OECD-DAC countries, by donor countries (millions of constant 2017 United States dollars)	2019.Q2.G.01	752	Sweden	154	Northern Europe	Country	SWE	1	14.3775338	60.60103109	CON_USD	Constant USD			G	Global		[2000-2016]: Net Disbursements | Based on OECD, DAC database, 2019 | Constant 2017 USD million // [2017-2018]: Net Disbursements | Based on OECD, DAC database, 2019 | Provisional. | Constant 2017 USD million	The Organisation for Economic Co-operation and Development (OECD).		C: Country data	2582.07524	2633.43792	2943.42726	2868.90442	2942.39958	3667.25273	4183.57793	4090.73425	4266.83175	4576.09227	4259.61759	4688.2723	4528.87928	4795.39065	5309.31723	7266.84494	5006.6827	5563.25	5811.66232	5811.66232	2018
17	17.2	17.2.1	DC_ODA_TOTL	Net official development assistance (ODA) from OECD-DAC countries, by donor countries (millions of constant 2017 United States dollars)	2019.Q2.G.01	756	Switzerland	155	Western Europe	Country	CHE	1	8.223158	46.96617097	CON_USD	Constant USD			G	Global		[2000-2016]: Net Disbursements | Based on OECD, DAC database, 2019 | Constant 2017 USD million // [2017-2018]: Net Disbursements | Based on OECD, DAC database, 2019 | Provisional. | Constant 2017 USD million	The Organisation for Economic Co-operation and Development (OECD).		C: Country data	1651.94076	1667.17665	1594.67905	1885.69933	2066.22216	2356.08863	2157.82454	2063.7792	2238.64784	2496.40744	2383.89302	2681.6389	2840.7244	2942.84093	3218.49084	3413.16336	3568.53834	3138.06	3048.10534	3048.10534	2018
17	17.2	17.2.1	DC_ODA_TOTL	Net official development assistance (ODA) from OECD-DAC countries, by donor countries (millions of constant 2017 United States dollars)	2019.Q2.G.01	760	Syrian Arab Republic	145	Western Asia	Country	SYR	1	38.50466565	35.01676176																																
17	17.2	17.2.1	DC_ODA_TOTL	Net official development assistance (ODA) from OECD-DAC countries, by donor countries (millions of constant 2017 United States dollars)	2019.Q2.G.01	762	Tajikistan	143	Central Asia	Country	TJK	1	69.294998	38.43069666																																
17	17.2	17.2.1	DC_ODA_TOTL	Net official development assistance (ODA) from OECD-DAC countries, by donor countries (millions of constant 2017 United States dollars)	2019.Q2.G.01	764	Thailand	035	South-Eastern Asia	Country	THA	1	101.0202951	15.13089239																																
17	17.2	17.2.1	DC_ODA_TOTL	Net official development assistance (ODA) from OECD-DAC countries, by donor countries (millions of constant 2017 United States dollars)	2019.Q2.G.01	768	Togo	011	Western Africa	Country	TGO	1	0.97835765	8.532096072																																
17	17.2	17.2.1	DC_ODA_TOTL	Net official development assistance (ODA) from OECD-DAC countries, by donor countries (millions of constant 2017 United States dollars)	2019.Q2.G.01	772	Tokelau	061	Polynesia	Country	TKL	0	-171.8154473	-9.214545558																																
17	17.2	17.2.1	DC_ODA_TOTL	Net official development assistance (ODA) from OECD-DAC countries, by donor countries (millions of constant 2017 United States dollars)	2019.Q2.G.01	776	Tonga	061	Polynesia	Country	TON	1	-175.1959991	-21.19511329																																
17	17.2	17.2.1	DC_ODA_TOTL	Net official development assistance (ODA) from OECD-DAC countries, by donor countries (millions of constant 2017 United States dollars)	2019.Q2.G.01	780	Trinidad and Tobago	029	Caribbean	Country	TTO	1	-61.29389504	10.41877263																																
17	17.2	17.2.1	DC_ODA_TOTL	Net official development assistance (ODA) from OECD-DAC countries, by donor countries (millions of constant 2017 United States dollars)	2019.Q2.G.01	784	United Arab Emirates	145	Western Asia	Country	ARE	1	53.98279159	23.43322219																																
17	17.2	17.2.1	DC_ODA_TOTL	Net official development assistance (ODA) from OECD-DAC countries, by donor countries (millions of constant 2017 United States dollars)	2019.Q2.G.01	788	Tunisia	015	Northern Africa	Country	TUN	1	9.572737411	34.11439971																																
17	17.2	17.2.1	DC_ODA_TOTL	Net official development assistance (ODA) from OECD-DAC countries, by donor countries (millions of constant 2017 United States dollars)	2019.Q2.G.01	792	Turkey	145	Western Asia	Country	TUR	1	35.42890329	38.9899684																																
17	17.2	17.2.1	DC_ODA_TOTL	Net official development assistance (ODA) from OECD-DAC countries, by donor countries (millions of constant 2017 United States dollars)	2019.Q2.G.01	795	Turkmenistan	143	Central Asia	Country	TKM	1	58.9787665	40.0912346																																
17	17.2	17.2.1	DC_ODA_TOTL	Net official development assistance (ODA) from OECD-DAC countries, by donor countries (millions of constant 2017 United States dollars)	2019.Q2.G.01	796	Turks and Caicos Islands	029	Caribbean	Country	TCA	0	-71.745121	21.80780585																																
17	17.2	17.2.1	DC_ODA_TOTL	Net official development assistance (ODA) from OECD-DAC countries, by donor countries (millions of constant 2017 United States dollars)	2019.Q2.G.01	798	Tuvalu	061	Polynesia	Country	TUV	1	178.6679611	-7.460048071																																
17	17.2	17.2.1	DC_ODA_TOTL	Net official development assistance (ODA) from OECD-DAC countries, by donor countries (millions of constant 2017 United States dollars)	2019.Q2.G.01	800	Uganda	014	Eastern Africa	Country	UGA	1	32.39100438	1.279557331																																
17	17.2	17.2.1	DC_ODA_TOTL	Net official development assistance (ODA) from OECD-DAC countries, by donor countries (millions of constant 2017 United States dollars)	2019.Q2.G.01	804	Ukraine	151	Eastern Europe	Country	UKR	1	31.40270802	49.00735945																																
17	17.2	17.2.1	DC_ODA_TOTL	Net official development assistance (ODA) from OECD-DAC countries, by donor countries (millions of constant 2017 United States dollars)	2019.Q2.G.01	807	North Macedonia	039	Southern Europe	Country	MKD	1	21.7007909	41.60048068																																
17	17.2	17.2.1	DC_ODA_TOTL	Net official development assistance (ODA) from OECD-DAC countries, by donor countries (millions of constant 2017 United States dollars)	2019.Q2.G.01	818	Egypt	015	Northern Africa	Country	EGY	1	29.77468534	26.57438204																																
17	17.2	17.2.1	DC_ODA_TOTL	Net official development assistance (ODA) from OECD-DAC countries, by donor countries (millions of constant 2017 United States dollars)	2019.Q2.G.01	826	United Kingdom of Great Britain and Northern Ireland	154	Northern Europe	Country	GBR	1	-2.23830539	53.27691757	CON_USD	Constant USD			G	Global		[2000-2016]: Net Disbursements | Based on OECD, DAC database, 2019 | Constant 2017 USD million // [2017-2018]: Net Disbursements | Based on OECD, DAC database, 2019 | Provisional. | Constant 2017 USD million	The Organisation for Economic Co-operation and Development (OECD).		C: Country data	5332.27558	5639.06172	5718.5468	6518.34891	7155.81893	9585.19987	10639.6268	7542.19918	9471.54678	10592.17496	12206.95753	12227.66182	12232.42064	15656.88675	15757.00388	16281.84221	17574.71503	18103.4	18428.92731	18428.92731	2018
17	17.2	17.2.1	DC_ODA_TOTL	Net official development assistance (ODA) from OECD-DAC countries, by donor countries (millions of constant 2017 United States dollars)	2019.Q2.G.01	831	Guernsey	830	Channel Islands	Country	GGY	0	-2.200712402	49.71561166																																
17	17.2	17.2.1	DC_ODA_TOTL	Net official development assistance (ODA) from OECD-DAC countries, by donor countries (millions of constant 2017 United States dollars)	2019.Q2.G.01	832	Jersey	830	Channel Islands	Country	JEY	0	-2.136773508	49.22353354																																
17	17.2	17.2.1	DC_ODA_TOTL	Net official development assistance (ODA) from OECD-DAC countries, by donor countries (millions of constant 2017 United States dollars)	2019.Q2.G.01	833	Isle of Man	154	Northern Europe	Country	IMN	0	-4.538190305	54.22880901																																
17	17.2	17.2.1	DC_ODA_TOTL	Net official development assistance (ODA) from OECD-DAC countries, by donor countries (millions of constant 2017 United States dollars)	2019.Q2.G.01	834	United Republic of Tanzania	014	Eastern Africa	Country	TZA	1	34.80521182	-6.265332606																																
17	17.2	17.2.1	DC_ODA_TOTL	Net official development assistance (ODA) from OECD-DAC countries, by donor countries (millions of constant 2017 United States dollars)	2019.Q2.G.01	840	United States of America	021	Northern America	Country	USA	1	-99.13830311	39.5277871	CON_USD	Constant USD			G	Global		[2000-2016]: Net Disbursements | Based on OECD, DAC database, 2019 | Constant 2017 USD million // [2017-2018]: Net Disbursements | Based on OECD, DAC database, 2019 | Provisional. | Constant 2017 USD million	The Organisation for Economic Co-operation and Development (OECD).		C: Country data	13763.4035	15462.79462	17700.19501	21338.64054	25089.75214	34494.12016	28204.22214	25429.37374	30267.89872	32759.7284	33309.02801	34068.54484	33088.68499	33169.68616	34457.93146	31919.78256	35075.24557	34731.98	32999.80368	32999.80368	2018
17	17.2	17.2.1	DC_ODA_TOTL	Net official development assistance (ODA) from OECD-DAC countries, by donor countries (millions of constant 2017 United States dollars)	2019.Q2.G.01	850	United States Virgin Islands	029	Caribbean	Country	VIR	0	-64.76960113	17.73297693																																
17	17.2	17.2.1	DC_ODA_TOTL	Net official development assistance (ODA) from OECD-DAC countries, by donor countries (millions of constant 2017 United States dollars)	2019.Q2.G.01	854	Burkina Faso	011	Western Africa	Country	BFA	1	-1.742843829	12.27491081																																
17	17.2	17.2.1	DC_ODA_TOTL	Net official development assistance (ODA) from OECD-DAC countries, by donor countries (millions of constant 2017 United States dollars)	2019.Q2.G.01	858	Uruguay	005	South America	Country	URY	1	-56.01387025	-32.8002838																																
17	17.2	17.2.1	DC_ODA_TOTL	Net official development assistance (ODA) from OECD-DAC countries, by donor countries (millions of constant 2017 United States dollars)	2019.Q2.G.01	860	Uzbekistan	143	Central Asia	Country	UZB	1	63.11944558	41.77560518																																
17	17.2	17.2.1	DC_ODA_TOTL	Net official development assistance (ODA) from OECD-DAC countries, by donor countries (millions of constant 2017 United States dollars)	2019.Q2.G.01	862	Venezuela (Bolivarian Republic of)	005	South America	Country	VEN	1	-66.15642084	7.121324748																																
17	17.2	17.2.1	DC_ODA_TOTL	Net official development assistance (ODA) from OECD-DAC countries, by donor countries (millions of constant 2017 United States dollars)	2019.Q2.G.01	876	Wallis and Futuna Islands	061	Polynesia	Country	WLF	0	-176.2034788	-13.28471201																																
17	17.2	17.2.1	DC_ODA_TOTL	Net official development assistance (ODA) from OECD-DAC countries, by donor countries (millions of constant 2017 United States dollars)	2019.Q2.G.01	882	Samoa	061	Polynesia	Country	WSM	1	-172.4430749	-13.61541469																																
17	17.2	17.2.1	DC_ODA_TOTL	Net official development assistance (ODA) from OECD-DAC countries, by donor countries (millions of constant 2017 United States dollars)	2019.Q2.G.01	887	Yemen	145	Western Asia	Country	YEM	1	45.22389143	15.22242099																																
17	17.2	17.2.1	DC_ODA_TOTL	Net official development assistance (ODA) from OECD-DAC countries, by donor countries (millions of constant 2017 United States dollars)	2019.Q2.G.01	894	Zambia	014	Eastern Africa	Country	ZMB	1	27.850329	-14.59701056																																
